POID,OrderDate,ExpectedReceiptDate,ActualReceiptDate,SKU,SupplierID,OrderedQty,ReceivedQty,UnitCostTRY,POValueTRY,PlannedLeadTimeDays,ActualLeadTimeDays,OnTimeFlag,Status
PO-000001,2023-02-20,2023-02-27,2023-02-27,DRE-001,SUP-004,568,564.0,1126.95,640107.6,7,7,True,Received
PO-000002,2023-04-17,2023-04-24,2023-04-24,DRE-001,SUP-004,608,607.0,1126.95,685185.6,7,7,True,Received
PO-000003,2023-06-05,2023-06-12,2023-06-12,DRE-001,SUP-004,568,553.0,1126.95,640107.6,7,7,True,Received
PO-000004,2023-07-10,2023-07-17,2023-07-17,DRE-001,SUP-004,600,591.0,1126.95,676170.0,7,7,True,Received
PO-000005,2023-08-21,2023-08-28,2023-08-28,DRE-001,SUP-004,624,620.0,1126.95,703216.8,7,7,True,Received
PO-000006,2023-10-09,2023-10-16,2023-10-16,DRE-001,SUP-004,592,578.0,1126.95,667154.4,7,7,True,Received
PO-000007,2023-12-04,2023-12-11,2023-12-18,DRE-001,SUP-004,568,553.0,1126.95,640107.6,7,14,False,Received
PO-000008,2024-02-05,2024-02-12,2024-02-19,DRE-001,SUP-004,560,558.0,1126.95,631092.0,7,14,False,Received
PO-000009,2024-04-08,2024-04-15,2024-04-08,DRE-001,SUP-004,592,0.0,1126.95,667154.4,7,0,True,Received
PO-000010,2023-01-16,2023-02-20,2023-02-20,DRE-002,SUP-005,440,431.0,1243.9,547316.0,35,35,True,Received
PO-000011,2023-03-20,2023-04-24,2023-04-24,DRE-002,SUP-005,432,427.0,1243.9,537364.8,35,35,True,Received
PO-000012,2023-05-15,2023-06-19,2023-06-19,DRE-002,SUP-005,472,471.0,1243.9,587120.8,35,35,True,Received
PO-000013,2023-07-03,2023-08-07,2023-08-07,DRE-002,SUP-005,512,502.0,1243.9,636876.8,35,35,True,Received
PO-000014,2023-08-21,2023-09-25,2023-09-25,DRE-002,SUP-005,480,475.0,1243.9,597072.0,35,35,True,Received
PO-000015,2023-10-09,2023-11-13,2023-11-13,DRE-002,SUP-005,480,467.0,1243.9,597072.0,35,35,True,Received
PO-000016,2023-11-27,2024-01-01,2024-01-01,DRE-002,SUP-005,464,458.0,1243.9,577169.6,35,35,True,Received
PO-000017,2024-02-05,2024-03-11,2024-03-11,DRE-002,SUP-005,448,444.0,1243.9,557267.2,35,35,True,Received
PO-000018,2024-04-08,2024-05-13,2024-05-13,DRE-002,SUP-005,504,503.0,1243.9,626925.6,35,35,True,Received
PO-000019,2024-05-27,2024-07-01,2024-07-08,DRE-002,SUP-005,480,475.0,1243.9,597072.0,35,42,False,Received
PO-000020,2024-07-22,2024-08-26,2024-08-26,DRE-002,SUP-005,536,531.0,1243.9,666730.4,35,35,True,Received
PO-000021,2024-09-09,2024-10-14,2024-10-14,DRE-002,SUP-005,456,443.0,1243.9,567218.4,35,35,True,Received
PO-000022,2024-10-28,2024-12-02,2024-12-02,DRE-002,SUP-005,456,451.0,1243.9,567218.4,35,35,True,Received
PO-000023,2024-12-16,2025-01-20,2025-01-20,DRE-002,SUP-005,480,475.0,1243.9,597072.0,35,35,True,Received
PO-000024,2025-02-17,2025-03-24,2025-03-24,DRE-002,SUP-005,472,459.0,1243.9,587120.8,35,35,True,Received
PO-000025,2025-03-31,2025-05-05,2025-05-05,DRE-002,SUP-005,432,427.0,1243.9,537364.8,35,35,True,Received
PO-000026,2025-05-12,2025-06-16,2025-06-16,DRE-002,SUP-005,440,428.0,1243.9,547316.0,35,35,True,Received
PO-000027,2025-06-23,2025-07-28,2025-08-04,DRE-002,SUP-005,520,513.0,1243.9,646828.0,35,42,False,Received
PO-000028,2025-08-18,2025-09-22,2025-09-15,DRE-002,SUP-005,472,469.0,1243.9,587120.8,35,28,True,Received
PO-000029,2025-09-29,2025-11-03,2025-11-03,DRE-002,SUP-005,496,487.0,1243.9,616974.4,35,35,True,Received
PO-000030,2025-11-17,2025-12-22,2025-12-22,DRE-002,SUP-005,512,503.0,1243.9,636876.8,35,35,True,Received
PO-000031,2023-03-06,2023-03-27,2023-03-27,DRE-003,SUP-006,412,409.0,987.19,406722.28,21,21,True,Received
PO-000032,2023-05-01,2023-05-22,2023-05-22,DRE-003,SUP-006,400,397.0,987.19,394876.0,21,21,True,Received
PO-000033,2023-06-19,2023-07-10,2023-07-10,DRE-003,SUP-006,412,405.0,987.19,406722.28,21,21,True,Received
PO-000034,2023-07-24,2023-08-14,2023-08-14,DRE-003,SUP-006,408,406.0,987.19,402773.52,21,21,True,Received
PO-000035,2023-09-11,2023-10-02,2023-10-02,DRE-003,SUP-006,400,389.0,987.19,394876.0,21,21,True,Received
PO-000036,2023-11-06,2023-11-27,2023-11-27,DRE-003,SUP-006,428,424.0,987.19,422517.32,21,21,True,Received
PO-000037,2023-12-18,2024-01-08,2024-01-08,DRE-003,SUP-006,392,387.0,987.19,386978.48,21,21,True,Received
PO-000038,2024-02-26,2024-03-18,2024-03-18,DRE-003,SUP-006,424,414.0,987.19,418568.56,21,21,True,Received
PO-000039,2024-04-22,2024-05-13,2024-05-13,DRE-003,SUP-006,416,407.0,987.19,410671.04,21,21,True,Received
PO-000040,2024-06-10,2024-07-01,2024-07-01,DRE-003,SUP-006,468,460.0,987.19,462004.92,21,21,True,Received
PO-000041,2024-07-22,2024-08-12,2024-08-12,DRE-003,SUP-006,444,441.0,987.19,438312.36,21,21,True,Received
PO-000042,2024-09-09,2024-09-30,2024-09-30,DRE-003,SUP-006,424,422.0,987.19,418568.56,21,21,True,Received
PO-000043,2024-10-28,2024-11-18,2024-11-18,DRE-003,SUP-006,408,404.0,987.19,402773.52,21,21,True,Received
PO-000044,2024-12-23,2025-01-13,2025-01-13,DRE-003,SUP-006,440,427.0,987.19,434363.6,21,21,True,Received
PO-000045,2025-02-17,2025-03-10,2025-03-10,DRE-003,SUP-006,412,409.0,987.19,406722.28,21,21,True,Received
PO-000046,2025-04-07,2025-04-28,2025-04-28,DRE-003,SUP-006,420,419.0,987.19,414619.8,21,21,True,Received
PO-000047,2025-05-26,2025-06-16,2025-06-16,DRE-003,SUP-006,480,470.0,987.19,473851.2,21,21,True,Received
PO-000048,2025-07-07,2025-07-28,2025-07-28,DRE-003,SUP-006,432,430.0,987.19,426466.08,21,21,True,Received
PO-000049,2025-08-18,2025-09-08,2025-09-08,DRE-003,SUP-006,432,420.0,987.19,426466.08,21,21,True,Received
PO-000050,2025-09-29,2025-10-20,2025-10-20,DRE-003,SUP-006,416,407.0,987.19,410671.04,21,21,True,Received
PO-000051,2025-11-17,2025-12-08,2025-12-08,DRE-003,SUP-006,452,444.0,987.19,446209.88,21,21,True,Received
PO-000052,2023-02-27,2023-03-27,2023-03-27,DRE-004,SUP-007,636,633.0,1353.59,860883.24,28,28,True,Received
PO-000053,2023-04-24,2023-05-22,2023-05-22,DRE-004,SUP-007,660,650.0,1353.59,893369.4,28,28,True,Received
PO-000054,2023-06-12,2023-07-10,2023-07-10,DRE-004,SUP-007,696,685.0,1353.59,942098.64,28,28,True,Received
PO-000055,2023-07-24,2023-08-21,2023-08-21,DRE-004,SUP-007,612,603.0,1353.59,828397.08,28,28,True,Received
PO-000056,2023-09-04,2023-10-02,2023-10-02,DRE-004,SUP-007,672,661.0,1353.59,909612.48,28,28,True,Received
PO-000057,2023-10-30,2023-11-27,2023-11-27,DRE-004,SUP-007,624,617.0,1353.59,844640.16,28,28,True,Received
PO-000058,2023-12-25,2024-01-22,2024-01-22,DRE-004,SUP-007,672,669.0,1353.59,909612.48,28,28,True,Received
PO-000059,2024-03-04,2024-04-01,2024-04-01,DRE-004,SUP-007,600,590.0,1353.59,812154.0,28,28,True,Received
PO-000060,2024-04-29,2024-05-27,2024-05-27,DRE-004,SUP-007,636,621.0,1353.59,860883.24,28,28,True,Received
PO-000061,2024-06-10,2024-07-08,2024-07-08,DRE-004,SUP-007,720,700.0,1353.59,974584.8,28,28,True,Received
PO-000062,2024-07-22,2024-08-19,2024-08-19,DRE-004,SUP-007,636,628.0,1353.59,860883.24,28,28,True,Received
PO-000063,2024-09-09,2024-10-07,2024-10-07,DRE-004,SUP-007,708,695.0,1353.59,958341.72,28,28,True,Received
PO-000064,2024-10-28,2024-11-25,2024-11-25,DRE-004,SUP-007,612,608.0,1353.59,828397.08,28,28,True,Received
PO-000065,2024-12-23,2025-01-20,2025-01-27,DRE-004,SUP-007,636,624.0,1353.59,860883.24,28,35,False,Received
PO-000066,2025-02-24,2025-03-24,2025-03-24,DRE-004,SUP-007,648,633.0,1353.59,877126.32,28,28,True,Received
PO-000067,2025-04-07,2025-05-05,2025-05-05,DRE-004,SUP-007,612,598.0,1353.59,828397.08,28,28,True,Received
PO-000068,2025-05-19,2025-06-16,2025-06-16,DRE-004,SUP-007,648,631.0,1353.59,877126.32,28,28,True,Received
PO-000069,2025-06-30,2025-07-28,2025-07-28,DRE-004,SUP-007,708,703.0,1353.59,958341.72,28,28,True,Received
PO-000070,2025-08-11,2025-09-08,2025-09-15,DRE-004,SUP-007,624,617.0,1353.59,844640.16,28,35,False,Received
PO-000071,2025-10-06,2025-11-03,2025-11-03,DRE-004,SUP-007,660,648.0,1353.59,893369.4,28,28,True,Received
PO-000072,2025-11-17,2025-12-15,2025-12-15,DRE-004,SUP-007,600,597.0,1353.59,812154.0,28,28,True,Received
PO-000073,2025-12-29,2026-01-26,2025-12-29,DRE-004,SUP-007,636,0.0,1353.59,860883.24,28,0,True,Received
PO-000074,2023-03-20,2023-03-27,2023-03-27,DRE-005,SUP-008,552,547.0,738.16,407464.32,7,7,True,Received
PO-000075,2023-05-15,2023-05-22,2023-05-29,DRE-005,SUP-008,576,574.0,738.16,425180.16,7,14,False,Received
PO-000076,2023-07-03,2023-07-10,2023-07-10,DRE-005,SUP-008,594,592.0,738.16,438467.04,7,7,True,Received
PO-000077,2023-08-14,2023-08-21,2023-08-28,DRE-005,SUP-008,522,513.0,738.16,385319.52,7,14,False,Received
PO-000078,2023-10-09,2023-10-16,2023-10-16,DRE-005,SUP-008,594,591.0,738.16,438467.04,7,7,True,Received
PO-000079,2023-11-27,2023-12-04,2023-12-04,DRE-005,SUP-008,516,504.0,738.16,380890.56,7,7,True,Received
PO-000080,2024-01-29,2024-02-05,2024-02-05,DRE-005,SUP-008,528,522.0,738.16,389748.48,7,7,True,Received
PO-000081,2024-04-01,2024-04-08,2024-04-01,DRE-005,SUP-008,552,0.0,738.16,407464.32,7,0,True,Received
PO-000082,2023-03-06,2023-03-16,2023-03-20,DRE-006,SUP-001,640,633.0,1318.68,843955.2,10,14,False,Received
PO-000083,2023-05-01,2023-05-11,2023-05-15,DRE-006,SUP-001,660,651.0,1318.68,870328.8,10,14,False,Received
PO-000084,2023-06-12,2023-06-22,2023-06-26,DRE-006,SUP-001,610,596.0,1318.68,804394.8,10,14,False,Received
PO-000085,2023-07-24,2023-08-03,2023-08-07,DRE-006,SUP-001,630,623.0,1318.68,830768.4,10,14,False,Received
PO-000086,2023-09-11,2023-09-21,2023-09-25,DRE-006,SUP-001,720,713.0,1318.68,949449.6,10,14,False,Received
PO-000087,2023-11-06,2023-11-16,2023-11-20,DRE-006,SUP-001,640,634.0,1318.68,843955.2,10,14,False,Received
PO-000088,2023-12-25,2024-01-04,2024-01-08,DRE-006,SUP-001,590,583.0,1318.68,778021.2,10,14,False,Received
PO-000089,2024-02-26,2024-03-07,2024-03-11,DRE-006,SUP-001,630,629.0,1318.68,830768.4,10,14,False,Received
PO-000090,2024-04-22,2024-05-02,2024-05-06,DRE-006,SUP-001,690,683.0,1318.68,909889.2,10,14,False,Received
PO-000091,2024-06-03,2024-06-13,2024-06-24,DRE-006,SUP-001,630,626.0,1318.68,830768.4,10,21,False,Received
PO-000092,2024-07-22,2024-08-01,2024-08-05,DRE-006,SUP-001,750,747.0,1318.68,989010.0,10,14,False,Received
PO-000093,2024-09-09,2024-09-19,2024-09-23,DRE-006,SUP-001,650,640.0,1318.68,857142.0,10,14,False,Received
PO-000094,2024-10-28,2024-11-07,2024-11-11,DRE-006,SUP-001,630,628.0,1318.68,830768.4,10,14,False,Received
PO-000095,2024-12-16,2024-12-26,2024-12-30,DRE-006,SUP-001,640,625.0,1318.68,843955.2,10,14,False,Received
PO-000096,2025-02-17,2025-02-27,2025-03-03,DRE-006,SUP-001,610,595.0,1318.68,804394.8,10,14,False,Received
PO-000097,2025-04-07,2025-04-17,2025-04-21,DRE-006,SUP-001,680,679.0,1318.68,896702.4,10,14,False,Received
PO-000098,2025-05-19,2025-05-29,2025-06-02,DRE-006,SUP-001,670,651.0,1318.68,883515.6,10,14,False,Received
PO-000099,2025-06-30,2025-07-10,2025-07-14,DRE-006,SUP-001,700,694.0,1318.68,923076.0,10,14,False,Received
PO-000100,2025-08-11,2025-08-21,2025-08-25,DRE-006,SUP-001,680,670.0,1318.68,896702.4,10,14,False,Received
PO-000101,2025-09-22,2025-10-02,2025-10-06,DRE-006,SUP-001,640,629.0,1318.68,843955.2,10,14,False,Received
PO-000102,2025-11-10,2025-11-20,2025-11-24,DRE-006,SUP-001,630,612.0,1318.68,830768.4,10,14,False,Received
PO-000103,2025-12-22,2026-01-01,2025-12-29,DRE-006,SUP-001,670,661.0,1318.68,883515.6,10,7,True,Received
PO-000104,2023-03-06,2023-03-24,2023-03-27,DRE-007,SUP-002,368,358.0,1239.11,455992.48,18,21,True,Received
PO-000105,2023-04-24,2023-05-12,2023-05-15,DRE-007,SUP-002,336,334.0,1239.11,416340.96,18,21,True,Received
PO-000106,2023-06-12,2023-06-30,2023-07-03,DRE-007,SUP-002,392,382.0,1239.11,485731.12,18,21,True,Received
PO-000107,2023-07-24,2023-08-11,2023-08-14,DRE-007,SUP-002,344,343.0,1239.11,426253.84,18,21,True,Received
PO-000108,2023-09-11,2023-09-29,2023-10-02,DRE-007,SUP-002,384,379.0,1239.11,475818.24,18,21,True,Received
PO-000109,2023-11-06,2023-11-24,2023-11-27,DRE-007,SUP-002,344,341.0,1239.11,426253.84,18,21,True,Received
PO-000110,2023-12-18,2024-01-05,2024-01-08,DRE-007,SUP-002,328,326.0,1239.11,406428.08,18,21,True,Received
PO-000111,2024-02-26,2024-03-15,2024-03-25,DRE-007,SUP-002,336,326.0,1239.11,416340.96,18,28,False,Received
PO-000112,2024-04-15,2024-05-03,2024-05-06,DRE-007,SUP-002,360,354.0,1239.11,446079.6,18,21,True,Received
PO-000113,2024-05-27,2024-06-14,2024-06-17,DRE-007,SUP-002,368,366.0,1239.11,455992.48,18,21,True,Received
PO-000114,2024-07-08,2024-07-26,2024-07-29,DRE-007,SUP-002,352,342.0,1239.11,436166.72,18,21,True,Received
PO-000115,2024-08-19,2024-09-06,2024-09-09,DRE-007,SUP-002,384,373.0,1239.11,475818.24,18,21,True,Received
PO-000116,2024-09-30,2024-10-18,2024-10-21,DRE-007,SUP-002,352,345.0,1239.11,436166.72,18,21,True,Received
PO-000117,2024-11-18,2024-12-06,2024-12-09,DRE-007,SUP-002,336,334.0,1239.11,416340.96,18,21,True,Received
PO-000118,2025-01-06,2025-01-24,2025-01-27,DRE-007,SUP-002,352,342.0,1239.11,436166.72,18,21,True,Received
PO-000119,2025-03-03,2025-03-21,2025-03-17,DRE-007,SUP-002,336,332.0,1239.11,416340.96,18,14,True,Received
PO-000120,2025-04-14,2025-05-02,2025-05-05,DRE-007,SUP-002,352,342.0,1239.11,436166.72,18,21,True,Received
PO-000121,2025-05-26,2025-06-13,2025-06-16,DRE-007,SUP-002,344,337.0,1239.11,426253.84,18,21,True,Received
PO-000122,2025-06-30,2025-07-18,2025-07-21,DRE-007,SUP-002,360,352.0,1239.11,446079.6,18,21,True,Received
PO-000123,2025-08-04,2025-08-22,2025-08-25,DRE-007,SUP-002,336,330.0,1239.11,416340.96,18,21,True,Received
PO-000124,2025-09-08,2025-09-26,2025-09-29,DRE-007,SUP-002,344,338.0,1239.11,426253.84,18,21,True,Received
PO-000125,2025-10-27,2025-11-14,2025-11-24,DRE-007,SUP-002,344,343.0,1239.11,426253.84,18,28,False,Received
PO-000126,2025-12-15,2026-01-02,2025-12-29,DRE-007,SUP-002,336,332.0,1239.11,416340.96,18,14,True,Received
PO-000127,2023-03-13,2023-03-27,2023-03-27,DRE-008,SUP-003,380,373.0,998.25,379335.0,14,14,True,Received
PO-000128,2023-05-01,2023-05-15,2023-05-15,DRE-008,SUP-003,400,397.0,998.25,399300.0,14,14,True,Received
PO-000129,2023-06-12,2023-06-26,2023-06-26,DRE-008,SUP-003,400,394.0,998.25,399300.0,14,14,True,Received
PO-000130,2023-07-31,2023-08-14,2023-08-07,DRE-008,SUP-003,450,445.0,998.25,449212.5,14,7,True,Received
PO-000131,2023-09-18,2023-10-02,2023-10-02,DRE-008,SUP-003,390,388.0,998.25,389317.5,14,14,True,Received
PO-000132,2023-11-13,2023-11-27,2023-11-27,DRE-008,SUP-003,380,376.0,998.25,379335.0,14,14,True,Received
PO-000133,2024-01-08,2024-01-22,2024-01-22,DRE-008,SUP-003,380,373.0,998.25,379335.0,14,14,True,Received
PO-000134,2024-03-04,2024-03-18,2024-03-18,DRE-008,SUP-003,380,380.0,998.25,379335.0,14,14,True,Received
PO-000135,2024-04-29,2024-05-13,2024-05-13,DRE-008,SUP-003,390,379.0,998.25,389317.5,14,14,True,Received
PO-000136,2024-06-10,2024-06-24,2024-06-24,DRE-008,SUP-003,450,448.0,998.25,449212.5,14,14,True,Received
PO-000137,2024-07-22,2024-08-05,2024-08-05,DRE-008,SUP-003,440,434.0,998.25,439230.0,14,14,True,Received
PO-000138,2024-09-09,2024-09-23,2024-09-30,DRE-008,SUP-003,440,429.0,998.25,439230.0,14,21,False,Received
PO-000139,2024-11-11,2024-11-25,2024-11-25,DRE-008,SUP-003,410,398.0,998.25,409282.5,14,14,True,Received
PO-000140,2024-12-30,2025-01-13,2025-01-13,DRE-008,SUP-003,420,411.0,998.25,419265.0,14,14,True,Received
PO-000141,2025-03-03,2025-03-17,2025-03-17,DRE-008,SUP-003,390,380.0,998.25,389317.5,14,14,True,Received
PO-000142,2025-04-21,2025-05-05,2025-05-05,DRE-008,SUP-003,430,427.0,998.25,429247.5,14,14,True,Received
PO-000143,2025-06-02,2025-06-16,2025-06-16,DRE-008,SUP-003,430,424.0,998.25,429247.5,14,14,True,Received
PO-000144,2025-07-14,2025-07-28,2025-07-28,DRE-008,SUP-003,420,411.0,998.25,419265.0,14,14,True,Received
PO-000145,2025-08-25,2025-09-08,2025-09-08,DRE-008,SUP-003,420,410.0,998.25,419265.0,14,14,True,Received
PO-000146,2025-10-06,2025-10-20,2025-10-20,DRE-008,SUP-003,410,408.0,998.25,409282.5,14,14,True,Received
PO-000147,2025-11-17,2025-12-01,2025-12-01,DRE-008,SUP-003,420,415.0,998.25,419265.0,14,14,True,Received
PO-000148,2023-02-20,2023-02-27,2023-02-27,DRE-009,SUP-004,462,459.0,776.24,358622.88,7,7,True,Received
PO-000149,2023-04-10,2023-04-17,2023-04-17,DRE-009,SUP-004,468,458.0,776.24,363280.32,7,7,True,Received
PO-000150,2023-06-05,2023-06-12,2023-06-12,DRE-009,SUP-004,498,488.0,776.24,386567.52,7,7,True,Received
PO-000151,2023-07-10,2023-07-17,2023-07-17,DRE-009,SUP-004,444,440.0,776.24,344650.56,7,7,True,Received
PO-000152,2023-08-21,2023-08-28,2023-08-28,DRE-009,SUP-004,462,462.0,776.24,358622.88,7,7,True,Received
PO-000153,2023-10-16,2023-10-23,2023-10-23,DRE-009,SUP-004,480,471.0,776.24,372595.2,7,7,True,Received
PO-000154,2023-12-04,2023-12-11,2023-12-11,DRE-009,SUP-004,456,448.0,776.24,353965.44,7,7,True,Received
PO-000155,2024-02-12,2024-02-19,2024-02-19,DRE-009,SUP-004,474,467.0,776.24,367937.76,7,7,True,Received
PO-000156,2024-04-15,2024-04-22,2024-04-22,DRE-009,SUP-004,486,476.0,776.24,377252.64,7,7,True,Received
PO-000157,2024-06-03,2024-06-10,2024-06-10,DRE-009,SUP-004,510,498.0,776.24,395882.4,7,7,True,Received
PO-000158,2024-07-08,2024-07-15,2024-07-08,DRE-009,SUP-004,480,0.0,776.24,372595.2,7,0,True,Received
PO-000159,2023-02-06,2023-03-13,2023-03-13,DRE-010,SUP-005,504,500.0,1038.37,523338.48,35,35,True,Received
PO-000160,2023-04-10,2023-05-15,2023-05-15,DRE-010,SUP-005,512,510.0,1038.37,531645.44,35,35,True,Received
PO-000161,2023-05-29,2023-07-03,2023-07-03,DRE-010,SUP-005,536,530.0,1038.37,556566.32,35,35,True,Received
PO-000162,2023-07-10,2023-08-14,2023-08-14,DRE-010,SUP-005,560,553.0,1038.37,581487.2,35,35,True,Received
PO-000163,2023-08-28,2023-10-02,2023-10-02,DRE-010,SUP-005,576,566.0,1038.37,598101.12,35,35,True,Received
PO-000164,2023-10-23,2023-11-27,2023-11-27,DRE-010,SUP-005,560,551.0,1038.37,581487.2,35,35,True,Received
PO-000165,2023-12-11,2024-01-15,2024-01-15,DRE-010,SUP-005,528,512.0,1038.37,548259.36,35,35,True,Received
PO-000166,2024-02-12,2024-03-18,2024-03-18,DRE-010,SUP-005,512,508.0,1038.37,531645.44,35,35,True,Received
PO-000167,2024-04-08,2024-05-13,2024-05-13,DRE-010,SUP-005,576,565.0,1038.37,598101.12,35,35,True,Received
PO-000168,2024-05-27,2024-07-01,2024-07-01,DRE-010,SUP-005,544,528.0,1038.37,564873.28,35,35,True,Received
PO-000169,2024-07-08,2024-08-12,2024-08-12,DRE-010,SUP-005,544,533.0,1038.37,564873.28,35,35,True,Received
PO-000170,2024-08-19,2024-09-23,2024-09-23,DRE-010,SUP-005,552,539.0,1038.37,573180.24,35,35,True,Received
PO-000171,2024-09-30,2024-11-04,2024-11-04,DRE-010,SUP-005,512,498.0,1038.37,531645.44,35,35,True,Received
PO-000172,2024-11-18,2024-12-23,2024-12-23,DRE-010,SUP-005,568,556.0,1038.37,589794.16,35,35,True,Received
PO-000173,2025-01-13,2025-02-17,2025-02-17,DRE-010,SUP-005,568,561.0,1038.37,589794.16,35,35,True,Received
PO-000174,2025-03-17,2025-04-21,2025-04-21,DRE-010,SUP-005,576,561.0,1038.37,598101.12,35,35,True,Received
PO-000175,2025-05-05,2025-06-09,2025-06-09,DRE-010,SUP-005,544,535.0,1038.37,564873.28,35,35,True,Received
PO-000176,2025-06-16,2025-07-21,2025-07-21,DRE-010,SUP-005,568,567.0,1038.37,589794.16,35,35,True,Received
PO-000177,2025-07-28,2025-09-01,2025-09-01,DRE-010,SUP-005,536,531.0,1038.37,556566.32,35,35,True,Received
PO-000178,2025-09-08,2025-10-13,2025-10-13,DRE-010,SUP-005,536,534.0,1038.37,556566.32,35,35,True,Received
PO-000179,2025-10-27,2025-12-01,2025-12-01,DRE-010,SUP-005,568,558.0,1038.37,589794.16,35,35,True,Received
PO-000180,2025-12-15,2026-01-19,2025-12-29,DRE-010,SUP-005,544,541.0,1038.37,564873.28,35,14,True,Received
PO-000181,2023-01-23,2023-02-13,2023-02-13,KNI-001,SUP-006,544,531.0,424.7,231036.8,21,21,True,Received
PO-000182,2023-03-20,2023-04-10,2023-04-10,KNI-001,SUP-006,536,524.0,424.7,227639.2,21,21,True,Received
PO-000183,2023-06-05,2023-06-26,2023-06-26,KNI-001,SUP-006,488,475.0,424.7,207253.6,21,21,True,Received
PO-000184,2023-08-14,2023-09-04,2023-09-04,KNI-001,SUP-006,496,490.0,424.7,210651.2,21,21,True,Received
PO-000185,2023-10-16,2023-11-06,2023-11-06,KNI-001,SUP-006,544,544.0,424.7,231036.8,21,21,True,Received
PO-000186,2023-11-27,2023-12-18,2023-12-18,KNI-001,SUP-006,616,603.0,424.7,261615.2,21,21,True,Received
PO-000187,2024-01-08,2024-01-29,2024-01-29,KNI-001,SUP-006,504,491.0,424.7,214048.8,21,21,True,Received
PO-000188,2024-02-19,2024-03-11,2024-03-11,KNI-001,SUP-006,536,532.0,424.7,227639.2,21,21,True,Received
PO-000189,2024-04-08,2024-04-29,2024-04-29,KNI-001,SUP-006,520,520.0,424.7,220844.0,21,21,True,Received
PO-000190,2024-06-17,2024-07-08,2024-07-15,KNI-001,SUP-006,488,485.0,424.7,207253.6,21,28,False,Received
PO-000191,2024-08-19,2024-09-09,2024-09-09,KNI-001,SUP-006,472,460.0,424.7,200458.4,21,21,True,Received
PO-000192,2024-10-07,2024-10-28,2024-10-28,KNI-001,SUP-006,496,492.0,424.7,210651.2,21,21,True,Received
PO-000193,2024-11-18,2024-12-09,2024-12-09,KNI-001,SUP-006,584,576.0,424.7,248024.8,21,21,True,Received
PO-000194,2024-12-30,2025-01-20,2025-01-20,KNI-001,SUP-006,560,552.0,424.7,237832.0,21,21,True,Received
PO-000195,2025-02-10,2025-03-03,2025-03-03,KNI-001,SUP-006,528,518.0,424.7,224241.6,21,21,True,Received
PO-000196,2025-03-24,2025-04-14,2025-04-14,KNI-001,SUP-006,496,489.0,424.7,210651.2,21,21,True,Received
PO-000197,2025-05-19,2025-06-09,2025-06-09,KNI-001,SUP-006,488,479.0,424.7,207253.6,21,21,True,Received
PO-000198,2025-07-14,2025-08-04,2025-08-04,KNI-001,SUP-006,520,507.0,424.7,220844.0,21,21,True,Received
PO-000199,2025-09-01,2025-09-22,2025-09-22,KNI-001,SUP-006,480,472.0,424.7,203856.0,21,21,True,Received
PO-000200,2025-10-20,2025-11-10,2025-11-10,KNI-001,SUP-006,528,513.0,424.7,224241.6,21,21,True,Received
PO-000201,2025-11-24,2025-12-15,2025-12-22,KNI-001,SUP-006,576,574.0,424.7,244627.2,21,28,False,Received
PO-000202,2023-01-16,2023-02-13,2023-02-06,KNI-002,SUP-007,390,388.0,978.94,381786.6,28,21,True,Received
PO-000203,2023-02-27,2023-03-27,2023-03-27,KNI-002,SUP-007,402,401.0,978.94,393533.88,28,28,True,Received
PO-000204,2023-04-24,2023-05-22,2023-05-22,KNI-002,SUP-007,396,391.0,978.94,387660.24,28,28,True,Received
PO-000205,2023-07-03,2023-07-31,2023-07-31,KNI-002,SUP-007,372,369.0,978.94,364165.68,28,28,True,Received
PO-000206,2023-09-18,2023-10-16,2023-10-16,KNI-002,SUP-007,396,393.0,978.94,387660.24,28,28,True,Received
PO-000207,2023-11-06,2023-12-04,2023-12-04,KNI-002,SUP-007,402,396.0,978.94,393533.88,28,28,True,Received
PO-000208,2023-12-18,2024-01-15,2024-01-15,KNI-002,SUP-007,414,407.0,978.94,405281.16,28,28,True,Received
PO-000209,2024-01-29,2024-02-26,2024-02-26,KNI-002,SUP-007,426,420.0,978.94,417028.44,28,28,True,Received
PO-000210,2024-03-18,2024-04-15,2024-04-15,KNI-002,SUP-007,384,376.0,978.94,375912.96,28,28,True,Received
PO-000211,2024-05-13,2024-06-10,2024-06-10,KNI-002,SUP-007,384,375.0,978.94,375912.96,28,28,True,Received
PO-000212,2024-07-29,2024-08-26,2024-08-26,KNI-002,SUP-007,396,390.0,978.94,387660.24,28,28,True,Received
PO-000213,2024-09-30,2024-10-28,2024-10-28,KNI-002,SUP-007,396,391.0,978.94,387660.24,28,28,True,Received
PO-000214,2024-11-11,2024-12-09,2024-12-09,KNI-002,SUP-007,390,380.0,978.94,381786.6,28,28,True,Received
PO-000215,2024-12-16,2025-01-13,2025-01-13,KNI-002,SUP-007,426,417.0,978.94,417028.44,28,28,True,Received
PO-000216,2025-01-27,2025-02-24,2025-02-24,KNI-002,SUP-007,414,402.0,978.94,405281.16,28,28,True,Received
PO-000217,2025-03-10,2025-04-07,2025-04-07,KNI-002,SUP-007,378,374.0,978.94,370039.32,28,28,True,Received
PO-000218,2025-04-28,2025-05-26,2025-05-26,KNI-002,SUP-007,372,366.0,978.94,364165.68,28,28,True,Received
PO-000219,2025-06-23,2025-07-21,2025-07-21,KNI-002,SUP-007,384,374.0,978.94,375912.96,28,28,True,Received
PO-000220,2025-08-25,2025-09-22,2025-09-22,KNI-002,SUP-007,408,400.0,978.94,399407.52,28,28,True,Received
PO-000221,2025-10-13,2025-11-10,2025-11-10,KNI-002,SUP-007,408,397.0,978.94,399407.52,28,28,True,Received
PO-000222,2025-11-17,2025-12-15,2025-12-15,KNI-002,SUP-007,384,381.0,978.94,375912.96,28,28,True,Received
PO-000223,2025-12-22,2026-01-19,2025-12-29,KNI-002,SUP-007,414,405.0,978.94,405281.16,28,7,True,Received
PO-000224,2023-02-06,2023-02-13,2023-02-13,KNI-003,SUP-008,460,455.0,803.1,369426.0,7,7,True,Received
PO-000225,2023-03-20,2023-03-27,2023-03-27,KNI-003,SUP-008,430,430.0,803.1,345333.0,7,7,True,Received
PO-000226,2023-05-22,2023-05-29,2023-05-29,KNI-003,SUP-008,450,449.0,803.1,361395.0,7,7,True,Received
PO-000227,2023-07-31,2023-08-07,2023-08-07,KNI-003,SUP-008,440,438.0,803.1,353364.0,7,7,True,Received
PO-000228,2023-10-02,2023-10-09,2023-10-16,KNI-003,SUP-008,440,437.0,803.1,353364.0,7,14,False,Received
PO-000229,2023-11-20,2023-11-27,2023-11-27,KNI-003,SUP-008,500,498.0,803.1,401550.0,7,7,True,Received
PO-000230,2023-12-25,2024-01-01,2024-01-01,KNI-003,SUP-008,500,492.0,803.1,401550.0,7,7,True,Received
PO-000231,2024-02-05,2024-02-12,2024-02-19,KNI-003,SUP-008,470,458.0,803.1,377457.0,7,14,False,Received
PO-000232,2024-03-18,2024-03-25,2024-03-25,KNI-003,SUP-008,430,426.0,803.1,345333.0,7,7,True,Received
PO-000233,2024-05-20,2024-05-27,2024-05-27,KNI-003,SUP-008,460,449.0,803.1,369426.0,7,7,True,Received
PO-000234,2024-07-22,2024-07-29,2024-07-29,KNI-003,SUP-008,440,432.0,803.1,353364.0,7,7,True,Received
PO-000235,2024-09-23,2024-09-30,2024-09-30,KNI-003,SUP-008,490,487.0,803.1,393519.0,7,7,True,Received
PO-000236,2024-11-04,2024-11-11,2024-11-11,KNI-003,SUP-008,490,481.0,803.1,393519.0,7,7,True,Received
PO-000237,2024-12-02,2024-12-09,2024-12-09,KNI-003,SUP-008,500,495.0,803.1,401550.0,7,7,True,Received
PO-000238,2025-01-06,2025-01-13,2025-01-13,KNI-003,SUP-008,490,485.0,803.1,393519.0,7,7,True,Received
PO-000239,2025-02-10,2025-02-17,2025-02-24,KNI-003,SUP-008,460,447.0,803.1,369426.0,7,14,False,Received
PO-000240,2025-03-31,2025-04-07,2025-04-07,KNI-003,SUP-008,500,498.0,803.1,401550.0,7,7,True,Received
PO-000241,2025-05-19,2025-05-26,2025-05-26,KNI-003,SUP-008,430,423.0,803.1,345333.0,7,7,True,Received
PO-000242,2025-07-28,2025-08-04,2025-08-04,KNI-003,SUP-008,430,419.0,803.1,345333.0,7,7,True,Received
PO-000243,2025-09-22,2025-09-29,2025-09-29,KNI-003,SUP-008,500,494.0,803.1,401550.0,7,7,True,Received
PO-000244,2025-11-03,2025-11-10,2025-11-10,KNI-003,SUP-008,500,490.0,803.1,401550.0,7,7,True,Received
PO-000245,2025-12-01,2025-12-08,2025-12-08,KNI-003,SUP-008,500,497.0,803.1,401550.0,7,7,True,Received
PO-000246,2025-12-29,2026-01-05,2025-12-29,KNI-003,SUP-008,500,0.0,803.1,401550.0,7,0,True,Received
PO-000247,2023-01-23,2023-02-02,2023-02-06,KNI-004,SUP-001,396,389.0,623.94,247080.24,10,14,False,Received
PO-000248,2023-03-13,2023-03-23,2023-03-27,KNI-004,SUP-001,396,387.0,623.94,247080.24,10,14,False,Received
PO-000249,2023-05-08,2023-05-18,2023-05-22,KNI-004,SUP-001,360,351.0,623.94,224618.4,10,14,False,Received
PO-000250,2023-07-17,2023-07-27,2023-07-31,KNI-004,SUP-001,372,365.0,623.94,232105.68,10,14,False,Received
PO-000251,2023-09-25,2023-10-05,2023-10-09,KNI-004,SUP-001,408,405.0,623.94,254567.52,10,14,False,Received
PO-000252,2023-11-13,2023-11-23,2023-11-27,KNI-004,SUP-001,420,413.0,623.94,262054.8,10,14,False,Received
PO-000253,2023-12-25,2024-01-04,2024-01-08,KNI-004,SUP-001,432,427.0,623.94,269542.08,10,14,False,Received
PO-000254,2024-02-05,2024-02-15,2024-02-19,KNI-004,SUP-001,384,380.0,623.94,239592.96,10,14,False,Received
PO-000255,2024-04-01,2024-04-11,2024-04-15,KNI-004,SUP-001,396,387.0,623.94,247080.24,10,14,False,Received
PO-000256,2024-05-27,2024-06-06,2024-06-10,KNI-004,SUP-001,384,382.0,623.94,239592.96,10,14,False,Received
PO-000257,2024-08-05,2024-08-15,2024-08-19,KNI-004,SUP-001,384,377.0,623.94,239592.96,10,14,False,Received
PO-000258,2024-09-30,2024-10-10,2024-10-14,KNI-004,SUP-001,372,369.0,623.94,232105.68,10,14,False,Received
PO-000259,2024-11-11,2024-11-21,2024-11-25,KNI-004,SUP-001,396,393.0,623.94,247080.24,10,14,False,Received
PO-000260,2024-12-09,2024-12-19,2024-12-23,KNI-004,SUP-001,420,419.0,623.94,262054.8,10,14,False,Received
PO-000261,2025-01-13,2025-01-23,2025-01-27,KNI-004,SUP-001,384,379.0,623.94,239592.96,10,14,False,Received
PO-000262,2025-02-17,2025-02-27,2025-03-03,KNI-004,SUP-001,372,363.0,623.94,232105.68,10,14,False,Received
PO-000263,2025-03-31,2025-04-10,2025-04-14,KNI-004,SUP-001,408,398.0,623.94,254567.52,10,14,False,Received
PO-000264,2025-06-02,2025-06-12,2025-06-16,KNI-004,SUP-001,396,389.0,623.94,247080.24,10,14,False,Received
PO-000265,2025-08-04,2025-08-14,2025-08-18,KNI-004,SUP-001,360,358.0,623.94,224618.4,10,14,False,Received
PO-000266,2025-09-22,2025-10-02,2025-10-06,KNI-004,SUP-001,384,376.0,623.94,239592.96,10,14,False,Received
PO-000267,2025-11-03,2025-11-13,2025-11-17,KNI-004,SUP-001,372,372.0,623.94,232105.68,10,14,False,Received
PO-000268,2025-11-24,2025-12-04,2025-12-15,KNI-004,SUP-001,384,373.0,623.94,239592.96,10,21,False,Received
PO-000269,2025-12-29,2026-01-08,2025-12-29,KNI-004,SUP-001,396,0.0,623.94,247080.24,10,0,True,Received
PO-000270,2023-01-30,2023-02-17,2023-02-20,KNI-005,SUP-002,412,404.0,390.06,160704.72,18,21,True,Received
PO-000271,2023-03-20,2023-04-07,2023-04-10,KNI-005,SUP-002,460,450.0,390.06,179427.6,18,21,True,Received
PO-000272,2023-05-22,2023-06-09,2023-06-12,KNI-005,SUP-002,448,437.0,390.06,174746.88,18,21,True,Received
PO-000273,2023-08-07,2023-08-25,2023-08-28,KNI-005,SUP-002,448,436.0,390.06,174746.88,18,21,True,Received
PO-000274,2023-10-02,2023-10-20,2023-10-23,KNI-005,SUP-002,436,432.0,390.06,170066.16,18,21,True,Received
PO-000275,2023-11-20,2023-12-08,2023-12-11,KNI-005,SUP-002,520,517.0,390.06,202831.2,18,21,True,Received
PO-000276,2024-01-01,2024-01-19,2024-01-22,KNI-005,SUP-002,432,419.0,390.06,168505.92,18,21,True,Received
PO-000277,2024-02-05,2024-02-23,2024-02-26,KNI-005,SUP-002,416,412.0,390.06,162264.96,18,21,True,Received
PO-000278,2024-03-25,2024-04-12,2024-04-15,KNI-005,SUP-002,452,444.0,390.06,176307.12,18,21,True,Received
PO-000279,2024-05-20,2024-06-07,2024-06-10,KNI-005,SUP-002,452,439.0,390.06,176307.12,18,21,True,Received
PO-000280,2024-08-05,2024-08-23,2024-08-26,KNI-005,SUP-002,452,442.0,390.06,176307.12,18,21,True,Received
PO-000281,2024-09-23,2024-10-11,2024-10-14,KNI-005,SUP-002,420,407.0,390.06,163825.2,18,21,True,Received
PO-000282,2024-11-04,2024-11-22,2024-11-25,KNI-005,SUP-002,448,447.0,390.06,174746.88,18,21,True,Received
PO-000283,2024-12-09,2024-12-27,2024-12-30,KNI-005,SUP-002,472,469.0,390.06,184108.32,18,21,True,Received
PO-000284,2025-01-13,2025-01-31,2025-02-10,KNI-005,SUP-002,452,442.0,390.06,176307.12,18,28,False,Received
PO-000285,2025-03-03,2025-03-21,2025-03-24,KNI-005,SUP-002,488,486.0,390.06,190349.28,18,21,True,Received
PO-000286,2025-04-21,2025-05-09,2025-05-12,KNI-005,SUP-002,440,437.0,390.06,171626.4,18,21,True,Received
PO-000287,2025-06-30,2025-07-18,2025-07-21,KNI-005,SUP-002,448,439.0,390.06,174746.88,18,21,True,Received
PO-000288,2025-09-01,2025-09-19,2025-09-22,KNI-005,SUP-002,424,417.0,390.06,165385.44,18,21,True,Received
PO-000289,2025-10-13,2025-10-31,2025-11-03,KNI-005,SUP-002,420,415.0,390.06,163825.2,18,21,True,Received
PO-000290,2025-11-17,2025-12-05,2025-12-08,KNI-005,SUP-002,460,453.0,390.06,179427.6,18,21,True,Received
PO-000291,2025-12-22,2026-01-09,2025-12-29,KNI-005,SUP-002,488,483.0,390.06,190349.28,18,7,True,Received
PO-000292,2023-02-06,2023-02-20,2023-02-20,KNI-006,SUP-003,310,308.0,462.69,143433.9,14,14,True,Received
PO-000293,2023-03-27,2023-04-10,2023-04-10,KNI-006,SUP-003,310,302.0,462.69,143433.9,14,14,True,Received
PO-000294,2023-05-22,2023-06-05,2023-06-05,KNI-006,SUP-003,310,309.0,462.69,143433.9,14,14,True,Received
PO-000295,2023-08-07,2023-08-21,2023-08-21,KNI-006,SUP-003,310,303.0,462.69,143433.9,14,14,True,Received
PO-000296,2023-10-09,2023-10-23,2023-10-23,KNI-006,SUP-003,310,303.0,462.69,143433.9,14,14,True,Received
PO-000297,2023-11-20,2023-12-04,2023-12-04,KNI-006,SUP-003,330,324.0,462.69,152687.7,14,14,True,Received
PO-000298,2023-12-25,2024-01-08,2024-01-08,KNI-006,SUP-003,310,307.0,462.69,143433.9,14,14,True,Received
PO-000299,2024-02-05,2024-02-19,2024-02-19,KNI-006,SUP-003,330,322.0,462.69,152687.7,14,14,True,Received
PO-000300,2024-03-11,2024-03-25,2024-03-25,KNI-006,SUP-003,310,302.0,462.69,143433.9,14,14,True,Received
PO-000301,2024-05-06,2024-05-20,2024-05-20,KNI-006,SUP-003,310,302.0,462.69,143433.9,14,14,True,Received
PO-000302,2024-07-22,2024-08-05,2024-08-05,KNI-006,SUP-003,310,307.0,462.69,143433.9,14,14,True,Received
PO-000303,2024-09-23,2024-10-07,2024-10-07,KNI-006,SUP-003,310,307.0,462.69,143433.9,14,14,True,Received
PO-000304,2024-11-04,2024-11-18,2024-11-18,KNI-006,SUP-003,310,302.0,462.69,143433.9,14,14,True,Received
PO-000305,2024-12-02,2024-12-16,2024-12-16,KNI-006,SUP-003,310,304.0,462.69,143433.9,14,14,True,Received
PO-000306,2025-01-06,2025-01-20,2025-01-20,KNI-006,SUP-003,330,322.0,462.69,152687.7,14,14,True,Received
PO-000307,2025-02-17,2025-03-03,2025-03-03,KNI-006,SUP-003,310,310.0,462.69,143433.9,14,14,True,Received
PO-000308,2025-04-07,2025-04-21,2025-04-21,KNI-006,SUP-003,320,319.0,462.69,148060.8,14,14,True,Received
PO-000309,2025-06-16,2025-06-30,2025-06-30,KNI-006,SUP-003,310,304.0,462.69,143433.9,14,14,True,Received
PO-000310,2025-08-25,2025-09-08,2025-09-08,KNI-006,SUP-003,310,306.0,462.69,143433.9,14,14,True,Received
PO-000311,2025-10-06,2025-10-20,2025-10-20,KNI-006,SUP-003,310,306.0,462.69,143433.9,14,14,True,Received
PO-000312,2025-11-10,2025-11-24,2025-11-17,KNI-006,SUP-003,310,307.0,462.69,143433.9,14,7,True,Received
PO-000313,2025-12-08,2025-12-22,2025-12-22,KNI-006,SUP-003,310,304.0,462.69,143433.9,14,14,True,Received
PO-000314,2023-02-06,2023-02-13,2023-02-13,KNI-007,SUP-004,534,527.0,716.69,382712.46,7,7,True,Received
PO-000315,2023-04-03,2023-04-10,2023-04-10,KNI-007,SUP-004,474,462.0,716.69,339711.06,7,7,True,Received
PO-000316,2023-06-12,2023-06-19,2023-06-19,KNI-007,SUP-004,474,470.0,716.69,339711.06,7,7,True,Received
PO-000317,2023-08-21,2023-08-28,2023-08-28,KNI-007,SUP-004,474,470.0,716.69,339711.06,7,7,True,Received
PO-000318,2023-10-16,2023-10-23,2023-10-30,KNI-007,SUP-004,492,478.0,716.69,352611.48,7,14,False,Received
PO-000319,2023-11-20,2023-11-27,2023-11-27,KNI-007,SUP-004,486,474.0,716.69,348311.34,7,7,True,Received
PO-000320,2023-12-25,2024-01-01,2024-01-01,KNI-007,SUP-004,528,513.0,716.69,378412.32,7,7,True,Received
PO-000321,2024-01-29,2024-02-05,2024-02-05,KNI-007,SUP-004,480,474.0,716.69,344011.2,7,7,True,Received
PO-000322,2024-03-11,2024-03-18,2024-03-18,KNI-007,SUP-004,480,467.0,716.69,344011.2,7,7,True,Received
PO-000323,2024-04-29,2024-05-06,2024-05-06,KNI-007,SUP-004,480,470.0,716.69,344011.2,7,7,True,Received
PO-000324,2024-07-08,2024-07-15,2024-07-08,KNI-007,SUP-004,510,0.0,716.69,365511.9,7,0,True,Received
PO-000325,2023-01-23,2023-02-27,2023-02-27,KNI-008,SUP-005,428,418.0,445.2,190545.6,35,35,True,Received
PO-000326,2023-03-13,2023-04-17,2023-04-17,KNI-008,SUP-005,432,421.0,445.2,192326.4,35,35,True,Received
PO-000327,2023-05-08,2023-06-12,2023-06-12,KNI-008,SUP-005,396,387.0,445.2,176299.2,35,35,True,Received
PO-000328,2023-07-31,2023-09-04,2023-09-04,KNI-008,SUP-005,420,419.0,445.2,186984.0,35,35,True,Received
PO-000329,2023-10-09,2023-11-13,2023-11-13,KNI-008,SUP-005,432,420.0,445.2,192326.4,35,35,True,Received
PO-000330,2023-11-20,2023-12-25,2023-12-25,KNI-008,SUP-005,440,427.0,445.2,195888.0,35,35,True,Received
PO-000331,2024-01-01,2024-02-05,2024-02-05,KNI-008,SUP-005,404,401.0,445.2,179860.8,35,35,True,Received
PO-000332,2024-02-12,2024-03-18,2024-03-18,KNI-008,SUP-005,388,385.0,445.2,172737.6,35,35,True,Received
PO-000333,2024-03-25,2024-04-29,2024-04-29,KNI-008,SUP-005,408,406.0,445.2,181641.6,35,35,True,Received
PO-000334,2024-05-27,2024-07-01,2024-07-01,KNI-008,SUP-005,400,395.0,445.2,178080.0,35,35,True,Received
PO-000335,2024-07-29,2024-09-02,2024-09-02,KNI-008,SUP-005,400,390.0,445.2,178080.0,35,35,True,Received
PO-000336,2024-09-23,2024-10-28,2024-10-28,KNI-008,SUP-005,428,426.0,445.2,190545.6,35,35,True,Received
PO-000337,2024-11-04,2024-12-09,2024-12-09,KNI-008,SUP-005,388,377.0,445.2,172737.6,35,35,True,Received
PO-000338,2024-12-16,2025-01-20,2025-01-20,KNI-008,SUP-005,460,449.0,445.2,204792.0,35,35,True,Received
PO-000339,2025-02-03,2025-03-10,2025-03-10,KNI-008,SUP-005,416,413.0,445.2,185203.2,35,35,True,Received
PO-000340,2025-03-17,2025-04-21,2025-04-21,KNI-008,SUP-005,388,387.0,445.2,172737.6,35,35,True,Received
PO-000341,2025-05-05,2025-06-09,2025-06-09,KNI-008,SUP-005,420,416.0,445.2,186984.0,35,35,True,Received
PO-000342,2025-07-07,2025-08-11,2025-08-11,KNI-008,SUP-005,416,411.0,445.2,185203.2,35,35,True,Received
PO-000343,2025-09-01,2025-10-06,2025-10-06,KNI-008,SUP-005,424,420.0,445.2,188764.8,35,35,True,Received
PO-000344,2025-10-20,2025-11-24,2025-11-24,KNI-008,SUP-005,420,414.0,445.2,186984.0,35,35,True,Received
PO-000345,2025-11-24,2025-12-29,2025-12-29,KNI-008,SUP-005,444,433.0,445.2,197668.8,35,35,True,Received
PO-000346,2023-01-23,2023-02-13,2023-02-13,KNI-009,SUP-006,408,403.0,443.8,181070.4,21,21,True,Received
PO-000347,2023-03-13,2023-04-03,2023-04-03,KNI-009,SUP-006,432,419.0,443.8,191721.6,21,21,True,Received
PO-000348,2023-05-15,2023-06-05,2023-06-05,KNI-009,SUP-006,396,387.0,443.8,175744.8,21,21,True,Received
PO-000349,2023-07-31,2023-08-21,2023-08-21,KNI-009,SUP-006,420,416.0,443.8,186396.0,21,21,True,Received
PO-000350,2023-10-02,2023-10-23,2023-10-23,KNI-009,SUP-006,420,411.0,443.8,186396.0,21,21,True,Received
PO-000351,2023-11-20,2023-12-11,2023-12-04,KNI-009,SUP-006,480,476.0,443.8,213024.0,21,14,True,Received
PO-000352,2024-01-01,2024-01-22,2024-01-22,KNI-009,SUP-006,444,440.0,443.8,197047.2,21,21,True,Received
PO-000353,2024-02-19,2024-03-11,2024-03-11,KNI-009,SUP-006,444,441.0,443.8,197047.2,21,21,True,Received
PO-000354,2024-04-01,2024-04-22,2024-04-22,KNI-009,SUP-006,396,393.0,443.8,175744.8,21,21,True,Received
PO-000355,2024-06-10,2024-07-01,2024-07-01,KNI-009,SUP-006,432,424.0,443.8,191721.6,21,21,True,Received
PO-000356,2024-08-26,2024-09-16,2024-09-09,KNI-009,SUP-006,444,443.0,443.8,197047.2,21,14,True,Received
PO-000357,2024-10-21,2024-11-11,2024-11-04,KNI-009,SUP-006,420,408.0,443.8,186396.0,21,14,True,Received
PO-000358,2024-11-25,2024-12-16,2024-12-16,KNI-009,SUP-006,516,508.0,443.8,229000.8,21,21,True,Received
PO-000359,2025-01-06,2025-01-27,2025-01-27,KNI-009,SUP-006,432,430.0,443.8,191721.6,21,21,True,Received
PO-000360,2025-02-17,2025-03-10,2025-03-10,KNI-009,SUP-006,444,431.0,443.8,197047.2,21,21,True,Received
PO-000361,2025-03-24,2025-04-14,2025-04-14,KNI-009,SUP-006,384,383.0,443.8,170419.2,21,21,True,Received
PO-000362,2025-05-19,2025-06-09,2025-06-09,KNI-009,SUP-006,396,391.0,443.8,175744.8,21,21,True,Received
PO-000363,2025-07-21,2025-08-11,2025-08-11,KNI-009,SUP-006,408,401.0,443.8,181070.4,21,21,True,Received
PO-000364,2025-09-22,2025-10-13,2025-10-13,KNI-009,SUP-006,456,449.0,443.8,202372.8,21,21,True,Received
PO-000365,2025-11-03,2025-11-24,2025-11-24,KNI-009,SUP-006,456,454.0,443.8,202372.8,21,21,True,Received
PO-000366,2025-12-08,2025-12-29,2025-12-22,KNI-009,SUP-006,444,443.0,443.8,197047.2,21,14,True,Received
PO-000367,2023-01-16,2023-02-13,2023-02-13,KNI-010,SUP-007,372,370.0,378.69,140872.68,28,28,True,Received
PO-000368,2023-03-06,2023-04-03,2023-04-03,KNI-010,SUP-007,366,360.0,378.69,138600.54,28,28,True,Received
PO-000369,2023-05-01,2023-05-29,2023-05-29,KNI-010,SUP-007,360,355.0,378.69,136328.4,28,28,True,Received
PO-000370,2023-07-17,2023-08-14,2023-08-14,KNI-010,SUP-007,354,345.0,378.69,134056.26,28,28,True,Received
PO-000371,2023-09-25,2023-10-23,2023-10-23,KNI-010,SUP-007,390,390.0,378.69,147689.1,28,28,True,Received
PO-000372,2023-11-13,2023-12-11,2023-12-04,KNI-010,SUP-007,390,388.0,378.69,147689.1,28,21,True,Received
PO-000373,2023-12-18,2024-01-15,2024-01-15,KNI-010,SUP-007,372,370.0,378.69,140872.68,28,28,True,Received
PO-000374,2024-01-29,2024-02-26,2024-02-26,KNI-010,SUP-007,348,342.0,378.69,131784.12,28,28,True,Received
PO-000375,2024-03-18,2024-04-15,2024-04-22,KNI-010,SUP-007,408,398.0,378.69,154505.52,28,35,False,Received
PO-000376,2024-06-03,2024-07-01,2024-07-08,KNI-010,SUP-007,384,380.0,378.69,145416.96,28,35,False,Received
PO-000377,2024-08-05,2024-09-02,2024-09-02,KNI-010,SUP-007,348,341.0,378.69,131784.12,28,28,True,Received
PO-000378,2024-09-23,2024-10-21,2024-10-21,KNI-010,SUP-007,348,346.0,378.69,131784.12,28,28,True,Received
PO-000379,2024-11-04,2024-12-02,2024-12-02,KNI-010,SUP-007,366,361.0,378.69,138600.54,28,28,True,Received
PO-000380,2024-12-16,2025-01-13,2025-01-13,KNI-010,SUP-007,402,394.0,378.69,152233.38,28,28,True,Received
PO-000381,2025-01-27,2025-02-24,2025-02-24,KNI-010,SUP-007,390,386.0,378.69,147689.1,28,28,True,Received
PO-000382,2025-03-10,2025-04-07,2025-04-14,KNI-010,SUP-007,360,350.0,378.69,136328.4,28,35,False,Received
PO-000383,2025-04-28,2025-05-26,2025-05-26,KNI-010,SUP-007,348,345.0,378.69,131784.12,28,28,True,Received
PO-000384,2025-06-23,2025-07-21,2025-07-21,KNI-010,SUP-007,366,360.0,378.69,138600.54,28,28,True,Received
PO-000385,2025-09-01,2025-09-29,2025-09-29,KNI-010,SUP-007,390,384.0,378.69,147689.1,28,28,True,Received
PO-000386,2025-10-13,2025-11-10,2025-11-17,KNI-010,SUP-007,360,349.0,378.69,136328.4,28,35,False,Received
PO-000387,2025-11-24,2025-12-22,2025-12-22,KNI-010,SUP-007,426,415.0,378.69,161321.94,28,28,True,Received
PO-000388,2023-02-13,2023-02-20,2023-02-20,OUT-001,SUP-008,200,197.0,837.42,167484.0,7,7,True,Received
PO-000389,2023-03-27,2023-04-03,2023-04-03,OUT-001,SUP-008,200,194.0,837.42,167484.0,7,7,True,Received
PO-000390,2023-06-12,2023-06-19,2023-06-19,OUT-001,SUP-008,200,199.0,837.42,167484.0,7,7,True,Received
PO-000391,2023-08-28,2023-09-04,2023-09-04,OUT-001,SUP-008,210,209.0,837.42,175858.2,7,7,True,Received
PO-000392,2023-10-16,2023-10-23,2023-10-16,OUT-001,SUP-008,200,0.0,837.42,167484.0,7,0,True,Received
PO-000393,2023-01-23,2023-02-02,2023-02-06,OUT-002,SUP-001,342,337.0,1412.59,483105.78,10,14,False,Received
PO-000394,2023-03-13,2023-03-23,2023-03-27,OUT-002,SUP-001,324,321.0,1412.59,457679.16,10,14,False,Received
PO-000395,2023-05-08,2023-05-18,2023-05-22,OUT-002,SUP-001,324,318.0,1412.59,457679.16,10,14,False,Received
PO-000396,2023-07-24,2023-08-03,2023-08-14,OUT-002,SUP-001,318,317.0,1412.59,449203.62,10,21,False,Received
PO-000397,2023-10-02,2023-10-12,2023-10-16,OUT-002,SUP-001,348,344.0,1412.59,491581.32,10,14,False,Received
PO-000398,2023-11-20,2023-11-30,2023-12-04,OUT-002,SUP-001,408,400.0,1412.59,576336.72,10,14,False,Received
PO-000399,2024-01-01,2024-01-11,2024-01-22,OUT-002,SUP-001,342,335.0,1412.59,483105.78,10,21,False,Received
PO-000400,2024-02-19,2024-02-29,2024-03-04,OUT-002,SUP-001,348,347.0,1412.59,491581.32,10,14,False,Received
PO-000401,2024-04-08,2024-04-18,2024-04-22,OUT-002,SUP-001,324,321.0,1412.59,457679.16,10,14,False,Received
PO-000402,2024-06-10,2024-06-20,2024-06-24,OUT-002,SUP-001,336,331.0,1412.59,474630.24,10,14,False,Received
PO-000403,2024-08-19,2024-08-29,2024-09-02,OUT-002,SUP-001,324,319.0,1412.59,457679.16,10,14,False,Received
PO-000404,2024-10-14,2024-10-24,2024-10-28,OUT-002,SUP-001,354,347.0,1412.59,500056.86,10,14,False,Received
PO-000405,2024-11-25,2024-12-05,2024-12-09,OUT-002,SUP-001,402,393.0,1412.59,567861.18,10,14,False,Received
PO-000406,2025-01-06,2025-01-16,2025-01-20,OUT-002,SUP-001,396,393.0,1412.59,559385.64,10,14,False,Received
PO-000407,2025-02-24,2025-03-06,2025-03-10,OUT-002,SUP-001,348,345.0,1412.59,491581.32,10,14,False,Received
PO-000408,2025-04-07,2025-04-17,2025-04-21,OUT-002,SUP-001,318,317.0,1412.59,449203.62,10,14,False,Received
PO-000409,2025-06-09,2025-06-19,2025-06-23,OUT-002,SUP-001,330,326.0,1412.59,466154.7,10,14,False,Received
PO-000410,2025-08-11,2025-08-21,2025-08-25,OUT-002,SUP-001,336,331.0,1412.59,474630.24,10,14,False,Received
PO-000411,2025-09-29,2025-10-09,2025-10-06,OUT-002,SUP-001,318,313.0,1412.59,449203.62,10,7,True,Received
PO-000412,2025-11-03,2025-11-13,2025-11-17,OUT-002,SUP-001,360,352.0,1412.59,508532.4,10,14,False,Received
PO-000413,2025-12-01,2025-12-11,2025-12-08,OUT-002,SUP-001,336,333.0,1412.59,474630.24,10,7,True,Received
PO-000414,2025-12-29,2026-01-08,2025-12-29,OUT-002,SUP-001,336,0.0,1412.59,474630.24,10,0,True,Received
PO-000415,2023-01-30,2023-02-17,2023-02-20,OUT-003,SUP-002,200,195.0,1002.37,200474.0,18,21,True,Received
PO-000416,2023-03-13,2023-03-31,2023-04-03,OUT-003,SUP-002,200,197.0,1002.37,200474.0,18,21,True,Received
PO-000417,2023-05-08,2023-05-26,2023-05-29,OUT-003,SUP-002,210,206.0,1002.37,210497.7,18,21,True,Received
PO-000418,2023-07-24,2023-08-11,2023-08-21,OUT-003,SUP-002,200,195.0,1002.37,200474.0,18,28,False,Received
PO-000419,2023-10-02,2023-10-20,2023-10-23,OUT-003,SUP-002,220,218.0,1002.37,220521.4,18,21,True,Received
PO-000420,2023-11-20,2023-12-08,2023-12-11,OUT-003,SUP-002,220,219.0,1002.37,220521.4,18,21,True,Received
PO-000421,2024-01-01,2024-01-19,2024-01-29,OUT-003,SUP-002,220,214.0,1002.37,220521.4,18,28,False,Received
PO-000422,2024-02-19,2024-03-08,2024-03-11,OUT-003,SUP-002,190,186.0,1002.37,190450.3,18,21,True,Received
PO-000423,2024-04-01,2024-04-19,2024-04-22,OUT-003,SUP-002,200,198.0,1002.37,200474.0,18,21,True,Received
PO-000424,2024-06-10,2024-06-28,2024-07-01,OUT-003,SUP-002,190,186.0,1002.37,190450.3,18,21,True,Received
PO-000425,2024-08-12,2024-08-30,2024-09-02,OUT-003,SUP-002,200,198.0,1002.37,200474.0,18,21,True,Received
PO-000426,2024-10-07,2024-10-25,2024-10-28,OUT-003,SUP-002,220,218.0,1002.37,220521.4,18,21,True,Received
PO-000427,2024-11-18,2024-12-06,2024-12-09,OUT-003,SUP-002,220,216.0,1002.37,220521.4,18,21,True,Received
PO-000428,2024-12-30,2025-01-17,2025-01-20,OUT-003,SUP-002,230,229.0,1002.37,230545.1,18,21,True,Received
PO-000429,2025-02-10,2025-02-28,2025-03-03,OUT-003,SUP-002,200,197.0,1002.37,200474.0,18,21,True,Received
PO-000430,2025-03-24,2025-04-11,2025-04-14,OUT-003,SUP-002,200,195.0,1002.37,200474.0,18,21,True,Received
PO-000431,2025-05-12,2025-05-30,2025-06-02,OUT-003,SUP-002,200,199.0,1002.37,200474.0,18,21,True,Received
PO-000432,2025-07-14,2025-08-01,2025-08-04,OUT-003,SUP-002,190,186.0,1002.37,190450.3,18,21,True,Received
PO-000433,2025-09-15,2025-10-03,2025-10-06,OUT-003,SUP-002,200,195.0,1002.37,200474.0,18,21,True,Received
PO-000434,2025-11-03,2025-11-21,2025-11-24,OUT-003,SUP-002,230,225.0,1002.37,230545.1,18,21,True,Received
PO-000435,2025-12-08,2025-12-26,2025-12-29,OUT-003,SUP-002,230,229.0,1002.37,230545.1,18,21,True,Received
PO-000436,2023-02-06,2023-02-20,2023-02-20,OUT-004,SUP-003,192,190.0,1555.5,298656.0,14,14,True,Received
PO-000437,2023-03-27,2023-04-10,2023-04-03,OUT-004,SUP-003,174,170.0,1555.5,270657.0,14,7,True,Received
PO-000438,2023-05-22,2023-06-05,2023-06-05,OUT-004,SUP-003,174,169.0,1555.5,270657.0,14,14,True,Received
PO-000439,2023-08-07,2023-08-21,2023-08-21,OUT-004,SUP-003,186,185.0,1555.5,289323.0,14,14,True,Received
PO-000440,2023-10-09,2023-10-23,2023-10-23,OUT-004,SUP-003,180,179.0,1555.5,279990.0,14,14,True,Received
PO-000441,2023-11-20,2023-12-04,2023-12-04,OUT-004,SUP-003,204,200.0,1555.5,317322.0,14,14,True,Received
PO-000442,2023-12-25,2024-01-08,2024-01-08,OUT-004,SUP-003,180,177.0,1555.5,279990.0,14,14,True,Received
PO-000443,2024-01-29,2024-02-12,2024-02-12,OUT-004,SUP-003,186,182.0,1555.5,289323.0,14,14,True,Received
PO-000444,2024-03-18,2024-04-01,2024-04-01,OUT-004,SUP-003,216,211.0,1555.5,335988.0,14,14,True,Received
PO-000445,2024-05-20,2024-06-03,2024-06-03,OUT-004,SUP-003,186,185.0,1555.5,289323.0,14,14,True,Received
PO-000446,2024-07-29,2024-08-12,2024-08-12,OUT-004,SUP-003,198,192.0,1555.5,307989.0,14,14,True,Received
PO-000447,2024-09-30,2024-10-14,2024-10-14,OUT-004,SUP-003,180,180.0,1555.5,279990.0,14,14,True,Received
PO-000448,2024-11-11,2024-11-25,2024-11-25,OUT-004,SUP-003,192,187.0,1555.5,298656.0,14,14,True,Received
PO-000449,2024-12-16,2024-12-30,2024-12-30,OUT-004,SUP-003,204,201.0,1555.5,317322.0,14,14,True,Received
PO-000450,2025-01-20,2025-02-03,2025-02-03,OUT-004,SUP-003,180,176.0,1555.5,279990.0,14,14,True,Received
PO-000451,2025-03-03,2025-03-17,2025-03-17,OUT-004,SUP-003,192,189.0,1555.5,298656.0,14,14,True,Received
PO-000452,2025-04-14,2025-04-28,2025-04-28,OUT-004,SUP-003,210,204.0,1555.5,326655.0,14,14,True,Received
PO-000453,2025-06-16,2025-06-30,2025-06-30,OUT-004,SUP-003,186,184.0,1555.5,289323.0,14,14,True,Received
PO-000454,2025-08-18,2025-09-01,2025-09-01,OUT-004,SUP-003,180,178.0,1555.5,279990.0,14,14,True,Received
PO-000455,2025-10-06,2025-10-20,2025-10-20,OUT-004,SUP-003,204,202.0,1555.5,317322.0,14,14,True,Received
PO-000456,2025-11-17,2025-12-01,2025-12-01,OUT-004,SUP-003,216,211.0,1555.5,335988.0,14,14,True,Received
PO-000457,2025-12-29,2026-01-12,2025-12-29,OUT-004,SUP-003,198,0.0,1555.5,307989.0,14,0,True,Received
PO-000458,2023-02-06,2023-02-13,2023-02-13,OUT-005,SUP-004,240,237.0,786.78,188827.2,7,7,True,Received
PO-000459,2023-03-27,2023-04-03,2023-04-03,OUT-005,SUP-004,224,219.0,786.78,176238.72,7,7,True,Received
PO-000460,2023-06-05,2023-06-12,2023-06-12,OUT-005,SUP-004,224,222.0,786.78,176238.72,7,7,True,Received
PO-000461,2023-08-14,2023-08-21,2023-08-21,OUT-005,SUP-004,208,204.0,786.78,163650.24,7,7,True,Received
PO-000462,2023-10-16,2023-10-23,2023-10-23,OUT-005,SUP-004,224,224.0,786.78,176238.72,7,7,True,Received
PO-000463,2023-11-27,2023-12-04,2023-12-04,OUT-005,SUP-004,232,227.0,786.78,182532.96,7,7,True,Received
PO-000464,2024-01-01,2024-01-08,2024-01-08,OUT-005,SUP-004,232,226.0,786.78,182532.96,7,7,True,Received
PO-000465,2024-02-12,2024-02-19,2024-02-19,OUT-005,SUP-004,232,232.0,786.78,182532.96,7,7,True,Received
PO-000466,2024-04-01,2024-04-08,2024-04-08,OUT-005,SUP-004,224,221.0,786.78,176238.72,7,7,True,Received
PO-000467,2024-06-03,2024-06-10,2024-06-10,OUT-005,SUP-004,224,221.0,786.78,176238.72,7,7,True,Received
PO-000468,2024-08-12,2024-08-19,2024-08-19,OUT-005,SUP-004,224,223.0,786.78,176238.72,7,7,True,Received
PO-000469,2024-10-07,2024-10-14,2024-10-14,OUT-005,SUP-004,240,234.0,786.78,188827.2,7,7,True,Received
PO-000470,2024-11-18,2024-11-25,2024-11-25,OUT-005,SUP-004,248,245.0,786.78,195121.44,7,7,True,Received
PO-000471,2024-12-16,2024-12-23,2024-12-23,OUT-005,SUP-004,240,233.0,786.78,188827.2,7,7,True,Received
PO-000472,2025-01-13,2025-01-20,2025-01-20,OUT-005,SUP-004,216,212.0,786.78,169944.48,7,7,True,Received
PO-000473,2025-03-03,2025-03-10,2025-03-10,OUT-005,SUP-004,240,239.0,786.78,188827.2,7,7,True,Received
PO-000474,2025-04-21,2025-04-28,2025-04-28,OUT-005,SUP-004,232,228.0,786.78,182532.96,7,7,True,Received
PO-000475,2025-06-23,2025-06-30,2025-06-30,OUT-005,SUP-004,232,226.0,786.78,182532.96,7,7,True,Received
PO-000476,2025-08-25,2025-09-01,2025-09-01,OUT-005,SUP-004,216,210.0,786.78,169944.48,7,7,True,Received
PO-000477,2025-10-13,2025-10-20,2025-10-27,OUT-005,SUP-004,208,203.0,786.78,163650.24,7,14,False,Received
PO-000478,2025-11-17,2025-11-24,2025-11-24,OUT-005,SUP-004,224,220.0,786.78,176238.72,7,7,True,Received
PO-000479,2025-12-15,2025-12-22,2025-12-22,OUT-005,SUP-004,240,233.0,786.78,188827.2,7,7,True,Received
PO-000480,2023-01-16,2023-02-20,2023-02-20,OUT-006,SUP-005,190,186.0,1814.03,344665.7,35,35,True,Received
PO-000481,2023-02-27,2023-04-03,2023-04-03,OUT-006,SUP-005,200,199.0,1814.03,362806.0,35,35,True,Received
PO-000482,2023-04-17,2023-05-22,2023-05-22,OUT-006,SUP-005,190,188.0,1814.03,344665.7,35,35,True,Received
PO-000483,2023-07-03,2023-08-07,2023-08-07,OUT-006,SUP-005,200,200.0,1814.03,362806.0,35,35,True,Received
PO-000484,2023-09-18,2023-10-23,2023-10-23,OUT-006,SUP-005,200,198.0,1814.03,362806.0,35,35,True,Received
PO-000485,2023-10-30,2023-12-04,2023-12-04,OUT-006,SUP-005,190,189.0,1814.03,344665.7,35,35,True,Received
PO-000486,2023-12-11,2024-01-15,2024-01-15,OUT-006,SUP-005,220,216.0,1814.03,399086.6,35,35,True,Received
PO-000487,2024-01-29,2024-03-04,2024-03-04,OUT-006,SUP-005,200,195.0,1814.03,362806.0,35,35,True,Received
PO-000488,2024-03-18,2024-04-22,2024-04-22,OUT-006,SUP-005,200,195.0,1814.03,362806.0,35,35,True,Received
PO-000489,2024-05-13,2024-06-17,2024-06-17,OUT-006,SUP-005,190,185.0,1814.03,344665.7,35,35,True,Received
PO-000490,2024-07-29,2024-09-02,2024-08-26,OUT-006,SUP-005,190,185.0,1814.03,344665.7,35,28,True,Received
PO-000491,2024-09-23,2024-10-28,2024-10-28,OUT-006,SUP-005,190,186.0,1814.03,344665.7,35,35,True,Received
PO-000492,2024-11-11,2024-12-16,2024-12-16,OUT-006,SUP-005,230,228.0,1814.03,417226.9,35,35,True,Received
PO-000493,2024-12-30,2025-02-03,2025-02-03,OUT-006,SUP-005,190,185.0,1814.03,344665.7,35,35,True,Received
PO-000494,2025-02-10,2025-03-17,2025-03-17,OUT-006,SUP-005,200,197.0,1814.03,362806.0,35,35,True,Received
PO-000495,2025-03-24,2025-04-28,2025-04-28,OUT-006,SUP-005,190,186.0,1814.03,344665.7,35,35,True,Received
PO-000496,2025-05-19,2025-06-23,2025-06-23,OUT-006,SUP-005,200,195.0,1814.03,362806.0,35,35,True,Received
PO-000497,2025-08-04,2025-09-08,2025-09-08,OUT-006,SUP-005,210,207.0,1814.03,380946.3,35,35,True,Received
PO-000498,2025-09-22,2025-10-27,2025-10-27,OUT-006,SUP-005,190,186.0,1814.03,344665.7,35,35,True,Received
PO-000499,2025-11-10,2025-12-15,2025-12-15,OUT-006,SUP-005,220,214.0,1814.03,399086.6,35,35,True,Received
PO-000500,2025-12-22,2026-01-26,2025-12-29,OUT-006,SUP-005,240,239.0,1814.03,435367.2,35,7,True,Received
PO-000501,2023-01-30,2023-02-20,2023-02-20,OUT-007,SUP-006,336,328.0,2002.5,672840.0,21,21,True,Received
PO-000502,2023-03-20,2023-04-10,2023-04-10,OUT-007,SUP-006,344,341.0,2002.5,688860.0,21,21,True,Received
PO-000503,2023-06-05,2023-06-26,2023-06-19,OUT-007,SUP-006,304,302.0,2002.5,608760.0,21,14,True,Received
PO-000504,2023-08-21,2023-09-11,2023-09-11,OUT-007,SUP-006,296,290.0,2002.5,592740.0,21,21,True,Received
PO-000505,2023-10-16,2023-11-06,2023-11-13,OUT-007,SUP-006,312,304.0,2002.5,624780.0,21,28,False,Received
PO-000506,2023-11-27,2023-12-18,2023-12-18,OUT-007,SUP-006,368,359.0,2002.5,736920.0,21,21,True,Received
PO-000507,2024-01-08,2024-01-29,2024-01-29,OUT-007,SUP-006,320,315.0,2002.5,640800.0,21,21,True,Received
PO-000508,2024-02-19,2024-03-11,2024-03-11,OUT-007,SUP-006,304,301.0,2002.5,608760.0,21,21,True,Received
PO-000509,2024-04-15,2024-05-06,2024-05-06,OUT-007,SUP-006,304,295.0,2002.5,608760.0,21,21,True,Received
PO-000510,2024-06-17,2024-07-08,2024-07-01,OUT-007,SUP-006,304,303.0,2002.5,608760.0,21,14,True,Received
PO-000511,2024-08-19,2024-09-09,2024-09-09,OUT-007,SUP-006,304,302.0,2002.5,608760.0,21,21,True,Received
PO-000512,2024-10-14,2024-11-04,2024-11-04,OUT-007,SUP-006,336,326.0,2002.5,672840.0,21,21,True,Received
PO-000513,2024-11-25,2024-12-16,2024-12-16,OUT-007,SUP-006,384,374.0,2002.5,768960.0,21,21,True,Received
PO-000514,2025-01-13,2025-02-03,2025-01-27,OUT-007,SUP-006,360,355.0,2002.5,720900.0,21,14,True,Received
PO-000515,2025-02-17,2025-03-10,2025-03-10,OUT-007,SUP-006,312,308.0,2002.5,624780.0,21,21,True,Received
PO-000516,2025-03-31,2025-04-21,2025-04-21,OUT-007,SUP-006,336,330.0,2002.5,672840.0,21,21,True,Received
PO-000517,2025-06-02,2025-06-23,2025-06-23,OUT-007,SUP-006,320,320.0,2002.5,640800.0,21,21,True,Received
PO-000518,2025-08-11,2025-09-01,2025-09-01,OUT-007,SUP-006,320,311.0,2002.5,640800.0,21,21,True,Received
PO-000519,2025-10-06,2025-10-27,2025-10-27,OUT-007,SUP-006,312,305.0,2002.5,624780.0,21,21,True,Received
PO-000520,2025-11-10,2025-12-01,2025-12-01,OUT-007,SUP-006,304,304.0,2002.5,608760.0,21,21,True,Received
PO-000521,2025-12-15,2026-01-05,2025-12-29,OUT-007,SUP-006,320,318.0,2002.5,640800.0,21,14,True,Received
PO-000522,2023-01-16,2023-02-13,2023-02-13,OUT-008,SUP-007,204,201.0,1340.76,273515.04,28,28,True,Received
PO-000523,2023-03-06,2023-04-03,2023-04-03,OUT-008,SUP-007,198,197.0,1340.76,265470.48,28,28,True,Received
PO-000524,2023-05-01,2023-05-29,2023-06-05,OUT-008,SUP-007,186,183.0,1340.76,249381.36,28,35,False,Received
PO-000525,2023-07-17,2023-08-14,2023-08-14,OUT-008,SUP-007,192,187.0,1340.76,257425.92,28,28,True,Received
PO-000526,2023-09-18,2023-10-16,2023-10-16,OUT-008,SUP-007,198,197.0,1340.76,265470.48,28,28,True,Received
PO-000527,2023-11-06,2023-12-04,2023-12-04,OUT-008,SUP-007,186,186.0,1340.76,249381.36,28,28,True,Received
PO-000528,2023-12-18,2024-01-15,2024-01-08,OUT-008,SUP-007,216,215.0,1340.76,289604.16,28,21,True,Received
PO-000529,2024-01-22,2024-02-19,2024-02-19,OUT-008,SUP-007,180,178.0,1340.76,241336.8,28,28,True,Received
PO-000530,2024-03-04,2024-04-01,2024-04-01,OUT-008,SUP-007,180,175.0,1340.76,241336.8,28,28,True,Received
PO-000531,2024-04-22,2024-05-20,2024-05-20,OUT-008,SUP-007,180,177.0,1340.76,241336.8,28,28,True,Received
PO-000532,2024-06-24,2024-07-22,2024-07-22,OUT-008,SUP-007,192,191.0,1340.76,257425.92,28,28,True,Received
PO-000533,2024-08-26,2024-09-23,2024-09-23,OUT-008,SUP-007,180,177.0,1340.76,241336.8,28,28,True,Received
PO-000534,2024-10-21,2024-11-18,2024-11-18,OUT-008,SUP-007,210,204.0,1340.76,281559.6,28,28,True,Received
PO-000535,2024-11-25,2024-12-23,2024-12-23,OUT-008,SUP-007,186,182.0,1340.76,249381.36,28,28,True,Received
PO-000536,2024-12-30,2025-01-27,2025-01-27,OUT-008,SUP-007,198,194.0,1340.76,265470.48,28,28,True,Received
PO-000537,2025-02-10,2025-03-10,2025-03-10,OUT-008,SUP-007,180,177.0,1340.76,241336.8,28,28,True,Received
PO-000538,2025-03-24,2025-04-21,2025-04-21,OUT-008,SUP-007,210,205.0,1340.76,281559.6,28,28,True,Received
PO-000539,2025-05-19,2025-06-16,2025-06-16,OUT-008,SUP-007,186,185.0,1340.76,249381.36,28,28,True,Received
PO-000540,2025-07-28,2025-08-25,2025-08-25,OUT-008,SUP-007,180,177.0,1340.76,241336.8,28,28,True,Received
PO-000541,2025-09-22,2025-10-20,2025-10-20,OUT-008,SUP-007,192,190.0,1340.76,257425.92,28,28,True,Received
PO-000542,2025-11-03,2025-12-01,2025-12-01,OUT-008,SUP-007,198,195.0,1340.76,265470.48,28,28,True,Received
PO-000543,2025-12-15,2026-01-12,2025-12-29,OUT-008,SUP-007,198,196.0,1340.76,265470.48,28,14,True,Received
PO-000544,2023-02-27,2023-03-06,2023-03-06,OUT-009,SUP-008,280,276.0,1253.65,351022.0,7,7,True,Received
PO-000545,2023-04-24,2023-05-01,2023-05-01,OUT-009,SUP-008,272,267.0,1253.65,340992.8,7,7,True,Received
PO-000546,2023-07-03,2023-07-10,2023-07-10,OUT-009,SUP-008,272,271.0,1253.65,340992.8,7,7,True,Received
PO-000547,2023-09-18,2023-09-25,2023-09-25,OUT-009,SUP-008,280,276.0,1253.65,351022.0,7,7,True,Received
PO-000548,2023-11-13,2023-11-20,2023-11-20,OUT-009,SUP-008,304,301.0,1253.65,381109.6,7,7,True,Received
PO-000549,2023-12-11,2023-12-18,2023-12-18,OUT-009,SUP-008,284,283.0,1253.65,356036.6,7,7,True,Received
PO-000550,2024-01-15,2024-01-22,2024-01-22,OUT-009,SUP-008,276,270.0,1253.65,346007.4,7,7,True,Received
PO-000551,2024-02-26,2024-03-04,2024-03-04,OUT-009,SUP-008,272,265.0,1253.65,340992.8,7,7,True,Received
PO-000552,2024-04-15,2024-04-22,2024-04-22,OUT-009,SUP-008,300,298.0,1253.65,376095.0,7,7,True,Received
PO-000553,2024-07-01,2024-07-08,2024-07-08,OUT-009,SUP-008,292,291.0,1253.65,366065.8,7,7,True,Received
PO-000554,2024-09-02,2024-09-09,2024-09-09,OUT-009,SUP-008,292,290.0,1253.65,366065.8,7,7,True,Received
PO-000555,2024-10-21,2024-10-28,2024-10-28,OUT-009,SUP-008,288,285.0,1253.65,361051.2,7,7,True,Received
PO-000556,2024-11-25,2024-12-02,2024-12-02,OUT-009,SUP-008,316,307.0,1253.65,396153.4,7,7,True,Received
PO-000557,2024-12-30,2025-01-06,2025-01-13,OUT-009,SUP-008,272,267.0,1253.65,340992.8,7,14,False,Received
PO-000558,2025-02-03,2025-02-10,2025-02-10,OUT-009,SUP-008,292,291.0,1253.65,366065.8,7,7,True,Received
PO-000559,2025-03-24,2025-03-31,2025-03-31,OUT-009,SUP-008,284,277.0,1253.65,356036.6,7,7,True,Received
PO-000560,2025-05-12,2025-05-19,2025-05-19,OUT-009,SUP-008,272,267.0,1253.65,340992.8,7,7,True,Received
PO-000561,2025-07-21,2025-07-28,2025-07-28,OUT-009,SUP-008,280,278.0,1253.65,351022.0,7,7,True,Received
PO-000562,2025-09-22,2025-09-29,2025-09-29,OUT-009,SUP-008,288,283.0,1253.65,361051.2,7,7,True,Received
PO-000563,2025-11-03,2025-11-10,2025-11-10,OUT-009,SUP-008,296,293.0,1253.65,371080.4,7,7,True,Received
PO-000564,2025-12-01,2025-12-08,2025-12-08,OUT-009,SUP-008,276,271.0,1253.65,346007.4,7,7,True,Received
PO-000565,2023-01-30,2023-02-09,2023-02-13,OUT-010,SUP-001,234,232.0,1687.75,394933.5,10,14,False,Received
PO-000566,2023-03-20,2023-03-30,2023-04-03,OUT-010,SUP-001,234,232.0,1687.75,394933.5,10,14,False,Received
PO-000567,2023-05-15,2023-05-25,2023-05-29,OUT-010,SUP-001,204,202.0,1687.75,344301.0,10,14,False,Received
PO-000568,2023-07-24,2023-08-03,2023-08-07,OUT-010,SUP-001,204,204.0,1687.75,344301.0,10,14,False,Received
PO-000569,2023-09-18,2023-09-28,2023-10-02,OUT-010,SUP-001,222,218.0,1687.75,374680.5,10,14,False,Received
PO-000570,2023-11-06,2023-11-16,2023-11-20,OUT-010,SUP-001,222,220.0,1687.75,374680.5,10,14,False,Received
PO-000571,2023-12-11,2023-12-21,2023-12-25,OUT-010,SUP-001,252,246.0,1687.75,425313.0,10,14,False,Received
PO-000572,2024-01-22,2024-02-01,2024-02-05,OUT-010,SUP-001,240,234.0,1687.75,405060.0,10,14,False,Received
PO-000573,2024-03-04,2024-03-14,2024-03-18,OUT-010,SUP-001,228,227.0,1687.75,384807.0,10,14,False,Received
PO-000574,2024-04-29,2024-05-09,2024-05-13,OUT-010,SUP-001,222,220.0,1687.75,374680.5,10,14,False,Received
PO-000575,2024-07-15,2024-07-25,2024-08-05,OUT-010,SUP-001,210,206.0,1687.75,354427.5,10,21,False,Received
PO-000576,2024-09-09,2024-09-19,2024-09-23,OUT-010,SUP-001,210,207.0,1687.75,354427.5,10,14,False,Received
PO-000577,2024-10-21,2024-10-31,2024-11-04,OUT-010,SUP-001,228,227.0,1687.75,384807.0,10,14,False,Received
PO-000578,2024-11-18,2024-11-28,2024-12-02,OUT-010,SUP-001,210,208.0,1687.75,354427.5,10,14,False,Received
PO-000579,2024-12-23,2025-01-02,2025-01-06,OUT-010,SUP-001,240,234.0,1687.75,405060.0,10,14,False,Received
PO-000580,2025-02-03,2025-02-13,2025-02-10,OUT-010,SUP-001,240,237.0,1687.75,405060.0,10,7,True,Received
PO-000581,2025-03-17,2025-03-27,2025-03-31,OUT-010,SUP-001,258,252.0,1687.75,435439.5,10,14,False,Received
PO-000582,2025-05-12,2025-05-22,2025-05-26,OUT-010,SUP-001,228,222.0,1687.75,384807.0,10,14,False,Received
PO-000583,2025-07-21,2025-07-31,2025-08-04,OUT-010,SUP-001,240,235.0,1687.75,405060.0,10,14,False,Received
PO-000584,2025-09-15,2025-09-25,2025-10-06,OUT-010,SUP-001,216,213.0,1687.75,364554.0,10,21,False,Received
PO-000585,2025-10-27,2025-11-06,2025-11-10,OUT-010,SUP-001,222,215.0,1687.75,374680.5,10,14,False,Received
PO-000586,2025-11-24,2025-12-04,2025-12-08,OUT-010,SUP-001,222,221.0,1687.75,374680.5,10,14,False,Received
PO-000587,2025-12-29,2026-01-08,2025-12-29,OUT-010,SUP-001,246,0.0,1687.75,415186.5,10,0,True,Received
PO-000588,2023-02-20,2023-03-10,2023-03-13,TOP-001,SUP-002,496,496.0,403.84,200304.64,18,21,True,Received
PO-000589,2023-04-17,2023-05-05,2023-05-08,TOP-001,SUP-002,504,500.0,403.84,203535.36,18,21,True,Received
PO-000590,2023-06-12,2023-06-30,2023-07-03,TOP-001,SUP-002,560,544.0,403.84,226150.4,18,21,True,Received
PO-000591,2023-07-24,2023-08-11,2023-08-14,TOP-001,SUP-002,576,569.0,403.84,232611.84,18,21,True,Received
PO-000592,2023-09-11,2023-09-29,2023-10-02,TOP-001,SUP-002,552,545.0,403.84,222919.68,18,21,True,Received
PO-000593,2023-11-06,2023-11-24,2023-11-27,TOP-001,SUP-002,504,495.0,403.84,203535.36,18,21,True,Received
PO-000594,2024-01-01,2024-01-19,2024-01-22,TOP-001,SUP-002,480,473.0,403.84,193843.2,18,21,True,Received
PO-000595,2024-03-04,2024-03-22,2024-03-25,TOP-001,SUP-002,488,487.0,403.84,197073.92,18,21,True,Received
PO-000596,2024-04-29,2024-05-17,2024-05-20,TOP-001,SUP-002,528,514.0,403.84,213227.52,18,21,True,Received
PO-000597,2024-06-10,2024-06-28,2024-07-01,TOP-001,SUP-002,512,506.0,403.84,206766.08,18,21,True,Received
PO-000598,2024-07-22,2024-08-09,2024-08-12,TOP-001,SUP-002,536,535.0,403.84,216458.24,18,21,True,Received
PO-000599,2024-09-02,2024-09-20,2024-09-23,TOP-001,SUP-002,536,526.0,403.84,216458.24,18,21,True,Received
PO-000600,2024-10-21,2024-11-08,2024-11-11,TOP-001,SUP-002,512,507.0,403.84,206766.08,18,21,True,Received
PO-000601,2024-12-09,2024-12-27,2024-12-30,TOP-001,SUP-002,520,514.0,403.84,209996.8,18,21,True,Received
PO-000602,2025-02-10,2025-02-28,2025-03-03,TOP-001,SUP-002,496,487.0,403.84,200304.64,18,21,True,Received
PO-000603,2025-03-24,2025-04-11,2025-04-14,TOP-001,SUP-002,480,471.0,403.84,193843.2,18,21,True,Received
PO-000604,2025-05-05,2025-05-23,2025-05-26,TOP-001,SUP-002,488,487.0,403.84,197073.92,18,21,True,Received
PO-000605,2025-06-09,2025-06-27,2025-06-30,TOP-001,SUP-002,512,497.0,403.84,206766.08,18,21,True,Received
PO-000606,2025-07-14,2025-08-01,2025-08-04,TOP-001,SUP-002,528,517.0,403.84,213227.52,18,21,True,Received
PO-000607,2025-08-25,2025-09-12,2025-09-15,TOP-001,SUP-002,536,528.0,403.84,216458.24,18,21,True,Received
PO-000608,2025-10-06,2025-10-24,2025-10-27,TOP-001,SUP-002,512,498.0,403.84,206766.08,18,21,True,Received
PO-000609,2025-11-17,2025-12-05,2025-12-08,TOP-001,SUP-002,512,502.0,403.84,206766.08,18,21,True,Received
PO-000610,2025-12-29,2026-01-16,2025-12-29,TOP-001,SUP-002,520,0.0,403.84,209996.8,18,0,True,Received
PO-000611,2023-02-20,2023-03-06,2023-03-06,TOP-002,SUP-003,470,457.0,553.67,260224.9,14,14,True,Received
PO-000612,2023-04-17,2023-05-01,2023-05-08,TOP-002,SUP-003,490,482.0,553.67,271298.3,14,21,False,Received
PO-000613,2023-06-05,2023-06-19,2023-06-19,TOP-002,SUP-003,450,448.0,553.67,249151.5,14,14,True,Received
PO-000614,2023-07-10,2023-07-24,2023-07-24,TOP-002,SUP-003,490,487.0,553.67,271298.3,14,14,True,Received
PO-000615,2023-08-21,2023-09-04,2023-09-04,TOP-002,SUP-003,480,474.0,553.67,265761.6,14,14,True,Received
PO-000616,2023-10-02,2023-10-16,2023-10-16,TOP-002,SUP-003,460,447.0,553.67,254688.2,14,14,True,Received
PO-000617,2023-11-27,2023-12-11,2023-12-11,TOP-002,SUP-003,460,450.0,553.67,254688.2,14,14,True,Received
PO-000618,2024-01-29,2024-02-12,2024-02-12,TOP-002,SUP-003,460,449.0,553.67,254688.2,14,14,True,Received
PO-000619,2024-03-25,2024-04-08,2024-04-08,TOP-002,SUP-003,490,480.0,553.67,271298.3,14,14,True,Received
PO-000620,2024-05-13,2024-05-27,2024-05-27,TOP-002,SUP-003,500,499.0,553.67,276835.0,14,14,True,Received
PO-000621,2024-06-24,2024-07-08,2024-07-08,TOP-002,SUP-003,500,494.0,553.67,276835.0,14,14,True,Received
PO-000622,2024-07-29,2024-08-12,2024-08-12,TOP-002,SUP-003,460,447.0,553.67,254688.2,14,14,True,Received
PO-000623,2024-09-09,2024-09-23,2024-09-23,TOP-002,SUP-003,480,479.0,553.67,265761.6,14,14,True,Received
PO-000624,2024-10-21,2024-11-04,2024-11-04,TOP-002,SUP-003,470,469.0,553.67,260224.9,14,14,True,Received
PO-000625,2024-12-09,2024-12-23,2024-12-23,TOP-002,SUP-003,460,454.0,553.67,254688.2,14,14,True,Received
PO-000626,2025-02-10,2025-02-24,2025-02-17,TOP-002,SUP-003,490,478.0,553.67,271298.3,14,7,True,Received
PO-000627,2025-03-31,2025-04-14,2025-04-14,TOP-002,SUP-003,510,499.0,553.67,282371.7,14,14,True,Received
PO-000628,2025-05-12,2025-05-26,2025-05-26,TOP-002,SUP-003,520,513.0,553.67,287908.4,14,14,True,Received
PO-000629,2025-06-23,2025-07-07,2025-07-07,TOP-002,SUP-003,540,527.0,553.67,298981.8,14,14,True,Received
PO-000630,2025-08-04,2025-08-18,2025-08-18,TOP-002,SUP-003,530,514.0,553.67,293445.1,14,14,True,Received
PO-000631,2025-09-15,2025-09-29,2025-09-29,TOP-002,SUP-003,540,531.0,553.67,298981.8,14,14,True,Received
PO-000632,2025-11-03,2025-11-17,2025-11-17,TOP-002,SUP-003,490,480.0,553.67,271298.3,14,14,True,Received
PO-000633,2025-12-22,2026-01-05,2025-12-29,TOP-002,SUP-003,510,495.0,553.67,282371.7,14,7,True,Received
PO-000634,2023-03-27,2023-04-03,2023-04-03,TOP-003,SUP-004,528,526.0,343.65,181447.2,7,7,True,Received
PO-000635,2023-05-22,2023-05-29,2023-05-29,TOP-003,SUP-004,582,572.0,343.65,200004.3,7,7,True,Received
PO-000636,2023-07-03,2023-07-10,2023-07-10,TOP-003,SUP-004,582,576.0,343.65,200004.3,7,7,True,Received
PO-000637,2023-08-14,2023-08-21,2023-08-21,TOP-003,SUP-004,516,507.0,343.65,177323.4,7,7,True,Received
PO-000638,2023-10-02,2023-10-09,2023-10-09,TOP-003,SUP-004,582,573.0,343.65,200004.3,7,7,True,Received
PO-000639,2023-11-20,2023-11-27,2023-11-27,TOP-003,SUP-004,534,523.0,343.65,183509.1,7,7,True,Received
PO-000640,2024-01-15,2024-01-22,2024-01-22,TOP-003,SUP-004,516,508.0,343.65,177323.4,7,7,True,Received
PO-000641,2024-03-18,2024-03-25,2024-03-25,TOP-003,SUP-004,528,518.0,343.65,181447.2,7,7,True,Received
PO-000642,2024-05-06,2024-05-13,2024-05-13,TOP-003,SUP-004,564,556.0,343.65,193818.6,7,7,True,Received
PO-000643,2024-06-17,2024-06-24,2024-06-24,TOP-003,SUP-004,522,507.0,343.65,179385.3,7,7,True,Received
PO-000644,2024-07-22,2024-07-29,2024-07-29,TOP-003,SUP-004,528,528.0,343.65,181447.2,7,7,True,Received
PO-000645,2024-09-02,2024-09-09,2024-09-09,TOP-003,SUP-004,504,497.0,343.65,173199.6,7,7,True,Received
PO-000646,2024-10-14,2024-10-21,2024-10-21,TOP-003,SUP-004,552,538.0,343.65,189694.8,7,7,True,Received
PO-000647,2024-11-25,2024-12-02,2024-12-02,TOP-003,SUP-004,534,520.0,343.65,183509.1,7,7,True,Received
PO-000648,2025-01-20,2025-01-27,2025-01-27,TOP-003,SUP-004,510,501.0,343.65,175261.5,7,7,True,Received
PO-000649,2025-03-17,2025-03-24,2025-03-24,TOP-003,SUP-004,540,529.0,343.65,185571.0,7,7,True,Received
PO-000650,2025-05-05,2025-05-12,2025-05-12,TOP-003,SUP-004,552,544.0,343.65,189694.8,7,7,True,Received
PO-000651,2025-06-09,2025-06-16,2025-06-16,TOP-003,SUP-004,516,511.0,343.65,177323.4,7,7,True,Received
PO-000652,2025-07-14,2025-07-21,2025-07-21,TOP-003,SUP-004,534,526.0,343.65,183509.1,7,7,True,Received
PO-000653,2025-08-18,2025-08-25,2025-08-25,TOP-003,SUP-004,522,515.0,343.65,179385.3,7,7,True,Received
PO-000654,2025-09-29,2025-10-06,2025-10-06,TOP-003,SUP-004,498,494.0,343.65,171137.7,7,7,True,Received
PO-000655,2025-11-17,2025-11-24,2025-11-24,TOP-003,SUP-004,576,575.0,343.65,197942.4,7,7,True,Received
PO-000656,2023-01-16,2023-02-20,2023-02-13,TOP-004,SUP-005,510,502.0,507.1,258621.0,35,28,True,Received
PO-000657,2023-03-20,2023-04-24,2023-04-17,TOP-004,SUP-005,520,512.0,507.1,263692.0,35,28,True,Received
PO-000658,2023-05-08,2023-06-12,2023-06-12,TOP-004,SUP-005,500,486.0,507.1,253550.0,35,35,True,Received
PO-000659,2023-06-19,2023-07-24,2023-07-24,TOP-004,SUP-005,530,528.0,507.1,268763.0,35,35,True,Received
PO-000660,2023-07-31,2023-09-04,2023-08-28,TOP-004,SUP-005,530,515.0,507.1,268763.0,35,28,True,Received
PO-000661,2023-09-18,2023-10-23,2023-10-23,TOP-004,SUP-005,560,553.0,507.1,283976.0,35,35,True,Received
PO-000662,2023-11-13,2023-12-18,2023-12-11,TOP-004,SUP-005,530,515.0,507.1,268763.0,35,28,True,Received
PO-000663,2024-01-08,2024-02-12,2024-02-12,TOP-004,SUP-005,520,511.0,507.1,263692.0,35,35,True,Received
PO-000664,2024-03-11,2024-04-15,2024-04-15,TOP-004,SUP-005,510,500.0,507.1,258621.0,35,35,True,Received
PO-000665,2024-04-29,2024-06-03,2024-06-03,TOP-004,SUP-005,530,519.0,507.1,268763.0,35,35,True,Received
PO-000666,2024-06-10,2024-07-15,2024-07-15,TOP-004,SUP-005,540,533.0,507.1,273834.0,35,35,True,Received
PO-000667,2024-07-22,2024-08-26,2024-08-26,TOP-004,SUP-005,520,512.0,507.1,263692.0,35,35,True,Received
PO-000668,2024-09-02,2024-10-07,2024-10-07,TOP-004,SUP-005,540,532.0,507.1,273834.0,35,35,True,Received
PO-000669,2024-10-21,2024-11-25,2024-11-25,TOP-004,SUP-005,510,506.0,507.1,258621.0,35,35,True,Received
PO-000670,2024-12-09,2025-01-13,2025-01-13,TOP-004,SUP-005,520,518.0,507.1,263692.0,35,35,True,Received
PO-000671,2025-02-10,2025-03-17,2025-03-17,TOP-004,SUP-005,530,528.0,507.1,268763.0,35,35,True,Received
PO-000672,2025-03-31,2025-05-05,2025-05-05,TOP-004,SUP-005,530,526.0,507.1,268763.0,35,35,True,Received
PO-000673,2025-05-12,2025-06-16,2025-06-16,TOP-004,SUP-005,520,507.0,507.1,263692.0,35,35,True,Received
PO-000674,2025-06-23,2025-07-28,2025-08-04,TOP-004,SUP-005,540,527.0,507.1,273834.0,35,42,False,Received
PO-000675,2025-08-11,2025-09-15,2025-09-15,TOP-004,SUP-005,520,518.0,507.1,263692.0,35,35,True,Received
PO-000676,2025-09-22,2025-10-27,2025-10-20,TOP-004,SUP-005,520,516.0,507.1,263692.0,35,28,True,Received
PO-000677,2025-11-10,2025-12-15,2025-12-15,TOP-004,SUP-005,510,500.0,507.1,258621.0,35,35,True,Received
PO-000678,2025-12-22,2026-01-26,2025-12-29,TOP-004,SUP-005,510,502.0,507.1,258621.0,35,7,True,Received
PO-000679,2023-02-13,2023-03-06,2023-03-06,TOP-005,SUP-006,516,510.0,533.41,275239.56,21,21,True,Received
PO-000680,2023-04-10,2023-05-01,2023-05-01,TOP-005,SUP-006,564,559.0,533.41,300843.24,21,21,True,Received
PO-000681,2023-06-05,2023-06-26,2023-06-26,TOP-005,SUP-006,588,577.0,533.41,313645.08,21,21,True,Received
PO-000682,2023-07-17,2023-08-07,2023-08-07,TOP-005,SUP-006,540,524.0,533.41,288041.4,21,21,True,Received
PO-000683,2023-08-28,2023-09-18,2023-09-18,TOP-005,SUP-006,528,523.0,533.41,281640.48,21,21,True,Received
PO-000684,2023-10-16,2023-11-06,2023-11-06,TOP-005,SUP-006,552,551.0,533.41,294442.32,21,21,True,Received
PO-000685,2023-11-27,2023-12-18,2023-12-11,TOP-005,SUP-006,516,508.0,533.41,275239.56,21,14,True,Received
PO-000686,2024-02-05,2024-02-26,2024-02-26,TOP-005,SUP-006,540,530.0,533.41,288041.4,21,21,True,Received
PO-000687,2024-04-01,2024-04-22,2024-04-22,TOP-005,SUP-006,528,527.0,533.41,281640.48,21,21,True,Received
PO-000688,2024-05-13,2024-06-03,2024-06-03,TOP-005,SUP-006,540,540.0,533.41,288041.4,21,21,True,Received
PO-000689,2024-06-24,2024-07-15,2024-07-15,TOP-005,SUP-006,588,577.0,533.41,313645.08,21,21,True,Received
PO-000690,2024-08-05,2024-08-26,2024-08-26,TOP-005,SUP-006,588,575.0,533.41,313645.08,21,21,True,Received
PO-000691,2024-09-23,2024-10-14,2024-10-14,TOP-005,SUP-006,588,575.0,533.41,313645.08,21,21,True,Received
PO-000692,2024-11-18,2024-12-09,2024-12-09,TOP-005,SUP-006,600,593.0,533.41,320046.0,21,21,True,Received
PO-000693,2025-01-13,2025-02-03,2025-02-03,TOP-005,SUP-006,540,532.0,533.41,288041.4,21,21,True,Received
PO-000694,2025-03-10,2025-03-31,2025-03-31,TOP-005,SUP-006,540,524.0,533.41,288041.4,21,21,True,Received
PO-000695,2025-04-21,2025-05-12,2025-05-12,TOP-005,SUP-006,528,522.0,533.41,281640.48,21,21,True,Received
PO-000696,2025-06-02,2025-06-23,2025-06-23,TOP-005,SUP-006,552,543.0,533.41,294442.32,21,21,True,Received
PO-000697,2025-07-07,2025-07-28,2025-07-28,TOP-005,SUP-006,564,554.0,533.41,300843.24,21,21,True,Received
PO-000698,2025-08-18,2025-09-08,2025-09-15,TOP-005,SUP-006,552,547.0,533.41,294442.32,21,28,False,Received
PO-000699,2025-09-29,2025-10-20,2025-10-27,TOP-005,SUP-006,516,504.0,533.41,275239.56,21,28,False,Received
PO-000700,2025-11-17,2025-12-08,2025-12-08,TOP-005,SUP-006,564,563.0,533.41,300843.24,21,21,True,Received
PO-000701,2023-02-27,2023-03-27,2023-03-27,TOP-006,SUP-007,672,660.0,668.62,449312.64,28,28,True,Received
PO-000702,2023-04-24,2023-05-22,2023-05-22,TOP-006,SUP-007,636,630.0,668.62,425242.32,28,28,True,Received
PO-000703,2023-06-12,2023-07-10,2023-07-17,TOP-006,SUP-007,732,715.0,668.62,489429.84,28,35,False,Received
PO-000704,2023-07-31,2023-08-28,2023-08-28,TOP-006,SUP-007,624,617.0,668.62,417218.88,28,28,True,Received
PO-000705,2023-09-18,2023-10-16,2023-10-16,TOP-006,SUP-007,660,655.0,668.62,441289.2,28,28,True,Received
PO-000706,2023-11-13,2023-12-11,2023-12-11,TOP-006,SUP-007,612,606.0,668.62,409195.44,28,28,True,Received
PO-000707,2024-01-08,2024-02-05,2024-02-05,TOP-006,SUP-007,624,614.0,668.62,417218.88,28,28,True,Received
PO-000708,2024-03-11,2024-04-08,2024-04-08,TOP-006,SUP-007,624,620.0,668.62,417218.88,28,28,True,Received
PO-000709,2024-05-06,2024-06-03,2024-06-03,TOP-006,SUP-007,684,674.0,668.62,457336.08,28,28,True,Received
PO-000710,2024-06-24,2024-07-22,2024-07-22,TOP-006,SUP-007,720,714.0,668.62,481406.4,28,28,True,Received
PO-000711,2024-08-05,2024-09-02,2024-09-02,TOP-006,SUP-007,624,610.0,668.62,417218.88,28,28,True,Received
PO-000712,2024-09-16,2024-10-14,2024-10-14,TOP-006,SUP-007,696,677.0,668.62,465359.52,28,28,True,Received
PO-000713,2024-11-04,2024-12-02,2024-12-02,TOP-006,SUP-007,612,606.0,668.62,409195.44,28,28,True,Received
PO-000714,2024-12-23,2025-01-20,2025-01-20,TOP-006,SUP-007,684,667.0,668.62,457336.08,28,28,True,Received
PO-000715,2025-02-24,2025-03-24,2025-03-24,TOP-006,SUP-007,612,604.0,668.62,409195.44,28,28,True,Received
PO-000716,2025-04-14,2025-05-12,2025-05-12,TOP-006,SUP-007,672,665.0,668.62,449312.64,28,28,True,Received
PO-000717,2025-05-26,2025-06-23,2025-06-23,TOP-006,SUP-007,636,626.0,668.62,425242.32,28,28,True,Received
PO-000718,2025-06-30,2025-07-28,2025-07-21,TOP-006,SUP-007,624,609.0,668.62,417218.88,28,21,True,Received
PO-000719,2025-08-11,2025-09-08,2025-09-08,TOP-006,SUP-007,708,691.0,668.62,473382.96,28,28,True,Received
PO-000720,2025-09-22,2025-10-20,2025-10-20,TOP-006,SUP-007,684,666.0,668.62,457336.08,28,28,True,Received
PO-000721,2025-11-10,2025-12-08,2025-12-08,TOP-006,SUP-007,660,645.0,668.62,441289.2,28,28,True,Received
PO-000722,2025-12-22,2026-01-19,2025-12-29,TOP-006,SUP-007,636,634.0,668.62,425242.32,28,7,True,Received
PO-000723,2023-03-06,2023-03-13,2023-03-13,TOP-007,SUP-008,666,664.0,241.52,160852.32,7,7,True,Received
PO-000724,2023-05-01,2023-05-08,2023-05-08,TOP-007,SUP-008,636,617.0,241.52,153606.72,7,7,True,Received
PO-000725,2023-06-12,2023-06-19,2023-06-19,TOP-007,SUP-008,654,643.0,241.52,157954.08,7,7,True,Received
PO-000726,2023-07-24,2023-07-31,2023-07-31,TOP-007,SUP-008,726,716.0,241.52,175343.52,7,7,True,Received
PO-000727,2023-09-04,2023-09-11,2023-09-11,TOP-007,SUP-008,666,649.0,241.52,160852.32,7,7,True,Received
PO-000728,2023-10-23,2023-10-30,2023-10-30,TOP-007,SUP-008,654,636.0,241.52,157954.08,7,7,True,Received
PO-000729,2023-12-18,2023-12-25,2023-12-25,TOP-007,SUP-008,636,619.0,241.52,153606.72,7,7,True,Received
PO-000730,2024-02-26,2024-03-04,2024-03-04,TOP-007,SUP-008,636,629.0,241.52,153606.72,7,7,True,Received
PO-000731,2024-04-22,2024-04-29,2024-04-29,TOP-007,SUP-008,672,671.0,241.52,162301.44,7,7,True,Received
PO-000732,2024-06-10,2024-06-17,2024-06-17,TOP-007,SUP-008,726,725.0,241.52,175343.52,7,7,True,Received
PO-000733,2024-07-15,2024-07-22,2024-07-22,TOP-007,SUP-008,636,621.0,241.52,153606.72,7,7,True,Received
PO-000734,2024-08-26,2024-09-02,2024-09-02,TOP-007,SUP-008,678,660.0,241.52,163750.56,7,7,True,Received
PO-000735,2024-10-07,2024-10-14,2024-10-14,TOP-007,SUP-008,654,645.0,241.52,157954.08,7,7,True,Received
PO-000736,2024-11-25,2024-12-02,2024-11-25,TOP-007,SUP-008,666,0.0,241.52,160852.32,7,0,True,Received
PO-000737,2023-02-20,2023-03-02,2023-03-06,TOP-008,SUP-001,552,542.0,697.12,384810.24,10,14,False,Received
PO-000738,2023-04-17,2023-04-27,2023-05-01,TOP-008,SUP-001,540,539.0,697.12,376444.8,10,14,False,Received
PO-000739,2023-06-05,2023-06-15,2023-06-19,TOP-008,SUP-001,564,563.0,697.12,393175.68,10,14,False,Received
PO-000740,2023-07-17,2023-07-27,2023-07-31,TOP-008,SUP-001,504,493.0,697.12,351348.48,10,14,False,Received
PO-000741,2023-08-28,2023-09-07,2023-09-11,TOP-008,SUP-001,540,534.0,697.12,376444.8,10,14,False,Received
PO-000742,2023-10-23,2023-11-02,2023-11-06,TOP-008,SUP-001,540,525.0,697.12,376444.8,10,14,False,Received
PO-000743,2023-12-04,2023-12-14,2023-12-18,TOP-008,SUP-001,492,481.0,697.12,342983.04,10,14,False,Received
PO-000744,2024-02-19,2024-02-29,2024-03-04,TOP-008,SUP-001,516,508.0,697.12,359713.92,10,14,False,Received
PO-000745,2024-04-08,2024-04-18,2024-04-22,TOP-008,SUP-001,492,481.0,697.12,342983.04,10,14,False,Received
PO-000746,2024-05-20,2024-05-30,2024-06-03,TOP-008,SUP-001,492,490.0,697.12,342983.04,10,14,False,Received
PO-000747,2024-06-24,2024-07-04,2024-07-08,TOP-008,SUP-001,492,489.0,697.12,342983.04,10,14,False,Received
PO-000748,2024-07-29,2024-08-08,2024-08-12,TOP-008,SUP-001,504,500.0,697.12,351348.48,10,14,False,Received
PO-000749,2024-09-09,2024-09-19,2024-09-23,TOP-008,SUP-001,528,517.0,697.12,368079.36,10,14,False,Received
PO-000750,2024-10-21,2024-10-31,2024-11-04,TOP-008,SUP-001,504,493.0,697.12,351348.48,10,14,False,Received
PO-000751,2024-12-09,2024-12-19,2024-12-23,TOP-008,SUP-001,516,503.0,697.12,359713.92,10,14,False,Received
PO-000752,2025-02-10,2025-02-20,2025-02-24,TOP-008,SUP-001,540,529.0,697.12,376444.8,10,14,False,Received
PO-000753,2025-03-31,2025-04-10,2025-04-14,TOP-008,SUP-001,516,506.0,697.12,359713.92,10,14,False,Received
PO-000754,2025-05-12,2025-05-22,2025-06-02,TOP-008,SUP-001,516,516.0,697.12,359713.92,10,21,False,Received
PO-000755,2025-06-23,2025-07-03,2025-07-07,TOP-008,SUP-001,540,530.0,697.12,376444.8,10,14,False,Received
PO-000756,2025-07-28,2025-08-07,2025-08-04,TOP-008,SUP-001,504,490.0,697.12,351348.48,10,7,True,Received
PO-000757,2025-09-01,2025-09-11,2025-09-15,TOP-008,SUP-001,492,482.0,697.12,342983.04,10,14,False,Received
PO-000758,2025-10-06,2025-10-16,2025-10-20,TOP-008,SUP-001,516,512.0,697.12,359713.92,10,14,False,Received
PO-000759,2025-11-24,2025-12-04,2025-12-08,TOP-008,SUP-001,600,584.0,697.12,418272.0,10,14,False,Received
PO-000760,2023-02-20,2023-03-10,2023-03-13,TOP-009,SUP-002,760,752.0,344.68,261956.8,18,21,True,Received
PO-000761,2023-04-24,2023-05-12,2023-05-15,TOP-009,SUP-002,832,811.0,344.68,286773.76,18,21,True,Received
PO-000762,2023-06-05,2023-06-23,2023-06-26,TOP-009,SUP-002,752,743.0,344.68,259199.36,18,21,True,Received
PO-000763,2023-07-17,2023-08-04,2023-08-07,TOP-009,SUP-002,760,754.0,344.68,261956.8,18,21,True,Received
PO-000764,2023-09-04,2023-09-22,2023-09-25,TOP-009,SUP-002,824,817.0,344.68,284016.32,18,21,True,Received
PO-000765,2023-10-30,2023-11-17,2023-11-20,TOP-009,SUP-002,832,815.0,344.68,286773.76,18,21,True,Received
PO-000766,2023-12-18,2024-01-05,2024-01-08,TOP-009,SUP-002,736,724.0,344.68,253684.48,18,21,True,Received
PO-000767,2024-02-26,2024-03-15,2024-03-18,TOP-009,SUP-002,760,759.0,344.68,261956.8,18,21,True,Received
PO-000768,2024-04-15,2024-05-03,2024-05-06,TOP-009,SUP-002,752,735.0,344.68,259199.36,18,21,True,Received
PO-000769,2024-05-27,2024-06-14,2024-06-17,TOP-009,SUP-002,752,743.0,344.68,259199.36,18,21,True,Received
PO-000770,2024-07-08,2024-07-26,2024-07-29,TOP-009,SUP-002,848,843.0,344.68,292288.64,18,21,True,Received
PO-000771,2024-08-19,2024-09-06,2024-09-09,TOP-009,SUP-002,800,780.0,344.68,275744.0,18,21,True,Received
PO-000772,2024-09-30,2024-10-18,2024-10-21,TOP-009,SUP-002,840,822.0,344.68,289531.2,18,21,True,Received
PO-000773,2024-11-18,2024-12-06,2024-12-09,TOP-009,SUP-002,816,808.0,344.68,281258.88,18,21,True,Received
PO-000774,2025-01-20,2025-02-07,2025-02-10,TOP-009,SUP-002,808,789.0,344.68,278501.44,18,21,True,Received
PO-000775,2025-03-17,2025-04-04,2025-04-07,TOP-009,SUP-002,824,822.0,344.68,284016.32,18,21,True,Received
PO-000776,2025-05-05,2025-05-23,2025-05-26,TOP-009,SUP-002,824,801.0,344.68,284016.32,18,21,True,Received
PO-000777,2025-06-16,2025-07-04,2025-07-07,TOP-009,SUP-002,752,747.0,344.68,259199.36,18,21,True,Received
PO-000778,2025-07-21,2025-08-08,2025-08-18,TOP-009,SUP-002,800,789.0,344.68,275744.0,18,28,False,Received
PO-000779,2025-09-08,2025-09-26,2025-09-29,TOP-009,SUP-002,824,809.0,344.68,284016.32,18,21,True,Received
PO-000780,2025-10-27,2025-11-14,2025-11-17,TOP-009,SUP-002,824,809.0,344.68,284016.32,18,21,True,Received
PO-000781,2025-12-08,2025-12-26,2025-12-29,TOP-009,SUP-002,776,766.0,344.68,267471.68,18,21,True,Received
PO-000782,2023-03-06,2023-03-20,2023-03-20,TOP-010,SUP-003,672,666.0,244.34,164196.48,14,14,True,Received
PO-000783,2023-05-01,2023-05-15,2023-05-15,TOP-010,SUP-003,672,667.0,244.34,164196.48,14,14,True,Received
PO-000784,2023-06-12,2023-06-26,2023-06-26,TOP-010,SUP-003,648,647.0,244.34,158332.32,14,14,True,Received
PO-000785,2023-07-24,2023-08-07,2023-08-07,TOP-010,SUP-003,640,627.0,244.34,156377.6,14,14,True,Received
PO-000786,2023-09-04,2023-09-18,2023-09-18,TOP-010,SUP-003,640,637.0,244.34,156377.6,14,14,True,Received
PO-000787,2023-10-30,2023-11-13,2023-11-13,TOP-010,SUP-003,688,676.0,244.34,168105.92,14,14,True,Received
PO-000788,2023-12-18,2024-01-01,2024-01-01,TOP-010,SUP-003,696,679.0,244.34,170060.64,14,14,True,Received
PO-000789,2024-02-26,2024-03-11,2024-03-11,TOP-010,SUP-003,664,664.0,244.34,162241.76,14,14,True,Received
PO-000790,2024-04-22,2024-05-06,2024-05-06,TOP-010,SUP-003,696,687.0,244.34,170060.64,14,14,True,Received
PO-000791,2024-06-10,2024-06-24,2024-06-24,TOP-010,SUP-003,760,752.0,244.34,185698.4,14,14,True,Received
PO-000792,2024-07-22,2024-08-05,2024-08-05,TOP-010,SUP-003,768,747.0,244.34,187653.12,14,14,True,Received
PO-000793,2024-09-02,2024-09-16,2024-09-16,TOP-010,SUP-003,640,636.0,244.34,156377.6,14,14,True,Received
PO-000794,2024-10-21,2024-11-04,2024-11-04,TOP-010,SUP-003,640,635.0,244.34,156377.6,14,14,True,Received
PO-000795,2024-12-09,2024-12-23,2024-12-23,TOP-010,SUP-003,648,631.0,244.34,158332.32,14,14,True,Received
PO-000796,2025-02-10,2025-02-24,2025-02-24,TOP-010,SUP-003,672,656.0,244.34,164196.48,14,14,True,Received
PO-000797,2025-04-07,2025-04-21,2025-04-21,TOP-010,SUP-003,688,675.0,244.34,168105.92,14,14,True,Received
PO-000798,2025-05-12,2025-05-26,2025-05-26,TOP-010,SUP-003,648,630.0,244.34,158332.32,14,14,True,Received
PO-000799,2025-06-16,2025-06-30,2025-06-30,TOP-010,SUP-003,704,695.0,244.34,172015.36,14,14,True,Received
PO-000800,2025-07-21,2025-08-04,2025-08-04,TOP-010,SUP-003,768,757.0,244.34,187653.12,14,14,True,Received
PO-000801,2025-09-08,2025-09-22,2025-09-22,TOP-010,SUP-003,720,714.0,244.34,175924.8,14,14,True,Received
PO-000802,2025-10-27,2025-11-10,2025-11-10,TOP-010,SUP-003,664,663.0,244.34,162241.76,14,14,True,Received
PO-000803,2025-12-08,2025-12-22,2025-12-22,TOP-010,SUP-003,656,640.0,244.34,160287.04,14,14,True,Received
PO-000804,2023-03-06,2023-03-13,2023-03-13,BOT-001,SUP-004,504,491.0,820.98,413773.92,7,7,True,Received
PO-000805,2023-05-01,2023-05-08,2023-05-08,BOT-001,SUP-004,516,503.0,820.98,423625.68,7,7,True,Received
PO-000806,2023-06-19,2023-06-26,2023-06-26,BOT-001,SUP-004,480,470.0,820.98,394070.4,7,7,True,Received
PO-000807,2023-08-07,2023-08-14,2023-08-07,BOT-001,SUP-004,468,0.0,820.98,384218.64,7,0,True,Received
PO-000808,2023-01-30,2023-03-06,2023-03-06,BOT-002,SUP-005,480,475.0,498.77,239409.6,35,35,True,Received
PO-000809,2023-03-20,2023-04-24,2023-05-01,BOT-002,SUP-005,480,479.0,498.77,239409.6,35,42,False,Received
PO-000810,2023-05-08,2023-06-12,2023-06-12,BOT-002,SUP-005,488,488.0,498.77,243399.76,35,35,True,Received
PO-000811,2023-06-26,2023-07-31,2023-07-31,BOT-002,SUP-005,496,495.0,498.77,247389.92,35,35,True,Received
PO-000812,2023-08-21,2023-09-25,2023-09-25,BOT-002,SUP-005,492,492.0,498.77,245394.84,35,35,True,Received
PO-000813,2023-10-16,2023-11-20,2023-11-20,BOT-002,SUP-005,500,490.0,498.77,249385.0,35,35,True,Received
PO-000814,2023-11-27,2024-01-01,2024-01-01,BOT-002,SUP-005,504,499.0,498.77,251380.08,35,35,True,Received
PO-000815,2024-01-15,2024-02-19,2024-02-19,BOT-002,SUP-005,492,479.0,498.77,245394.84,35,35,True,Received
PO-000816,2024-03-11,2024-04-15,2024-04-15,BOT-002,SUP-005,488,485.0,498.77,243399.76,35,35,True,Received
PO-000817,2024-04-29,2024-06-03,2024-06-03,BOT-002,SUP-005,540,539.0,498.77,269335.8,35,35,True,Received
PO-000818,2024-06-17,2024-07-22,2024-07-22,BOT-002,SUP-005,552,546.0,498.77,275321.04,35,35,True,Received
PO-000819,2024-08-05,2024-09-09,2024-09-09,BOT-002,SUP-005,500,492.0,498.77,249385.0,35,35,True,Received
PO-000820,2024-09-23,2024-10-28,2024-10-28,BOT-002,SUP-005,476,467.0,498.77,237414.52,35,35,True,Received
PO-000821,2024-11-11,2024-12-16,2024-12-16,BOT-002,SUP-005,488,485.0,498.77,243399.76,35,35,True,Received
PO-000822,2024-12-23,2025-01-27,2025-01-27,BOT-002,SUP-005,508,496.0,498.77,253375.16,35,35,True,Received
PO-000823,2025-02-03,2025-03-10,2025-03-10,BOT-002,SUP-005,496,492.0,498.77,247389.92,35,35,True,Received
PO-000824,2025-03-17,2025-04-21,2025-04-21,BOT-002,SUP-005,512,497.0,498.77,255370.24,35,35,True,Received
PO-000825,2025-05-05,2025-06-09,2025-06-09,BOT-002,SUP-005,548,536.0,498.77,273325.96,35,35,True,Received
PO-000826,2025-06-23,2025-07-28,2025-07-28,BOT-002,SUP-005,512,503.0,498.77,255370.24,35,35,True,Received
PO-000827,2025-08-11,2025-09-15,2025-09-15,BOT-002,SUP-005,520,505.0,498.77,259360.4,35,35,True,Received
PO-000828,2025-09-29,2025-11-03,2025-11-03,BOT-002,SUP-005,512,498.0,498.77,255370.24,35,35,True,Received
PO-000829,2025-11-10,2025-12-15,2025-12-15,BOT-002,SUP-005,520,506.0,498.77,259360.4,35,35,True,Received
PO-000830,2025-12-22,2026-01-26,2025-12-29,BOT-002,SUP-005,516,508.0,498.77,257365.32,35,7,True,Received
PO-000831,2023-02-06,2023-02-27,2023-02-27,BOT-003,SUP-006,504,502.0,525.96,265083.84,21,21,True,Received
PO-000832,2023-04-03,2023-04-24,2023-04-24,BOT-003,SUP-006,516,503.0,525.96,271395.36,21,21,True,Received
PO-000833,2023-05-29,2023-06-19,2023-06-19,BOT-003,SUP-006,504,503.0,525.96,265083.84,21,21,True,Received
PO-000834,2023-07-24,2023-08-14,2023-08-07,BOT-003,SUP-006,504,495.0,525.96,265083.84,21,14,True,Received
PO-000835,2023-09-18,2023-10-09,2023-10-09,BOT-003,SUP-006,504,500.0,525.96,265083.84,21,21,True,Received
PO-000836,2023-11-06,2023-11-27,2023-11-27,BOT-003,SUP-006,456,450.0,525.96,239837.76,21,21,True,Received
PO-000837,2023-12-11,2024-01-01,2024-01-01,BOT-003,SUP-006,468,459.0,525.96,246149.28,21,21,True,Received
PO-000838,2024-01-29,2024-02-19,2024-02-19,BOT-003,SUP-006,468,461.0,525.96,246149.28,21,21,True,Received
PO-000839,2024-03-18,2024-04-08,2024-04-08,BOT-003,SUP-006,468,454.0,525.96,246149.28,21,21,True,Received
PO-000840,2024-04-29,2024-05-20,2024-05-20,BOT-003,SUP-006,492,490.0,525.96,258772.32,21,21,True,Received
PO-000841,2024-06-17,2024-07-08,2024-07-08,BOT-003,SUP-006,492,490.0,525.96,258772.32,21,21,True,Received
PO-000842,2024-08-05,2024-08-26,2024-08-26,BOT-003,SUP-006,492,485.0,525.96,258772.32,21,21,True,Received
PO-000843,2024-09-23,2024-10-14,2024-10-07,BOT-003,SUP-006,504,498.0,525.96,265083.84,21,14,True,Received
PO-000844,2024-11-11,2024-12-02,2024-12-02,BOT-003,SUP-006,480,468.0,525.96,252460.8,21,21,True,Received
PO-000845,2024-12-23,2025-01-13,2025-01-13,BOT-003,SUP-006,504,501.0,525.96,265083.84,21,21,True,Received
PO-000846,2025-02-03,2025-02-24,2025-02-24,BOT-003,SUP-006,468,463.0,525.96,246149.28,21,21,True,Received
PO-000847,2025-03-17,2025-04-07,2025-04-07,BOT-003,SUP-006,516,513.0,525.96,271395.36,21,21,True,Received
PO-000848,2025-05-05,2025-05-26,2025-05-26,BOT-003,SUP-006,504,496.0,525.96,265083.84,21,21,True,Received
PO-000849,2025-06-23,2025-07-14,2025-07-21,BOT-003,SUP-006,516,503.0,525.96,271395.36,21,28,False,Received
PO-000850,2025-08-11,2025-09-01,2025-09-01,BOT-003,SUP-006,492,477.0,525.96,258772.32,21,21,True,Received
PO-000851,2025-10-06,2025-10-27,2025-10-27,BOT-003,SUP-006,516,512.0,525.96,271395.36,21,21,True,Received
PO-000852,2025-11-17,2025-12-08,2025-12-08,BOT-003,SUP-006,528,518.0,525.96,277706.88,21,21,True,Received
PO-000853,2025-12-29,2026-01-19,2025-12-29,BOT-003,SUP-006,540,0.0,525.96,284018.4,21,0,True,Received
PO-000854,2023-02-06,2023-03-06,2023-03-06,BOT-004,SUP-007,372,362.0,954.47,355062.84,28,28,True,Received
PO-000855,2023-03-27,2023-04-24,2023-04-24,BOT-004,SUP-007,384,381.0,954.47,366516.48,28,28,True,Received
PO-000856,2023-05-22,2023-06-19,2023-06-19,BOT-004,SUP-007,372,366.0,954.47,355062.84,28,28,True,Received
PO-000857,2023-07-10,2023-08-07,2023-08-07,BOT-004,SUP-007,360,353.0,954.47,343609.2,28,28,True,Received
PO-000858,2023-09-04,2023-10-02,2023-10-02,BOT-004,SUP-007,372,369.0,954.47,355062.84,28,28,True,Received
PO-000859,2023-10-30,2023-11-27,2023-11-27,BOT-004,SUP-007,372,362.0,954.47,355062.84,28,28,True,Received
PO-000860,2023-12-11,2024-01-08,2024-01-08,BOT-004,SUP-007,396,392.0,954.47,377970.12,28,28,True,Received
PO-000861,2024-01-29,2024-02-26,2024-02-26,BOT-004,SUP-007,360,352.0,954.47,343609.2,28,28,True,Received
PO-000862,2024-03-18,2024-04-15,2024-04-15,BOT-004,SUP-007,360,352.0,954.47,343609.2,28,28,True,Received
PO-000863,2024-05-06,2024-06-03,2024-06-03,BOT-004,SUP-007,408,401.0,954.47,389423.76,28,28,True,Received
PO-000864,2024-06-24,2024-07-22,2024-07-22,BOT-004,SUP-007,396,392.0,954.47,377970.12,28,28,True,Received
PO-000865,2024-08-12,2024-09-09,2024-09-16,BOT-004,SUP-007,372,369.0,954.47,355062.84,28,35,False,Received
PO-000866,2024-09-30,2024-10-28,2024-11-04,BOT-004,SUP-007,360,350.0,954.47,343609.2,28,35,False,Received
PO-000867,2024-11-18,2024-12-16,2024-12-16,BOT-004,SUP-007,408,407.0,954.47,389423.76,28,28,True,Received
PO-000868,2025-01-06,2025-02-03,2025-02-03,BOT-004,SUP-007,360,353.0,954.47,343609.2,28,28,True,Received
PO-000869,2025-02-17,2025-03-17,2025-03-17,BOT-004,SUP-007,360,350.0,954.47,343609.2,28,28,True,Received
PO-000870,2025-03-31,2025-04-28,2025-04-21,BOT-004,SUP-007,396,389.0,954.47,377970.12,28,21,True,Received
PO-000871,2025-05-19,2025-06-16,2025-06-16,BOT-004,SUP-007,396,394.0,954.47,377970.12,28,28,True,Received
PO-000872,2025-07-07,2025-08-04,2025-08-04,BOT-004,SUP-007,384,384.0,954.47,366516.48,28,28,True,Received
PO-000873,2025-08-25,2025-09-22,2025-09-22,BOT-004,SUP-007,372,364.0,954.47,355062.84,28,28,True,Received
PO-000874,2025-10-06,2025-11-03,2025-11-10,BOT-004,SUP-007,360,351.0,954.47,343609.2,28,35,False,Received
PO-000875,2025-11-24,2025-12-22,2025-12-22,BOT-004,SUP-007,420,410.0,954.47,400877.4,28,28,True,Received
PO-000876,2023-02-06,2023-02-13,2023-02-13,BOT-005,SUP-008,468,455.0,650.09,304242.12,7,7,True,Received
PO-000877,2023-03-20,2023-03-27,2023-03-27,BOT-005,SUP-008,456,449.0,650.09,296441.04,7,7,True,Received
PO-000878,2023-05-15,2023-05-22,2023-05-22,BOT-005,SUP-008,468,465.0,650.09,304242.12,7,7,True,Received
PO-000879,2023-07-03,2023-07-10,2023-07-17,BOT-005,SUP-008,492,478.0,650.09,319844.28,7,14,False,Received
PO-000880,2023-08-28,2023-09-04,2023-09-04,BOT-005,SUP-008,474,470.0,650.09,308142.66,7,7,True,Received
PO-000881,2023-10-23,2023-10-30,2023-10-30,BOT-005,SUP-008,480,477.0,650.09,312043.2,7,7,True,Received
PO-000882,2023-12-04,2023-12-11,2023-12-11,BOT-005,SUP-008,498,488.0,650.09,323744.82,7,7,True,Received
PO-000883,2024-01-15,2024-01-22,2024-01-22,BOT-005,SUP-008,456,448.0,650.09,296441.04,7,7,True,Received
PO-000884,2024-03-04,2024-03-11,2024-03-11,BOT-005,SUP-008,450,438.0,650.09,292540.5,7,7,True,Received
PO-000885,2024-04-29,2024-05-06,2024-04-29,BOT-005,SUP-008,510,0.0,650.09,331545.9,7,0,True,Received
PO-000886,2023-02-20,2023-03-02,2023-03-06,BOT-006,SUP-001,568,560.0,755.72,429248.96,10,14,False,Received
PO-000887,2023-04-10,2023-04-20,2023-04-24,BOT-006,SUP-001,536,530.0,755.72,405065.92,10,14,False,Received
PO-000888,2023-06-05,2023-06-15,2023-06-19,BOT-006,SUP-001,528,525.0,755.72,399020.16,10,14,False,Received
PO-000889,2023-07-31,2023-08-10,2023-08-14,BOT-006,SUP-001,568,568.0,755.72,429248.96,10,14,False,Received
PO-000890,2023-10-02,2023-10-12,2023-10-16,BOT-006,SUP-001,576,572.0,755.72,435294.72,10,14,False,Received
PO-000891,2023-11-20,2023-11-30,2023-12-04,BOT-006,SUP-001,520,519.0,755.72,392974.4,10,14,False,Received
PO-000892,2024-01-01,2024-01-11,2024-01-15,BOT-006,SUP-001,536,533.0,755.72,405065.92,10,14,False,Received
PO-000893,2024-02-19,2024-02-29,2024-03-04,BOT-006,SUP-001,600,598.0,755.72,453432.0,10,14,False,Received
PO-000894,2024-04-08,2024-04-18,2024-04-15,BOT-006,SUP-001,568,556.0,755.72,429248.96,10,7,True,Received
PO-000895,2024-05-27,2024-06-06,2024-06-10,BOT-006,SUP-001,608,593.0,755.72,459477.76,10,14,False,Received
PO-000896,2024-07-08,2024-07-18,2024-07-22,BOT-006,SUP-001,512,504.0,755.72,386928.64,10,14,False,Received
PO-000897,2024-09-02,2024-09-12,2024-09-16,BOT-006,SUP-001,568,553.0,755.72,429248.96,10,14,False,Received
PO-000898,2024-10-21,2024-10-31,2024-11-04,BOT-006,SUP-001,520,518.0,755.72,392974.4,10,14,False,Received
PO-000899,2024-12-02,2024-12-12,2024-12-16,BOT-006,SUP-001,552,537.0,755.72,417157.44,10,14,False,Received
PO-000900,2025-01-13,2025-01-23,2025-01-27,BOT-006,SUP-001,544,529.0,755.72,411111.68,10,14,False,Received
PO-000901,2025-02-24,2025-03-06,2025-03-10,BOT-006,SUP-001,528,514.0,755.72,399020.16,10,14,False,Received
PO-000902,2025-04-07,2025-04-17,2025-04-14,BOT-006,SUP-001,520,512.0,755.72,392974.4,10,7,True,Received
PO-000903,2025-05-19,2025-05-29,2025-06-02,BOT-006,SUP-001,576,559.0,755.72,435294.72,10,14,False,Received
PO-000904,2025-07-07,2025-07-17,2025-07-21,BOT-006,SUP-001,576,562.0,755.72,435294.72,10,14,False,Received
PO-000905,2025-08-25,2025-09-04,2025-09-08,BOT-006,SUP-001,576,572.0,755.72,435294.72,10,14,False,Received
PO-000906,2025-10-13,2025-10-23,2025-10-27,BOT-006,SUP-001,568,563.0,755.72,429248.96,10,14,False,Received
PO-000907,2025-11-24,2025-12-04,2025-12-08,BOT-006,SUP-001,600,585.0,755.72,453432.0,10,14,False,Received
PO-000908,2023-02-13,2023-03-03,2023-03-06,BOT-007,SUP-002,456,445.0,724.11,330194.16,18,21,True,Received
PO-000909,2023-04-10,2023-04-28,2023-05-01,BOT-007,SUP-002,464,450.0,724.11,335987.04,18,21,True,Received
PO-000910,2023-05-29,2023-06-16,2023-06-19,BOT-007,SUP-002,420,411.0,724.11,304126.2,18,21,True,Received
PO-000911,2023-07-24,2023-08-11,2023-08-14,BOT-007,SUP-002,464,463.0,724.11,335987.04,18,21,True,Received
PO-000912,2023-09-11,2023-09-29,2023-10-02,BOT-007,SUP-002,416,410.0,724.11,301229.76,18,21,True,Received
PO-000913,2023-11-06,2023-11-24,2023-11-27,BOT-007,SUP-002,452,444.0,724.11,327297.72,18,21,True,Received
PO-000914,2023-12-18,2024-01-05,2024-01-08,BOT-007,SUP-002,440,430.0,724.11,318608.4,18,21,True,Received
PO-000915,2024-02-05,2024-02-23,2024-02-26,BOT-007,SUP-002,448,439.0,724.11,324401.28,18,21,True,Received
PO-000916,2024-03-25,2024-04-12,2024-04-15,BOT-007,SUP-002,448,442.0,724.11,324401.28,18,21,True,Received
PO-000917,2024-05-06,2024-05-24,2024-05-27,BOT-007,SUP-002,424,414.0,724.11,307022.64,18,21,True,Received
PO-000918,2024-06-24,2024-07-12,2024-07-15,BOT-007,SUP-002,472,459.0,724.11,341779.92,18,21,True,Received
PO-000919,2024-08-12,2024-08-30,2024-09-02,BOT-007,SUP-002,452,443.0,724.11,327297.72,18,21,True,Received
PO-000920,2024-10-07,2024-10-25,2024-10-28,BOT-007,SUP-002,476,465.0,724.11,344676.36,18,21,True,Received
PO-000921,2024-11-18,2024-12-06,2024-12-09,BOT-007,SUP-002,444,440.0,724.11,321504.84,18,21,True,Received
PO-000922,2024-12-30,2025-01-17,2025-01-20,BOT-007,SUP-002,420,414.0,724.11,304126.2,18,21,True,Received
PO-000923,2025-02-10,2025-02-28,2025-03-03,BOT-007,SUP-002,420,412.0,724.11,304126.2,18,21,True,Received
PO-000924,2025-03-24,2025-04-11,2025-04-07,BOT-007,SUP-002,440,436.0,724.11,318608.4,18,14,True,Received
PO-000925,2025-05-12,2025-05-30,2025-06-02,BOT-007,SUP-002,468,457.0,724.11,338883.48,18,21,True,Received
PO-000926,2025-06-23,2025-07-11,2025-07-14,BOT-007,SUP-002,416,413.0,724.11,301229.76,18,21,True,Received
PO-000927,2025-08-11,2025-08-29,2025-09-01,BOT-007,SUP-002,456,456.0,724.11,330194.16,18,21,True,Received
PO-000928,2025-10-06,2025-10-24,2025-10-27,BOT-007,SUP-002,468,460.0,724.11,338883.48,18,21,True,Received
PO-000929,2025-11-17,2025-12-05,2025-12-08,BOT-007,SUP-002,416,405.0,724.11,301229.76,18,21,True,Received
PO-000930,2025-12-22,2026-01-09,2025-12-29,BOT-007,SUP-002,480,477.0,724.11,347572.8,18,7,True,Received
PO-000931,2023-02-20,2023-03-06,2023-03-06,BOT-008,SUP-003,380,376.0,809.21,307499.8,14,14,True,Received
PO-000932,2023-04-17,2023-05-01,2023-05-01,BOT-008,SUP-003,380,369.0,809.21,307499.8,14,14,True,Received
PO-000933,2023-05-29,2023-06-12,2023-06-12,BOT-008,SUP-003,360,352.0,809.21,291315.6,14,14,True,Received
PO-000934,2023-07-24,2023-08-07,2023-08-07,BOT-008,SUP-003,370,364.0,809.21,299407.7,14,14,True,Received
PO-000935,2023-09-18,2023-10-02,2023-10-02,BOT-008,SUP-003,370,359.0,809.21,299407.7,14,14,True,Received
PO-000936,2023-11-06,2023-11-20,2023-11-20,BOT-008,SUP-003,360,357.0,809.21,291315.6,14,14,True,Received
PO-000937,2023-12-18,2024-01-01,2024-01-01,BOT-008,SUP-003,380,370.0,809.21,307499.8,14,14,True,Received
PO-000938,2024-02-05,2024-02-19,2024-02-19,BOT-008,SUP-003,360,352.0,809.21,291315.6,14,14,True,Received
PO-000939,2024-03-25,2024-04-08,2024-04-08,BOT-008,SUP-003,350,342.0,809.21,283223.5,14,14,True,Received
PO-000940,2024-05-13,2024-05-27,2024-05-27,BOT-008,SUP-003,380,370.0,809.21,307499.8,14,14,True,Received
PO-000941,2024-06-24,2024-07-08,2024-07-08,BOT-008,SUP-003,350,347.0,809.21,283223.5,14,14,True,Received
PO-000942,2024-08-12,2024-08-26,2024-08-26,BOT-008,SUP-003,380,369.0,809.21,307499.8,14,14,True,Received
PO-000943,2024-10-07,2024-10-21,2024-10-21,BOT-008,SUP-003,390,380.0,809.21,315591.9,14,14,True,Received
PO-000944,2024-11-18,2024-12-02,2024-12-02,BOT-008,SUP-003,360,351.0,809.21,291315.6,14,14,True,Received
PO-000945,2024-12-23,2025-01-06,2025-01-06,BOT-008,SUP-003,360,357.0,809.21,291315.6,14,14,True,Received
PO-000946,2025-02-10,2025-02-24,2025-02-24,BOT-008,SUP-003,350,348.0,809.21,283223.5,14,14,True,Received
PO-000947,2025-03-24,2025-04-07,2025-03-31,BOT-008,SUP-003,380,370.0,809.21,307499.8,14,7,True,Received
PO-000948,2025-05-12,2025-05-26,2025-05-26,BOT-008,SUP-003,400,397.0,809.21,323684.0,14,14,True,Received
PO-000949,2025-06-30,2025-07-14,2025-07-14,BOT-008,SUP-003,370,363.0,809.21,299407.7,14,14,True,Received
PO-000950,2025-08-18,2025-09-01,2025-09-01,BOT-008,SUP-003,360,354.0,809.21,291315.6,14,14,True,Received
PO-000951,2025-10-06,2025-10-20,2025-10-20,BOT-008,SUP-003,370,360.0,809.21,299407.7,14,14,True,Received
PO-000952,2025-11-17,2025-12-01,2025-12-01,BOT-008,SUP-003,410,402.0,809.21,331776.1,14,14,True,Received
PO-000953,2025-12-29,2026-01-12,2025-12-29,BOT-008,SUP-003,380,0.0,809.21,307499.8,14,0,True,Received
PO-000954,2023-02-20,2023-02-27,2023-02-27,BOT-009,SUP-004,300,293.0,908.09,272427.0,7,7,True,Received
PO-000955,2023-04-10,2023-04-17,2023-04-17,BOT-009,SUP-004,324,317.0,908.09,294221.16,7,7,True,Received
PO-000956,2023-06-05,2023-06-12,2023-06-12,BOT-009,SUP-004,312,308.0,908.09,283324.08,7,7,True,Received
PO-000957,2023-07-24,2023-07-31,2023-07-31,BOT-009,SUP-004,324,319.0,908.09,294221.16,7,7,True,Received
PO-000958,2023-09-18,2023-09-25,2023-09-25,BOT-009,SUP-004,300,292.0,908.09,272427.0,7,7,True,Received
PO-000959,2023-11-13,2023-11-20,2023-11-20,BOT-009,SUP-004,324,319.0,908.09,294221.16,7,7,True,Received
PO-000960,2023-12-25,2024-01-01,2024-01-01,BOT-009,SUP-004,300,299.0,908.09,272427.0,7,7,True,Received
PO-000961,2024-02-19,2024-02-26,2024-02-26,BOT-009,SUP-004,312,309.0,908.09,283324.08,7,7,True,Received
PO-000962,2024-04-08,2024-04-15,2024-04-15,BOT-009,SUP-004,312,307.0,908.09,283324.08,7,7,True,Received
PO-000963,2024-06-03,2024-06-10,2024-06-10,BOT-009,SUP-004,324,321.0,908.09,294221.16,7,7,True,Received
PO-000964,2024-07-22,2024-07-29,2024-07-29,BOT-009,SUP-004,348,339.0,908.09,316015.32,7,7,True,Received
PO-000965,2024-09-09,2024-09-16,2024-09-16,BOT-009,SUP-004,300,298.0,908.09,272427.0,7,7,True,Received
PO-000966,2024-10-28,2024-11-04,2024-11-04,BOT-009,SUP-004,312,308.0,908.09,283324.08,7,7,True,Received
PO-000967,2024-12-02,2024-12-09,2024-12-09,BOT-009,SUP-004,312,312.0,908.09,283324.08,7,7,True,Received
PO-000968,2025-01-13,2025-01-20,2025-01-20,BOT-009,SUP-004,300,293.0,908.09,272427.0,7,7,True,Received
PO-000969,2025-03-03,2025-03-10,2025-03-10,BOT-009,SUP-004,324,316.0,908.09,294221.16,7,7,True,Received
PO-000970,2025-04-21,2025-04-28,2025-04-28,BOT-009,SUP-004,336,328.0,908.09,305118.24,7,7,True,Received
PO-000971,2025-06-02,2025-06-09,2025-06-09,BOT-009,SUP-004,300,299.0,908.09,272427.0,7,7,True,Received
PO-000972,2025-07-21,2025-07-28,2025-07-28,BOT-009,SUP-004,300,298.0,908.09,272427.0,7,7,True,Received
PO-000973,2025-09-15,2025-09-22,2025-09-22,BOT-009,SUP-004,348,339.0,908.09,316015.32,7,7,True,Received
PO-000974,2025-11-03,2025-11-10,2025-11-10,BOT-009,SUP-004,348,343.0,908.09,316015.32,7,7,True,Received
PO-000975,2025-12-08,2025-12-15,2025-12-15,BOT-009,SUP-004,348,338.0,908.09,316015.32,7,7,True,Received
PO-000976,2023-01-30,2023-03-06,2023-03-06,BOT-010,SUP-005,350,350.0,547.22,191527.0,35,35,True,Received
PO-000977,2023-03-20,2023-04-24,2023-04-24,BOT-010,SUP-005,380,372.0,547.22,207943.6,35,35,True,Received
PO-000978,2023-05-08,2023-06-12,2023-06-12,BOT-010,SUP-005,350,350.0,547.22,191527.0,35,35,True,Received
PO-000979,2023-07-03,2023-08-07,2023-08-07,BOT-010,SUP-005,360,353.0,547.22,196999.2,35,35,True,Received
PO-000980,2023-08-28,2023-10-02,2023-09-25,BOT-010,SUP-005,390,380.0,547.22,213415.8,35,28,True,Received
PO-000981,2023-10-23,2023-11-27,2023-11-27,BOT-010,SUP-005,360,357.0,547.22,196999.2,35,35,True,Received
PO-000982,2023-12-04,2024-01-08,2024-01-08,BOT-010,SUP-005,370,365.0,547.22,202471.4,35,35,True,Received
PO-000983,2024-01-22,2024-02-26,2024-02-19,BOT-010,SUP-005,350,347.0,547.22,191527.0,35,28,True,Received
PO-000984,2024-03-11,2024-04-15,2024-04-15,BOT-010,SUP-005,360,359.0,547.22,196999.2,35,35,True,Received
PO-000985,2024-04-29,2024-06-03,2024-06-03,BOT-010,SUP-005,360,360.0,547.22,196999.2,35,35,True,Received
PO-000986,2024-06-17,2024-07-22,2024-07-22,BOT-010,SUP-005,350,346.0,547.22,191527.0,35,35,True,Received
PO-000987,2024-08-05,2024-09-09,2024-09-09,BOT-010,SUP-005,390,383.0,547.22,213415.8,35,35,True,Received
PO-000988,2024-09-23,2024-10-28,2024-10-28,BOT-010,SUP-005,380,380.0,547.22,207943.6,35,35,True,Received
PO-000989,2024-11-11,2024-12-16,2024-12-16,BOT-010,SUP-005,350,348.0,547.22,191527.0,35,35,True,Received
PO-000990,2024-12-23,2025-01-27,2025-01-27,BOT-010,SUP-005,350,349.0,547.22,191527.0,35,35,True,Received
PO-000991,2025-02-10,2025-03-17,2025-03-24,BOT-010,SUP-005,380,376.0,547.22,207943.6,35,42,False,Received
PO-000992,2025-04-07,2025-05-12,2025-05-19,BOT-010,SUP-005,370,363.0,547.22,202471.4,35,42,False,Received
PO-000993,2025-06-02,2025-07-07,2025-07-07,BOT-010,SUP-005,360,354.0,547.22,196999.2,35,35,True,Received
PO-000994,2025-07-21,2025-08-25,2025-08-25,BOT-010,SUP-005,370,369.0,547.22,202471.4,35,35,True,Received
PO-000995,2025-09-08,2025-10-13,2025-10-13,BOT-010,SUP-005,390,379.0,547.22,213415.8,35,35,True,Received
PO-000996,2025-11-03,2025-12-08,2025-12-15,BOT-010,SUP-005,390,384.0,547.22,213415.8,35,42,False,Received
PO-000997,2025-12-22,2026-01-26,2025-12-29,BOT-010,SUP-005,350,340.0,547.22,191527.0,35,7,True,Received
PO-000998,2023-02-13,2023-03-06,2023-03-06,ACC-001,SUP-006,550,537.0,336.33,184981.5,21,21,True,Received
PO-000999,2023-04-10,2023-05-01,2023-05-01,ACC-001,SUP-006,520,520.0,336.33,174891.6,21,21,True,Received
PO-001000,2023-06-12,2023-07-03,2023-07-03,ACC-001,SUP-006,530,514.0,336.33,178254.9,21,21,True,Received
PO-001001,2023-08-14,2023-09-04,2023-09-04,ACC-001,SUP-006,520,517.0,336.33,174891.6,21,21,True,Received
PO-001002,2023-10-02,2023-10-23,2023-10-23,ACC-001,SUP-006,510,497.0,336.33,171528.3,21,21,True,Received
PO-001003,2023-11-20,2023-12-11,2023-12-11,ACC-001,SUP-006,660,641.0,336.33,221977.8,21,21,True,Received
PO-001004,2024-01-01,2024-01-22,2024-01-22,ACC-001,SUP-006,520,516.0,336.33,174891.6,21,21,True,Received
PO-001005,2024-02-19,2024-03-11,2024-03-11,ACC-001,SUP-006,560,555.0,336.33,188344.8,21,21,True,Received
PO-001006,2024-04-15,2024-05-06,2024-05-06,ACC-001,SUP-006,520,515.0,336.33,174891.6,21,21,True,Received
PO-001007,2024-06-10,2024-07-01,2024-07-01,ACC-001,SUP-006,540,531.0,336.33,181618.2,21,21,True,Received
PO-001008,2024-08-05,2024-08-26,2024-08-26,ACC-001,SUP-006,560,559.0,336.33,188344.8,21,21,True,Received
PO-001009,2024-09-30,2024-10-21,2024-10-21,ACC-001,SUP-006,550,546.0,336.33,184981.5,21,21,True,Received
PO-001010,2024-11-04,2024-11-25,2024-11-25,ACC-001,SUP-006,500,489.0,336.33,168165.0,21,21,True,Received
PO-001011,2024-12-02,2024-12-23,2024-12-23,ACC-001,SUP-006,560,550.0,336.33,188344.8,21,21,True,Received
PO-001012,2025-01-06,2025-01-27,2025-01-27,ACC-001,SUP-006,510,503.0,336.33,171528.3,21,21,True,Received
PO-001013,2025-02-17,2025-03-10,2025-03-10,ACC-001,SUP-006,530,527.0,336.33,178254.9,21,21,True,Received
PO-001014,2025-03-31,2025-04-21,2025-04-21,ACC-001,SUP-006,500,489.0,336.33,168165.0,21,21,True,Received
PO-001015,2025-05-19,2025-06-09,2025-06-09,ACC-001,SUP-006,570,567.0,336.33,191708.1,21,21,True,Received
PO-001016,2025-07-14,2025-08-04,2025-08-04,ACC-001,SUP-006,520,511.0,336.33,174891.6,21,21,True,Received
PO-001017,2025-09-01,2025-09-22,2025-09-22,ACC-001,SUP-006,510,500.0,336.33,171528.3,21,21,True,Received
PO-001018,2025-10-13,2025-11-03,2025-11-03,ACC-001,SUP-006,510,501.0,336.33,171528.3,21,21,True,Received
PO-001019,2025-11-17,2025-12-08,2025-12-08,ACC-001,SUP-006,620,619.0,336.33,208524.6,21,21,True,Received
PO-001020,2025-12-22,2026-01-12,2025-12-29,ACC-001,SUP-006,550,545.0,336.33,184981.5,21,7,True,Received
PO-001021,2023-01-30,2023-02-27,2023-02-27,ACC-002,SUP-007,424,420.0,246.44,104490.56,28,28,True,Received
PO-001022,2023-03-27,2023-04-24,2023-04-24,ACC-002,SUP-007,432,430.0,246.44,106462.08,28,28,True,Received
PO-001023,2023-05-22,2023-06-19,2023-06-19,ACC-002,SUP-007,416,412.0,246.44,102519.04,28,28,True,Received
PO-001024,2023-07-17,2023-08-14,2023-08-14,ACC-002,SUP-007,424,422.0,246.44,104490.56,28,28,True,Received
PO-001025,2023-09-11,2023-10-09,2023-10-09,ACC-002,SUP-007,456,451.0,246.44,112376.64,28,28,True,Received
PO-001026,2023-11-06,2023-12-04,2023-12-04,ACC-002,SUP-007,440,438.0,246.44,108433.6,28,28,True,Received
PO-001027,2023-12-18,2024-01-15,2024-01-15,ACC-002,SUP-007,424,412.0,246.44,104490.56,28,28,True,Received
PO-001028,2024-02-05,2024-03-04,2024-03-11,ACC-002,SUP-007,440,434.0,246.44,108433.6,28,35,False,Received
PO-001029,2024-04-01,2024-04-29,2024-04-29,ACC-002,SUP-007,432,426.0,246.44,106462.08,28,28,True,Received
PO-001030,2024-05-27,2024-06-24,2024-06-24,ACC-002,SUP-007,432,429.0,246.44,106462.08,28,28,True,Received
PO-001031,2024-07-22,2024-08-19,2024-08-19,ACC-002,SUP-007,432,429.0,246.44,106462.08,28,28,True,Received
PO-001032,2024-09-16,2024-10-14,2024-10-14,ACC-002,SUP-007,424,419.0,246.44,104490.56,28,28,True,Received
PO-001033,2024-11-04,2024-12-02,2024-12-02,ACC-002,SUP-007,480,474.0,246.44,118291.2,28,28,True,Received
PO-001034,2024-12-16,2025-01-13,2025-01-13,ACC-002,SUP-007,488,476.0,246.44,120262.72,28,28,True,Received
PO-001035,2025-02-03,2025-03-03,2025-03-03,ACC-002,SUP-007,448,442.0,246.44,110405.12,28,28,True,Received
PO-001036,2025-03-24,2025-04-21,2025-04-21,ACC-002,SUP-007,448,446.0,246.44,110405.12,28,28,True,Received
PO-001037,2025-05-05,2025-06-02,2025-06-02,ACC-002,SUP-007,416,409.0,246.44,102519.04,28,28,True,Received
PO-001038,2025-06-30,2025-07-28,2025-07-28,ACC-002,SUP-007,464,456.0,246.44,114348.16,28,28,True,Received
PO-001039,2025-08-25,2025-09-22,2025-09-22,ACC-002,SUP-007,456,452.0,246.44,112376.64,28,28,True,Received
PO-001040,2025-10-13,2025-11-10,2025-11-10,ACC-002,SUP-007,408,403.0,246.44,100547.52,28,28,True,Received
PO-001041,2025-11-17,2025-12-15,2025-12-15,ACC-002,SUP-007,520,506.0,246.44,128148.8,28,28,True,Received
PO-001042,2025-12-29,2026-01-26,2025-12-29,ACC-002,SUP-007,488,0.0,246.44,120262.72,28,0,True,Received
PO-001043,2023-02-13,2023-02-20,2023-02-20,ACC-003,SUP-008,440,437.0,450.66,198290.4,7,7,True,Received
PO-001044,2023-04-10,2023-04-17,2023-04-17,ACC-003,SUP-008,468,464.0,450.66,210908.88,7,7,True,Received
PO-001045,2023-06-05,2023-06-12,2023-06-12,ACC-003,SUP-008,464,461.0,450.66,209106.24,7,7,True,Received
PO-001046,2023-08-07,2023-08-14,2023-08-14,ACC-003,SUP-008,460,456.0,450.66,207303.6,7,7,True,Received
PO-001047,2023-10-02,2023-10-09,2023-10-09,ACC-003,SUP-008,452,451.0,450.66,203698.32,7,7,True,Received
PO-001048,2023-11-20,2023-11-27,2023-11-20,ACC-003,SUP-008,496,0.0,450.66,223527.36,7,0,True,Received
PO-001049,2023-02-13,2023-02-23,2023-02-27,ACC-004,SUP-001,504,492.0,321.62,162096.48,10,14,False,Received
PO-001050,2023-04-03,2023-04-13,2023-04-10,ACC-004,SUP-001,468,459.0,321.62,150518.16,10,7,True,Received
PO-001051,2023-05-22,2023-06-01,2023-05-29,ACC-004,SUP-001,456,456.0,321.62,146658.72,10,7,True,Received
PO-001052,2023-07-24,2023-08-03,2023-08-07,ACC-004,SUP-001,504,494.0,321.62,162096.48,10,14,False,Received
PO-001053,2023-09-25,2023-10-05,2023-10-09,ACC-004,SUP-001,480,474.0,321.62,154377.6,10,14,False,Received
PO-001054,2023-11-13,2023-11-23,2023-11-27,ACC-004,SUP-001,504,491.0,321.62,162096.48,10,14,False,Received
PO-001055,2023-12-11,2023-12-21,2023-12-25,ACC-004,SUP-001,468,467.0,321.62,150518.16,10,14,False,Received
PO-001056,2024-01-22,2024-02-01,2024-02-05,ACC-004,SUP-001,504,489.0,321.62,162096.48,10,14,False,Received
PO-001057,2024-03-18,2024-03-28,2024-04-08,ACC-004,SUP-001,492,490.0,321.62,158237.04,10,21,False,Received
PO-001058,2024-05-20,2024-05-30,2024-06-10,ACC-004,SUP-001,492,487.0,321.62,158237.04,10,21,False,Received
PO-001059,2024-07-22,2024-08-01,2024-08-05,ACC-004,SUP-001,516,514.0,321.62,165955.92,10,14,False,Received
PO-001060,2024-09-16,2024-09-26,2024-10-07,ACC-004,SUP-001,468,463.0,321.62,150518.16,10,21,False,Received
PO-001061,2024-11-04,2024-11-14,2024-11-18,ACC-004,SUP-001,516,513.0,321.62,165955.92,10,14,False,Received
PO-001062,2024-11-25,2024-12-05,2024-12-09,ACC-004,SUP-001,516,503.0,321.62,165955.92,10,14,False,Received
PO-001063,2024-12-30,2025-01-09,2025-01-13,ACC-004,SUP-001,528,519.0,321.62,169815.36,10,14,False,Received
PO-001064,2025-02-10,2025-02-20,2025-02-24,ACC-004,SUP-001,468,460.0,321.62,150518.16,10,14,False,Received
PO-001065,2025-03-24,2025-04-03,2025-04-07,ACC-004,SUP-001,468,459.0,321.62,150518.16,10,14,False,Received
PO-001066,2025-05-12,2025-05-22,2025-05-26,ACC-004,SUP-001,468,458.0,321.62,150518.16,10,14,False,Received
PO-001067,2025-07-07,2025-07-17,2025-07-21,ACC-004,SUP-001,480,476.0,321.62,154377.6,10,14,False,Received
PO-001068,2025-09-01,2025-09-11,2025-09-15,ACC-004,SUP-001,480,467.0,321.62,154377.6,10,14,False,Received
PO-001069,2025-10-13,2025-10-23,2025-10-27,ACC-004,SUP-001,492,482.0,321.62,158237.04,10,14,False,Received
PO-001070,2025-11-17,2025-11-27,2025-12-01,ACC-004,SUP-001,588,578.0,321.62,189112.56,10,14,False,Received
PO-001071,2025-12-22,2026-01-01,2025-12-29,ACC-004,SUP-001,504,504.0,321.62,162096.48,10,7,True,Received
PO-001072,2023-02-13,2023-03-03,2023-03-06,ACC-005,SUP-002,408,397.0,307.95,125643.6,18,21,True,Received
PO-001073,2023-04-03,2023-04-21,2023-04-24,ACC-005,SUP-002,384,383.0,307.95,118252.8,18,21,True,Received
PO-001074,2023-06-05,2023-06-23,2023-06-26,ACC-005,SUP-002,408,407.0,307.95,125643.6,18,21,True,Received
PO-001075,2023-08-07,2023-08-25,2023-08-28,ACC-005,SUP-002,396,392.0,307.95,121948.2,18,21,True,Received
PO-001076,2023-10-02,2023-10-20,2023-10-16,ACC-005,SUP-002,396,388.0,307.95,121948.2,18,14,True,Received
PO-001077,2023-11-13,2023-12-01,2023-12-04,ACC-005,SUP-002,396,386.0,307.95,121948.2,18,21,True,Received
PO-001078,2023-12-18,2024-01-05,2024-01-08,ACC-005,SUP-002,408,396.0,307.95,125643.6,18,21,True,Received
PO-001079,2024-01-29,2024-02-16,2024-02-19,ACC-005,SUP-002,432,426.0,307.95,133034.4,18,21,True,Received
PO-001080,2024-03-18,2024-04-05,2024-04-08,ACC-005,SUP-002,384,384.0,307.95,118252.8,18,21,True,Received
PO-001081,2024-05-13,2024-05-31,2024-06-03,ACC-005,SUP-002,408,405.0,307.95,125643.6,18,21,True,Received
PO-001082,2024-07-15,2024-08-02,2024-08-05,ACC-005,SUP-002,420,409.0,307.95,129339.0,18,21,True,Received
PO-001083,2024-09-02,2024-09-20,2024-09-16,ACC-005,SUP-002,384,374.0,307.95,118252.8,18,14,True,Received
PO-001084,2024-10-28,2024-11-15,2024-11-18,ACC-005,SUP-002,408,403.0,307.95,125643.6,18,21,True,Received
PO-001085,2024-11-25,2024-12-13,2024-12-16,ACC-005,SUP-002,468,464.0,307.95,144120.6,18,21,True,Received
PO-001086,2025-01-06,2025-01-24,2025-01-20,ACC-005,SUP-002,432,426.0,307.95,133034.4,18,14,True,Received
PO-001087,2025-02-17,2025-03-07,2025-03-10,ACC-005,SUP-002,384,383.0,307.95,118252.8,18,21,True,Received
PO-001088,2025-03-31,2025-04-18,2025-04-21,ACC-005,SUP-002,372,361.0,307.95,114557.4,18,21,True,Received
PO-001089,2025-05-19,2025-06-06,2025-06-09,ACC-005,SUP-002,384,374.0,307.95,118252.8,18,21,True,Received
PO-001090,2025-07-07,2025-07-25,2025-07-28,ACC-005,SUP-002,396,390.0,307.95,121948.2,18,21,True,Received
PO-001091,2025-09-01,2025-09-19,2025-09-22,ACC-005,SUP-002,408,401.0,307.95,125643.6,18,21,True,Received
PO-001092,2025-10-06,2025-10-24,2025-10-27,ACC-005,SUP-002,372,369.0,307.95,114557.4,18,21,True,Received
PO-001093,2025-11-10,2025-11-28,2025-12-01,ACC-005,SUP-002,384,383.0,307.95,118252.8,18,21,True,Received
PO-001094,2025-12-15,2026-01-02,2025-12-29,ACC-005,SUP-002,480,472.0,307.95,147816.0,18,14,True,Received
PO-001095,2023-01-30,2023-02-13,2023-02-13,ACC-006,SUP-003,752,730.0,174.0,130848.0,14,14,True,Received
PO-001096,2023-03-27,2023-04-10,2023-04-10,ACC-006,SUP-003,752,751.0,174.0,130848.0,14,14,True,Received
PO-001097,2023-06-12,2023-06-26,2023-06-26,ACC-006,SUP-003,752,735.0,174.0,130848.0,14,14,True,Received
PO-001098,2023-08-07,2023-08-21,2023-08-14,ACC-006,SUP-003,752,748.0,174.0,130848.0,14,7,True,Received
PO-001099,2023-10-16,2023-10-30,2023-10-30,ACC-006,SUP-003,752,747.0,174.0,130848.0,14,14,True,Received
PO-001100,2023-11-27,2023-12-11,2023-12-11,ACC-006,SUP-003,800,787.0,174.0,139200.0,14,14,True,Received
PO-001101,2024-01-08,2024-01-22,2024-01-22,ACC-006,SUP-003,752,749.0,174.0,130848.0,14,14,True,Received
PO-001102,2024-03-11,2024-03-25,2024-03-18,ACC-006,SUP-003,752,747.0,174.0,130848.0,14,7,True,Received
PO-001103,2024-04-29,2024-05-13,2024-05-13,ACC-006,SUP-003,752,749.0,174.0,130848.0,14,14,True,Received
PO-001104,2024-07-01,2024-07-15,2024-07-15,ACC-006,SUP-003,752,741.0,174.0,130848.0,14,14,True,Received
PO-001105,2024-09-02,2024-09-16,2024-09-16,ACC-006,SUP-003,752,742.0,174.0,130848.0,14,14,True,Received
PO-001106,2024-10-28,2024-11-11,2024-11-11,ACC-006,SUP-003,752,731.0,174.0,130848.0,14,14,True,Received
PO-001107,2024-11-25,2024-12-09,2024-12-09,ACC-006,SUP-003,752,737.0,174.0,130848.0,14,14,True,Received
PO-001108,2024-12-30,2025-01-13,2025-01-13,ACC-006,SUP-003,752,751.0,174.0,130848.0,14,14,True,Received
PO-001109,2025-02-10,2025-02-24,2025-02-24,ACC-006,SUP-003,752,741.0,174.0,130848.0,14,14,True,Received
PO-001110,2025-03-31,2025-04-14,2025-04-14,ACC-006,SUP-003,752,735.0,174.0,130848.0,14,14,True,Received
PO-001111,2025-05-19,2025-06-02,2025-06-02,ACC-006,SUP-003,752,741.0,174.0,130848.0,14,14,True,Received
PO-001112,2025-07-21,2025-08-04,2025-08-04,ACC-006,SUP-003,752,741.0,174.0,130848.0,14,14,True,Received
PO-001113,2025-09-22,2025-10-06,2025-10-06,ACC-006,SUP-003,752,733.0,174.0,130848.0,14,14,True,Received
PO-001114,2025-11-03,2025-11-17,2025-11-17,ACC-006,SUP-003,784,768.0,174.0,136416.0,14,14,True,Received
PO-001115,2025-12-01,2025-12-15,2025-12-08,ACC-006,SUP-003,752,730.0,174.0,130848.0,14,7,True,Received
PO-001116,2025-12-22,2026-01-05,2025-12-29,ACC-006,SUP-003,752,749.0,174.0,130848.0,14,7,True,Received
PO-001117,2023-02-27,2023-03-06,2023-03-06,ACC-007,SUP-004,468,458.0,416.94,195127.92,7,7,True,Received
PO-001118,2023-04-17,2023-04-24,2023-05-01,ACC-007,SUP-004,468,467.0,416.94,195127.92,7,14,False,Received
PO-001119,2023-06-26,2023-07-03,2023-07-03,ACC-007,SUP-004,510,508.0,416.94,212639.4,7,7,True,Received
PO-001120,2023-08-21,2023-08-28,2023-08-28,ACC-007,SUP-004,492,478.0,416.94,205134.48,7,7,True,Received
PO-001121,2023-10-16,2023-10-23,2023-10-23,ACC-007,SUP-004,522,508.0,416.94,217642.68,7,7,True,Received
PO-001122,2023-11-20,2023-11-27,2023-11-27,ACC-007,SUP-004,480,475.0,416.94,200131.2,7,7,True,Received
PO-001123,2023-12-25,2024-01-01,2024-01-01,ACC-007,SUP-004,534,526.0,416.94,222645.96,7,7,True,Received
PO-001124,2024-02-12,2024-02-19,2024-02-19,ACC-007,SUP-004,498,488.0,416.94,207636.12,7,7,True,Received
PO-001125,2024-04-01,2024-04-08,2024-04-08,ACC-007,SUP-004,504,490.0,416.94,210137.76,7,7,True,Received
PO-001126,2024-05-20,2024-05-27,2024-05-27,ACC-007,SUP-004,456,447.0,416.94,190124.64,7,7,True,Received
PO-001127,2024-07-15,2024-07-22,2024-07-22,ACC-007,SUP-004,498,495.0,416.94,207636.12,7,7,True,Received
PO-001128,2024-09-09,2024-09-16,2024-09-16,ACC-007,SUP-004,468,460.0,416.94,195127.92,7,7,True,Received
PO-001129,2024-10-28,2024-11-04,2024-11-04,ACC-007,SUP-004,486,474.0,416.94,202632.84,7,7,True,Received
PO-001130,2024-11-25,2024-12-02,2024-12-02,ACC-007,SUP-004,534,528.0,416.94,222645.96,7,7,True,Received
PO-001131,2024-12-23,2024-12-30,2024-12-30,ACC-007,SUP-004,486,486.0,416.94,202632.84,7,7,True,Received
PO-001132,2025-02-03,2025-02-10,2025-02-10,ACC-007,SUP-004,504,497.0,416.94,210137.76,7,7,True,Received
PO-001133,2025-03-17,2025-03-24,2025-03-24,ACC-007,SUP-004,462,455.0,416.94,192626.28,7,7,True,Received
PO-001134,2025-05-05,2025-05-12,2025-05-12,ACC-007,SUP-004,468,466.0,416.94,195127.92,7,7,True,Received
PO-001135,2025-06-23,2025-06-30,2025-06-30,ACC-007,SUP-004,468,455.0,416.94,195127.92,7,7,True,Received
PO-001136,2025-08-11,2025-08-18,2025-08-18,ACC-007,SUP-004,468,462.0,416.94,195127.92,7,7,True,Received
PO-001137,2025-09-29,2025-10-06,2025-10-06,ACC-007,SUP-004,492,478.0,416.94,205134.48,7,7,True,Received
PO-001138,2025-11-10,2025-11-17,2025-11-17,ACC-007,SUP-004,534,519.0,416.94,222645.96,7,7,True,Received
PO-001139,2025-12-01,2025-12-08,2025-12-08,ACC-007,SUP-004,486,475.0,416.94,202632.84,7,7,True,Received
PO-001140,2025-12-29,2026-01-05,2025-12-29,ACC-007,SUP-004,528,0.0,416.94,220144.32,7,0,True,Received
PO-001141,2023-01-09,2023-02-13,2023-02-13,ACC-008,SUP-005,528,525.0,282.57,149196.96,35,35,True,Received
PO-001142,2023-02-27,2023-04-03,2023-04-03,ACC-008,SUP-005,556,554.0,282.57,157108.92,35,35,True,Received
PO-001143,2023-04-24,2023-05-29,2023-05-29,ACC-008,SUP-005,588,575.0,282.57,166151.16,35,35,True,Received
PO-001144,2023-06-19,2023-07-24,2023-07-24,ACC-008,SUP-005,532,532.0,282.57,150327.24,35,35,True,Received
PO-001145,2023-08-14,2023-09-18,2023-09-11,ACC-008,SUP-005,572,565.0,282.57,161630.04,35,28,True,Received
PO-001146,2023-10-02,2023-11-06,2023-11-06,ACC-008,SUP-005,552,550.0,282.57,155978.64,35,35,True,Received
PO-001147,2023-11-13,2023-12-18,2023-12-18,ACC-008,SUP-005,576,565.0,282.57,162760.32,35,35,True,Received
PO-001148,2023-12-25,2024-01-29,2024-01-29,ACC-008,SUP-005,648,639.0,282.57,183105.36,35,35,True,Received
PO-001149,2024-02-19,2024-03-25,2024-03-18,ACC-008,SUP-005,588,583.0,282.57,166151.16,35,28,True,Received
PO-001150,2024-04-01,2024-05-06,2024-05-06,ACC-008,SUP-005,528,517.0,282.57,149196.96,35,35,True,Received
PO-001151,2024-06-03,2024-07-08,2024-07-08,ACC-008,SUP-005,604,597.0,282.57,170672.28,35,35,True,Received
PO-001152,2024-07-22,2024-08-26,2024-08-26,ACC-008,SUP-005,560,549.0,282.57,158239.2,35,35,True,Received
PO-001153,2024-09-16,2024-10-21,2024-10-21,ACC-008,SUP-005,568,557.0,282.57,160499.76,35,35,True,Received
PO-001154,2024-11-04,2024-12-09,2024-12-09,ACC-008,SUP-005,616,598.0,282.57,174063.12,35,35,True,Received
PO-001155,2024-12-16,2025-01-20,2025-01-20,ACC-008,SUP-005,624,619.0,282.57,176323.68,35,35,True,Received
PO-001156,2025-02-03,2025-03-10,2025-03-10,ACC-008,SUP-005,596,589.0,282.57,168411.72,35,35,True,Received
PO-001157,2025-03-24,2025-04-28,2025-04-28,ACC-008,SUP-005,616,612.0,282.57,174063.12,35,35,True,Received
PO-001158,2025-05-12,2025-06-16,2025-06-16,ACC-008,SUP-005,540,527.0,282.57,152587.8,35,35,True,Received
PO-001159,2025-06-30,2025-08-04,2025-08-04,ACC-008,SUP-005,524,515.0,282.57,148066.68,35,35,True,Received
PO-001160,2025-08-25,2025-09-29,2025-09-29,ACC-008,SUP-005,576,570.0,282.57,162760.32,35,35,True,Received
PO-001161,2025-10-13,2025-11-17,2025-11-17,ACC-008,SUP-005,580,567.0,282.57,163890.6,35,35,True,Received
PO-001162,2025-11-17,2025-12-22,2025-12-22,ACC-008,SUP-005,588,572.0,282.57,166151.16,35,35,True,Received
PO-001163,2025-12-29,2026-02-02,2025-12-29,ACC-008,SUP-005,632,0.0,282.57,178584.24,35,0,True,Received
PO-001164,2023-02-13,2023-03-06,2023-03-06,ACC-009,SUP-006,444,441.0,390.94,173577.36,21,21,True,Received
PO-001165,2023-04-03,2023-04-24,2023-04-24,ACC-009,SUP-006,444,431.0,390.94,173577.36,21,21,True,Received
PO-001166,2023-05-29,2023-06-19,2023-06-19,ACC-009,SUP-006,432,430.0,390.94,168886.08,21,21,True,Received
PO-001167,2023-07-31,2023-08-21,2023-08-21,ACC-009,SUP-006,456,447.0,390.94,178268.64,21,21,True,Received
PO-001168,2023-10-02,2023-10-23,2023-10-23,ACC-009,SUP-006,456,452.0,390.94,178268.64,21,21,True,Received
PO-001169,2023-11-20,2023-12-11,2023-12-11,ACC-009,SUP-006,564,564.0,390.94,220490.16,21,21,True,Received
PO-001170,2024-01-08,2024-01-29,2024-01-29,ACC-009,SUP-006,480,467.0,390.94,187651.2,21,21,True,Received
PO-001171,2024-02-26,2024-03-18,2024-03-18,ACC-009,SUP-006,480,477.0,390.94,187651.2,21,21,True,Received
PO-001172,2024-04-22,2024-05-13,2024-05-13,ACC-009,SUP-006,468,455.0,390.94,182959.92,21,21,True,Received
PO-001173,2024-06-10,2024-07-01,2024-07-01,ACC-009,SUP-006,432,426.0,390.94,168886.08,21,21,True,Received
PO-001174,2024-08-05,2024-08-26,2024-08-26,ACC-009,SUP-006,468,467.0,390.94,182959.92,21,21,True,Received
PO-001175,2024-09-23,2024-10-14,2024-10-14,ACC-009,SUP-006,432,431.0,390.94,168886.08,21,21,True,Received
PO-001176,2024-11-04,2024-11-25,2024-11-25,ACC-009,SUP-006,480,480.0,390.94,187651.2,21,21,True,Received
PO-001177,2024-12-02,2024-12-23,2024-12-23,ACC-009,SUP-006,432,430.0,390.94,168886.08,21,21,True,Received
PO-001178,2024-12-30,2025-01-20,2025-01-13,ACC-009,SUP-006,444,433.0,390.94,173577.36,21,14,True,Received
PO-001179,2025-02-10,2025-03-03,2025-03-03,ACC-009,SUP-006,480,472.0,390.94,187651.2,21,21,True,Received
PO-001180,2025-03-24,2025-04-14,2025-04-14,ACC-009,SUP-006,456,456.0,390.94,178268.64,21,21,True,Received
PO-001181,2025-05-12,2025-06-02,2025-05-26,ACC-009,SUP-006,468,455.0,390.94,182959.92,21,14,True,Received
PO-001182,2025-06-30,2025-07-21,2025-07-21,ACC-009,SUP-006,444,433.0,390.94,173577.36,21,21,True,Received
PO-001183,2025-08-18,2025-09-08,2025-09-08,ACC-009,SUP-006,504,493.0,390.94,197033.76,21,21,True,Received
PO-001184,2025-10-06,2025-10-27,2025-10-27,ACC-009,SUP-006,468,459.0,390.94,182959.92,21,21,True,Received
PO-001185,2025-11-17,2025-12-08,2025-12-08,ACC-009,SUP-006,588,572.0,390.94,229872.72,21,21,True,Received
PO-001186,2025-12-22,2026-01-12,2025-12-29,ACC-009,SUP-006,432,427.0,390.94,168886.08,21,7,True,Received
PO-001187,2023-01-16,2023-02-13,2023-02-13,ACC-010,SUP-007,536,524.0,338.46,181414.56,28,28,True,Received
PO-001188,2023-03-13,2023-04-10,2023-04-10,ACC-010,SUP-007,564,558.0,338.46,190891.44,28,28,True,Received
PO-001189,2023-05-15,2023-06-12,2023-06-05,ACC-010,SUP-007,572,555.0,338.46,193599.12,28,21,True,Received
PO-001190,2023-07-17,2023-08-14,2023-08-14,ACC-010,SUP-007,528,528.0,338.46,178706.88,28,28,True,Received
PO-001191,2023-09-11,2023-10-09,2023-10-09,ACC-010,SUP-007,548,544.0,338.46,185476.08,28,28,True,Received
PO-001192,2023-11-06,2023-12-04,2023-12-04,ACC-010,SUP-007,592,586.0,338.46,200368.32,28,28,True,Received
PO-001193,2023-12-18,2024-01-15,2024-01-15,ACC-010,SUP-007,560,550.0,338.46,189537.6,28,28,True,Received
PO-001194,2024-02-05,2024-03-04,2024-03-04,ACC-010,SUP-007,568,565.0,338.46,192245.28,28,28,True,Received
PO-001195,2024-03-25,2024-04-22,2024-04-22,ACC-010,SUP-007,528,525.0,338.46,178706.88,28,28,True,Received
PO-001196,2024-05-20,2024-06-17,2024-06-17,ACC-010,SUP-007,508,500.0,338.46,171937.68,28,28,True,Received
PO-001197,2024-07-15,2024-08-12,2024-08-12,ACC-010,SUP-007,552,540.0,338.46,186829.92,28,28,True,Received
PO-001198,2024-09-02,2024-09-30,2024-09-30,ACC-010,SUP-007,512,498.0,338.46,173291.52,28,28,True,Received
PO-001199,2024-10-21,2024-11-18,2024-11-18,ACC-010,SUP-007,564,558.0,338.46,190891.44,28,28,True,Received
PO-001200,2024-11-25,2024-12-23,2024-12-23,ACC-010,SUP-007,644,638.0,338.46,217968.24,28,28,True,Received
PO-001201,2025-01-13,2025-02-10,2025-02-10,ACC-010,SUP-007,548,537.0,338.46,185476.08,28,28,True,Received
PO-001202,2025-02-24,2025-03-24,2025-03-24,ACC-010,SUP-007,528,522.0,338.46,178706.88,28,28,True,Received
PO-001203,2025-04-14,2025-05-12,2025-05-19,ACC-010,SUP-007,580,577.0,338.46,196306.8,28,35,False,Received
PO-001204,2025-06-16,2025-07-14,2025-07-14,ACC-010,SUP-007,552,541.0,338.46,186829.92,28,28,True,Received
PO-001205,2025-08-11,2025-09-08,2025-09-08,ACC-010,SUP-007,544,540.0,338.46,184122.24,28,28,True,Received
PO-001206,2025-09-29,2025-10-27,2025-10-27,ACC-010,SUP-007,516,515.0,338.46,174645.36,28,28,True,Received
PO-001207,2025-11-10,2025-12-08,2025-12-08,ACC-010,SUP-007,520,511.0,338.46,175999.2,28,28,True,Received
PO-001208,2025-12-15,2026-01-12,2025-12-29,ACC-010,SUP-007,568,551.0,338.46,192245.28,28,14,True,Received
