WeekStart,SKU,BeginningOnHand,Receipts,EstimatedDemandUnits,UnitsSold,LostSalesUnits,EndingOnHand,OnOrderUnits,InventoryValueTRY,WeeksOfSupply,StockoutFlag,ReorderPointReference,ReorderTriggered
2023-01-02,DRE-001,589,0,57,57,0,532,0,599537.4,7.672,False,97,False
2023-01-09,DRE-001,532,0,62,62,0,470,0,529666.5,6.764,False,97,False
2023-01-16,DRE-001,470,0,46,46,0,424,0,477826.8,6.089,False,97,False
2023-01-23,DRE-001,424,0,55,55,0,369,0,415844.55,5.287,False,97,False
2023-01-30,DRE-001,369,0,70,70,0,299,0,336958.05,4.275,False,97,False
2023-02-06,DRE-001,299,0,63,63,0,236,0,265960.2,3.367,False,97,False
2023-02-13,DRE-001,236,0,91,91,0,145,0,163407.75,2.065,False,97,False
2023-02-20,DRE-001,145,0,56,56,0,89,568,100298.55,1.264,False,97,True
2023-02-27,DRE-001,89,564,59,59,0,594,0,669408.3,8.422,False,97,False
2023-03-06,DRE-001,594,0,65,65,0,529,0,596156.55,7.484,False,97,False
2023-03-13,DRE-001,529,0,67,67,0,462,0,520650.9,6.523,False,97,False
2023-03-20,DRE-001,462,0,92,92,0,370,0,416971.5,5.213,False,97,False
2023-03-27,DRE-001,370,0,80,80,0,290,0,326815.5,4.077,False,97,False
2023-04-03,DRE-001,290,0,74,74,0,216,0,243421.2,3.03,False,97,False
2023-04-10,DRE-001,216,0,79,79,0,137,0,154392.15,1.918,False,97,False
2023-04-17,DRE-001,137,0,89,89,0,48,608,54093.6,0.671,False,97,True
2023-04-24,DRE-001,48,607,65,65,0,590,0,664900.5,8.226,False,97,False
2023-05-01,DRE-001,590,0,94,94,0,496,0,558967.2,6.901,False,97,False
2023-05-08,DRE-001,496,0,95,95,0,401,0,451906.95,5.568,False,97,False
2023-05-15,DRE-001,401,0,78,78,0,323,0,364004.85,4.475,False,97,False
2023-05-22,DRE-001,323,0,86,86,0,237,0,267087.15,3.277,False,97,False
2023-05-29,DRE-001,237,0,73,73,0,164,0,184819.8,2.263,False,97,False
2023-06-05,DRE-001,164,0,77,77,0,87,568,98044.65,1.198,False,97,True
2023-06-12,DRE-001,87,553,149,149,0,491,0,553332.45,6.747,False,97,False
2023-06-19,DRE-001,491,0,95,95,0,396,0,446272.2,5.431,False,97,False
2023-06-26,DRE-001,396,0,78,78,0,318,0,358370.1,4.352,False,97,False
2023-07-03,DRE-001,318,0,144,144,0,174,0,196089.3,2.377,False,97,False
2023-07-10,DRE-001,174,0,115,115,0,59,600,66490.05,0.804,False,97,True
2023-07-17,DRE-001,59,591,129,129,0,521,0,587140.95,7.087,False,97,False
2023-07-24,DRE-001,521,0,96,96,0,425,0,478953.75,5.769,False,97,False
2023-07-31,DRE-001,425,0,87,87,0,338,0,380909.1,4.579,False,97,False
2023-08-07,DRE-001,338,0,123,123,0,215,0,242294.25,2.907,False,97,False
2023-08-14,DRE-001,215,0,88,88,0,127,0,143122.65,1.714,False,97,False
2023-08-21,DRE-001,127,0,93,93,0,34,624,38316.3,0.458,False,97,True
2023-08-28,DRE-001,34,620,104,104,0,550,0,619822.5,7.392,False,97,False
2023-09-04,DRE-001,550,0,98,98,0,452,0,509381.4,6.062,False,97,False
2023-09-11,DRE-001,452,0,99,99,0,353,0,397813.35,4.725,False,97,False
2023-09-18,DRE-001,353,0,57,57,0,296,0,333577.2,3.954,False,97,False
2023-09-25,DRE-001,296,0,87,87,0,209,0,235532.55,2.786,False,97,False
2023-10-02,DRE-001,209,0,88,88,0,121,0,136360.95,1.61,False,97,False
2023-10-09,DRE-001,121,0,61,61,0,60,592,67617.0,0.797,False,97,True
2023-10-16,DRE-001,60,578,60,60,0,578,0,651377.1,7.66,False,97,False
2023-10-23,DRE-001,578,0,55,55,0,523,0,589394.85,6.918,False,97,False
2023-10-30,DRE-001,523,0,85,85,0,438,0,493604.1,5.782,False,97,False
2023-11-06,DRE-001,438,0,79,79,0,359,0,404575.05,4.73,False,97,False
2023-11-13,DRE-001,359,0,49,49,0,310,0,349354.5,4.076,False,97,False
2023-11-20,DRE-001,310,0,86,86,0,224,0,252436.8,2.94,False,97,False
2023-11-27,DRE-001,224,0,90,90,0,134,0,151011.3,1.755,False,97,False
2023-12-04,DRE-001,134,0,49,49,0,85,568,95790.75,1.111,False,97,True
2023-12-11,DRE-001,85,0,69,69,0,16,568,18031.2,0.209,False,97,False
2023-12-18,DRE-001,16,553,81,81,0,488,0,549951.6,6.355,False,97,False
2023-12-25,DRE-001,488,0,71,71,0,417,0,469938.15,5.42,False,97,False
2024-01-01,DRE-001,417,0,53,53,0,364,0,410209.8,4.722,False,97,False
2024-01-08,DRE-001,364,0,48,48,0,316,0,356116.2,4.091,False,97,False
2024-01-15,DRE-001,316,0,55,55,0,261,0,294133.95,3.373,False,97,False
2024-01-22,DRE-001,261,0,53,53,0,208,0,234405.6,2.683,False,97,False
2024-01-29,DRE-001,208,0,52,52,0,156,0,175804.2,2.008,False,97,False
2024-02-05,DRE-001,156,0,61,61,0,95,560,107060.25,1.22,False,97,True
2024-02-12,DRE-001,95,0,48,48,0,47,560,52966.65,0.603,False,97,False
2024-02-19,DRE-001,47,558,45,45,0,560,0,631092.0,7.167,False,97,False
2024-02-26,DRE-001,560,0,60,60,0,500,0,563475.0,6.387,False,97,False
2024-03-04,DRE-001,500,0,71,71,0,429,0,483461.55,5.47,False,97,False
2024-03-11,DRE-001,429,0,75,75,0,354,0,398940.3,4.505,False,97,False
2024-03-18,DRE-001,354,0,82,82,0,272,0,306530.4,3.455,False,97,False
2024-03-25,DRE-001,272,0,76,76,0,196,0,220882.2,2.485,False,97,False
2024-04-01,DRE-001,196,0,52,52,0,144,0,162280.8,1.822,False,97,False
2024-04-08,DRE-001,144,0,79,79,0,65,592,73251.75,0.821,False,97,True
2024-04-15,DRE-001,65,0,92,65,27,0,592,0.0,0.0,True,97,False
2024-04-22,DRE-001,0,0,72,0,72,0,592,0.0,0.0,True,97,False
2024-04-29,DRE-001,0,0,44,0,44,0,592,0.0,0.0,True,97,False
2024-05-06,DRE-001,0,0,100,0,100,0,592,0.0,0.0,True,97,False
2024-05-13,DRE-001,0,0,84,0,84,0,592,0.0,0.0,True,97,False
2024-05-20,DRE-001,0,0,85,0,85,0,592,0.0,0.0,True,97,False
2024-05-27,DRE-001,0,0,99,0,99,0,592,0.0,0.0,True,97,False
2024-06-03,DRE-001,0,0,74,0,74,0,592,0.0,0.0,True,97,False
2024-06-10,DRE-001,0,0,159,0,159,0,592,0.0,0.0,True,97,False
2024-06-17,DRE-001,0,0,116,0,116,0,592,0.0,0.0,True,97,False
2024-06-24,DRE-001,0,0,98,0,98,0,592,0.0,0.0,True,97,False
2024-07-01,DRE-001,0,0,118,0,118,0,592,0.0,0.0,True,97,False
2024-07-08,DRE-001,0,0,121,0,121,0,592,0.0,0.0,True,97,False
2024-07-15,DRE-001,0,0,77,0,77,0,592,0.0,0.0,True,97,False
2024-07-22,DRE-001,0,0,161,0,161,0,592,0.0,0.0,True,97,False
2024-07-29,DRE-001,0,0,70,0,70,0,592,0.0,0.0,True,97,False
2024-08-05,DRE-001,0,0,120,0,120,0,592,0.0,0.0,True,97,False
2024-08-12,DRE-001,0,0,96,0,96,0,592,0.0,0.0,True,97,False
2024-08-19,DRE-001,0,0,113,0,113,0,592,0.0,0.0,True,97,False
2024-08-26,DRE-001,0,0,71,0,71,0,592,0.0,0.0,True,97,False
2024-09-02,DRE-001,0,0,107,0,107,0,592,0.0,0.0,True,97,False
2024-09-09,DRE-001,0,0,121,0,121,0,592,0.0,0.0,True,97,False
2024-09-16,DRE-001,0,0,82,0,82,0,592,0.0,0.0,True,97,False
2024-09-23,DRE-001,0,0,117,0,117,0,592,0.0,0.0,True,97,False
2024-09-30,DRE-001,0,0,74,0,74,0,592,0.0,0.0,True,97,False
2024-10-07,DRE-001,0,0,96,0,96,0,592,0.0,0.0,True,97,False
2024-10-14,DRE-001,0,0,90,0,90,0,592,0.0,0.0,True,97,False
2024-10-21,DRE-001,0,0,74,0,74,0,592,0.0,0.0,True,97,False
2024-10-28,DRE-001,0,0,54,0,54,0,592,0.0,0.0,True,97,False
2024-11-04,DRE-001,0,0,95,0,95,0,592,0.0,0.0,True,97,False
2024-11-11,DRE-001,0,0,46,0,46,0,592,0.0,0.0,True,97,False
2024-11-18,DRE-001,0,0,119,0,119,0,592,0.0,0.0,True,97,False
2024-11-25,DRE-001,0,0,101,0,101,0,592,0.0,0.0,True,97,False
2024-12-02,DRE-001,0,0,67,0,67,0,592,0.0,0.0,True,97,False
2024-12-09,DRE-001,0,0,96,0,96,0,592,0.0,0.0,True,97,False
2024-12-16,DRE-001,0,0,106,0,106,0,592,0.0,0.0,True,97,False
2024-12-23,DRE-001,0,0,70,0,70,0,592,0.0,0.0,True,97,False
2024-12-30,DRE-001,0,0,93,0,93,0,592,0.0,0.0,True,97,False
2025-01-06,DRE-001,0,0,60,0,60,0,592,0.0,0.0,True,97,False
2025-01-13,DRE-001,0,0,83,0,83,0,592,0.0,0.0,True,97,False
2025-01-20,DRE-001,0,0,64,0,64,0,592,0.0,0.0,True,97,False
2025-01-27,DRE-001,0,0,65,0,65,0,592,0.0,0.0,True,97,False
2025-02-03,DRE-001,0,0,62,0,62,0,592,0.0,0.0,True,97,False
2025-02-10,DRE-001,0,0,72,0,72,0,592,0.0,0.0,True,97,False
2025-02-17,DRE-001,0,0,78,0,78,0,592,0.0,0.0,True,97,False
2025-02-24,DRE-001,0,0,71,0,71,0,592,0.0,0.0,True,97,False
2025-03-03,DRE-001,0,0,101,0,101,0,592,0.0,0.0,True,97,False
2025-03-10,DRE-001,0,0,59,0,59,0,592,0.0,0.0,True,97,False
2025-03-17,DRE-001,0,0,94,0,94,0,592,0.0,0.0,True,97,False
2025-03-24,DRE-001,0,0,93,0,93,0,592,0.0,0.0,True,97,False
2025-03-31,DRE-001,0,0,108,0,108,0,592,0.0,0.0,True,97,False
2025-04-07,DRE-001,0,0,88,0,88,0,592,0.0,0.0,True,97,False
2025-04-14,DRE-001,0,0,128,0,128,0,592,0.0,0.0,True,97,False
2025-04-21,DRE-001,0,0,93,0,93,0,592,0.0,0.0,True,97,False
2025-04-28,DRE-001,0,0,72,0,72,0,592,0.0,0.0,True,97,False
2025-05-05,DRE-001,0,0,108,0,108,0,592,0.0,0.0,True,97,False
2025-05-12,DRE-001,0,0,105,0,105,0,592,0.0,0.0,True,97,False
2025-05-19,DRE-001,0,0,104,0,104,0,592,0.0,0.0,True,97,False
2025-05-26,DRE-001,0,0,120,0,120,0,592,0.0,0.0,True,97,False
2025-06-02,DRE-001,0,0,66,0,66,0,592,0.0,0.0,True,97,False
2025-06-09,DRE-001,0,0,188,0,188,0,592,0.0,0.0,True,97,False
2025-06-16,DRE-001,0,0,96,0,96,0,592,0.0,0.0,True,97,False
2025-06-23,DRE-001,0,0,100,0,100,0,592,0.0,0.0,True,97,False
2025-06-30,DRE-001,0,0,148,0,148,0,592,0.0,0.0,True,97,False
2025-07-07,DRE-001,0,0,138,0,138,0,592,0.0,0.0,True,97,False
2025-07-14,DRE-001,0,0,125,0,125,0,592,0.0,0.0,True,97,False
2025-07-21,DRE-001,0,0,151,0,151,0,592,0.0,0.0,True,97,False
2025-07-28,DRE-001,0,0,108,0,108,0,592,0.0,0.0,True,97,False
2025-08-04,DRE-001,0,0,105,0,105,0,592,0.0,0.0,True,97,False
2025-08-11,DRE-001,0,0,127,0,127,0,592,0.0,0.0,True,97,False
2025-08-18,DRE-001,0,0,73,0,73,0,592,0.0,0.0,True,97,False
2025-08-25,DRE-001,0,0,135,0,135,0,592,0.0,0.0,True,97,False
2025-09-01,DRE-001,0,0,138,0,138,0,592,0.0,0.0,True,97,False
2025-09-08,DRE-001,0,0,110,0,110,0,592,0.0,0.0,True,97,False
2025-09-15,DRE-001,0,0,87,0,87,0,592,0.0,0.0,True,97,False
2025-09-22,DRE-001,0,0,99,0,99,0,592,0.0,0.0,True,97,False
2025-09-29,DRE-001,0,0,100,0,100,0,592,0.0,0.0,True,97,False
2025-10-06,DRE-001,0,0,88,0,88,0,592,0.0,0.0,True,97,False
2025-10-13,DRE-001,0,0,80,0,80,0,592,0.0,0.0,True,97,False
2025-10-20,DRE-001,0,0,77,0,77,0,592,0.0,0.0,True,97,False
2025-10-27,DRE-001,0,0,107,0,107,0,592,0.0,0.0,True,97,False
2025-11-03,DRE-001,0,0,76,0,76,0,592,0.0,0.0,True,97,False
2025-11-10,DRE-001,0,0,71,0,71,0,592,0.0,0.0,True,97,False
2025-11-17,DRE-001,0,0,126,0,126,0,592,0.0,0.0,True,97,False
2025-11-24,DRE-001,0,0,164,0,164,0,592,0.0,0.0,True,97,False
2025-12-01,DRE-001,0,0,50,0,50,0,592,0.0,0.0,True,97,False
2025-12-08,DRE-001,0,0,112,0,112,0,592,0.0,0.0,True,97,False
2025-12-15,DRE-001,0,0,69,0,69,0,592,0.0,0.0,True,97,False
2025-12-22,DRE-001,0,0,119,0,119,0,592,0.0,0.0,True,97,False
2025-12-29,DRE-001,0,0,67,0,67,0,592,0.0,0.0,True,97,False
2023-01-02,DRE-002,439,0,53,53,0,386,0,480145.4,7.181,False,317,False
2023-01-09,DRE-002,386,0,43,43,0,343,0,426657.7,6.368,False,317,False
2023-01-16,DRE-002,343,0,34,34,0,309,440,384365.1,5.724,False,317,True
2023-01-23,DRE-002,309,0,40,40,0,269,440,334609.1,4.973,False,317,False
2023-01-30,DRE-002,269,0,42,42,0,227,440,282365.3,4.187,False,317,False
2023-02-06,DRE-002,227,0,45,45,0,182,440,226389.8,3.35,False,317,False
2023-02-13,DRE-002,182,0,37,37,0,145,440,180365.5,2.663,False,317,False
2023-02-20,DRE-002,145,431,48,48,0,528,0,656779.2,9.678,False,317,False
2023-02-27,DRE-002,528,0,54,54,0,474,0,589608.6,8.669,False,317,False
2023-03-06,DRE-002,474,0,51,51,0,423,0,526169.7,7.72,False,317,False
2023-03-13,DRE-002,423,0,59,59,0,364,0,452779.6,6.63,False,317,False
2023-03-20,DRE-002,364,0,48,48,0,316,432,393072.4,5.743,False,317,True
2023-03-27,DRE-002,316,0,61,61,0,255,432,317194.5,4.625,False,317,False
2023-04-03,DRE-002,255,0,45,45,0,210,432,261219.0,3.801,False,317,False
2023-04-10,DRE-002,210,0,46,46,0,164,432,203999.6,2.962,False,317,False
2023-04-17,DRE-002,164,0,51,51,0,113,432,140560.7,2.037,False,317,False
2023-04-24,DRE-002,113,427,57,57,0,483,0,600803.7,8.687,False,317,False
2023-05-01,DRE-002,483,0,66,66,0,417,0,518706.3,7.485,False,317,False
2023-05-08,DRE-002,417,0,70,70,0,347,0,431633.3,6.215,False,317,False
2023-05-15,DRE-002,347,0,72,72,0,275,472,342072.5,4.915,False,317,True
2023-05-22,DRE-002,275,0,44,44,0,231,472,287340.9,4.12,False,317,False
2023-05-29,DRE-002,231,0,74,74,0,157,472,195292.3,2.795,False,317,False
2023-06-05,DRE-002,157,0,72,72,0,85,472,105731.5,1.51,False,317,False
2023-06-12,DRE-002,85,0,95,85,10,0,472,0.0,0.0,True,317,False
2023-06-19,DRE-002,0,471,65,65,0,406,0,505023.4,7.183,False,317,False
2023-06-26,DRE-002,406,0,64,64,0,342,0,425413.8,6.038,False,317,False
2023-07-03,DRE-002,342,0,105,105,0,237,512,294804.3,4.176,False,317,True
2023-07-10,DRE-002,237,0,93,93,0,144,512,179121.6,2.532,False,317,False
2023-07-17,DRE-002,144,0,77,77,0,67,512,83341.3,1.176,False,317,False
2023-07-24,DRE-002,67,0,113,67,46,0,512,0.0,0.0,True,317,False
2023-07-31,DRE-002,0,0,42,0,42,0,512,0.0,0.0,True,317,False
2023-08-07,DRE-002,0,502,59,59,0,443,0,551047.7,7.727,False,317,False
2023-08-14,DRE-002,443,0,95,95,0,348,0,432877.2,6.058,False,317,False
2023-08-21,DRE-002,348,0,80,80,0,268,480,333365.2,4.656,False,317,True
2023-08-28,DRE-002,268,0,64,64,0,204,480,253755.6,3.537,False,317,False
2023-09-04,DRE-002,204,0,78,78,0,126,480,156731.4,2.18,False,317,False
2023-09-11,DRE-002,126,0,86,86,0,40,480,49756.0,0.691,False,317,False
2023-09-18,DRE-002,40,0,61,40,21,0,480,0.0,0.0,True,317,False
2023-09-25,DRE-002,0,475,82,82,0,393,0,488852.7,6.759,False,317,False
2023-10-02,DRE-002,393,0,61,61,0,332,0,412974.8,5.699,False,317,False
2023-10-09,DRE-002,332,0,62,62,0,270,480,335853.0,4.625,False,317,True
2023-10-16,DRE-002,270,0,57,57,0,213,480,264950.7,3.642,False,317,False
2023-10-23,DRE-002,213,0,59,59,0,154,480,191560.6,2.628,False,317,False
2023-10-30,DRE-002,154,0,47,47,0,107,480,133097.3,1.822,False,317,False
2023-11-06,DRE-002,107,0,77,77,0,30,480,37317.0,0.51,False,317,False
2023-11-13,DRE-002,30,467,51,51,0,446,0,554779.4,7.566,False,317,False
2023-11-20,DRE-002,446,0,70,70,0,376,0,467706.4,6.366,False,317,False
2023-11-27,DRE-002,376,0,87,87,0,289,464,359487.1,4.883,False,317,True
2023-12-04,DRE-002,289,0,47,47,0,242,464,301023.8,4.081,False,317,False
2023-12-11,DRE-002,242,0,43,43,0,199,464,247536.1,3.349,False,317,False
2023-12-18,DRE-002,199,0,58,58,0,141,464,175389.9,2.369,False,317,False
2023-12-25,DRE-002,141,0,43,43,0,98,464,121902.2,1.643,False,317,False
2024-01-01,DRE-002,98,458,39,39,0,517,0,643096.3,8.651,False,317,False
2024-01-08,DRE-002,517,0,53,53,0,464,0,577169.6,7.75,False,317,False
2024-01-15,DRE-002,464,0,52,52,0,412,0,512486.8,6.868,False,317,False
2024-01-22,DRE-002,412,0,45,45,0,367,0,456511.3,6.106,False,317,False
2024-01-29,DRE-002,367,0,38,38,0,329,0,409243.1,5.463,False,317,False
2024-02-05,DRE-002,329,0,30,30,0,299,448,371926.1,4.955,False,317,True
2024-02-12,DRE-002,299,0,38,38,0,261,448,324657.9,4.317,False,317,False
2024-02-19,DRE-002,261,0,53,53,0,208,448,258731.2,3.434,False,317,False
2024-02-26,DRE-002,208,0,40,40,0,168,448,208975.2,2.768,False,317,False
2024-03-04,DRE-002,168,0,56,56,0,112,448,139316.8,1.842,False,317,False
2024-03-11,DRE-002,112,444,49,49,0,507,0,630657.3,8.323,False,317,False
2024-03-18,DRE-002,507,0,74,74,0,433,0,538608.7,7.095,False,317,False
2024-03-25,DRE-002,433,0,43,43,0,390,0,485121.0,6.378,False,317,False
2024-04-01,DRE-002,390,0,66,66,0,324,0,403023.6,5.289,False,317,False
2024-04-08,DRE-002,324,0,77,77,0,247,504,307243.3,4.024,False,317,True
2024-04-15,DRE-002,247,0,50,50,0,197,504,245048.3,3.204,False,317,False
2024-04-22,DRE-002,197,0,64,64,0,133,504,165438.7,2.159,False,317,False
2024-04-29,DRE-002,133,0,60,60,0,73,504,90804.7,1.183,False,317,False
2024-05-06,DRE-002,73,0,70,70,0,3,504,3731.7,0.049,False,317,False
2024-05-13,DRE-002,3,503,72,72,0,434,0,539852.6,7.005,False,317,False
2024-05-20,DRE-002,434,0,85,85,0,349,0,434121.1,5.623,False,317,False
2024-05-27,DRE-002,349,0,81,81,0,268,480,333365.2,4.31,False,317,True
2024-06-03,DRE-002,268,0,79,79,0,189,480,235097.1,3.034,False,317,False
2024-06-10,DRE-002,189,0,81,81,0,108,480,134341.2,1.73,False,317,False
2024-06-17,DRE-002,108,0,60,60,0,48,480,59707.2,0.768,False,317,False
2024-06-24,DRE-002,48,0,74,48,26,0,480,0.0,0.0,True,317,False
2024-07-01,DRE-002,0,0,119,0,119,0,480,0.0,0.0,True,317,False
2024-07-08,DRE-002,0,475,82,82,0,393,0,488852.7,6.25,False,317,False
2024-07-15,DRE-002,393,0,66,66,0,327,0,406755.3,5.191,False,317,False
2024-07-22,DRE-002,327,0,116,116,0,211,536,262462.9,3.343,False,317,True
2024-07-29,DRE-002,211,0,92,92,0,119,536,148024.1,1.882,False,317,False
2024-08-05,DRE-002,119,0,88,88,0,31,536,38560.9,0.489,False,317,False
2024-08-12,DRE-002,31,0,85,31,54,0,536,0.0,0.0,True,317,False
2024-08-19,DRE-002,0,0,69,0,69,0,536,0.0,0.0,True,317,False
2024-08-26,DRE-002,0,531,98,98,0,433,0,538608.7,6.799,False,317,False
2024-09-02,DRE-002,433,0,67,67,0,366,0,455267.4,5.736,False,317,False
2024-09-09,DRE-002,366,0,72,72,0,294,456,365706.6,4.6,False,317,True
2024-09-16,DRE-002,294,0,80,80,0,214,456,266194.6,3.342,False,317,False
2024-09-23,DRE-002,214,0,95,95,0,119,456,148024.1,1.855,False,317,False
2024-09-30,DRE-002,119,0,61,61,0,58,456,72146.2,0.902,False,317,False
2024-10-07,DRE-002,58,0,76,58,18,0,456,0.0,0.0,True,317,False
2024-10-14,DRE-002,0,443,44,44,0,399,0,496316.1,6.186,False,317,False
2024-10-21,DRE-002,399,0,48,48,0,351,0,436608.9,5.432,False,317,False
2024-10-28,DRE-002,351,0,58,58,0,293,456,364462.7,4.527,False,317,True
2024-11-04,DRE-002,293,0,88,88,0,205,456,254999.5,3.161,False,317,False
2024-11-11,DRE-002,205,0,49,49,0,156,456,194048.4,2.401,False,317,False
2024-11-18,DRE-002,156,0,72,72,0,84,456,104487.6,1.291,False,317,False
2024-11-25,DRE-002,84,0,120,84,36,0,456,0.0,0.0,True,317,False
2024-12-02,DRE-002,0,451,50,50,0,401,0,498803.9,6.14,False,317,False
2024-12-09,DRE-002,401,0,62,62,0,339,0,421682.1,5.182,False,317,False
2024-12-16,DRE-002,339,0,72,72,0,267,480,332121.3,4.074,False,317,True
2024-12-23,DRE-002,267,0,61,61,0,206,480,256243.4,3.138,False,317,False
2024-12-30,DRE-002,206,0,40,40,0,166,480,206487.4,2.524,False,317,False
2025-01-06,DRE-002,166,0,50,50,0,116,480,144292.4,1.761,False,317,False
2025-01-13,DRE-002,116,0,66,66,0,50,480,62195.0,0.758,False,317,False
2025-01-20,DRE-002,50,475,43,43,0,482,0,599559.8,7.29,False,317,False
2025-01-27,DRE-002,482,0,45,45,0,437,0,543584.3,6.598,False,317,False
2025-02-03,DRE-002,437,0,51,51,0,386,0,480145.4,5.818,False,317,False
2025-02-10,DRE-002,386,0,47,47,0,339,0,421682.1,5.101,False,317,False
2025-02-17,DRE-002,339,0,60,60,0,279,472,347048.1,4.191,False,317,True
2025-02-24,DRE-002,279,0,73,73,0,206,472,256243.4,3.089,False,317,False
2025-03-03,DRE-002,206,0,65,65,0,141,472,175389.9,2.111,False,317,False
2025-03-10,DRE-002,141,0,66,66,0,75,472,93292.5,1.121,False,317,False
2025-03-17,DRE-002,75,0,65,65,0,10,472,12439.0,0.149,False,317,False
2025-03-24,DRE-002,10,459,68,68,0,401,0,498803.9,5.971,False,317,False
2025-03-31,DRE-002,401,0,84,84,0,317,432,394316.3,4.712,False,317,True
2025-04-07,DRE-002,317,0,61,61,0,256,432,318438.4,3.799,False,317,False
2025-04-14,DRE-002,256,0,74,74,0,182,432,226389.8,2.696,False,317,False
2025-04-21,DRE-002,182,0,63,63,0,119,432,148024.1,1.76,False,317,False
2025-04-28,DRE-002,119,0,63,63,0,56,432,69658.4,0.827,False,317,False
2025-05-05,DRE-002,56,427,86,86,0,397,0,493828.3,5.851,False,317,False
2025-05-12,DRE-002,397,0,85,85,0,312,440,388096.8,4.591,False,317,True
2025-05-19,DRE-002,312,0,55,55,0,257,440,319682.3,3.775,False,317,False
2025-05-26,DRE-002,257,0,85,85,0,172,440,213950.8,2.522,False,317,False
2025-06-02,DRE-002,172,0,83,83,0,89,440,110707.1,1.303,False,317,False
2025-06-09,DRE-002,89,0,122,89,33,0,440,0.0,0.0,True,317,False
2025-06-16,DRE-002,0,428,102,102,0,326,0,405511.4,4.756,False,317,False
2025-06-23,DRE-002,326,0,98,98,0,228,520,283609.2,3.321,False,317,True
2025-06-30,DRE-002,228,0,111,111,0,117,520,145536.3,1.701,False,317,False
2025-07-07,DRE-002,117,0,71,71,0,46,520,57219.4,0.668,False,317,False
2025-07-14,DRE-002,46,0,70,46,24,0,520,0.0,0.0,True,317,False
2025-07-21,DRE-002,0,0,134,0,134,0,520,0.0,0.0,True,317,False
2025-07-28,DRE-002,0,0,96,0,96,0,520,0.0,0.0,True,317,False
2025-08-04,DRE-002,0,513,66,66,0,447,0,556023.3,6.445,False,317,False
2025-08-11,DRE-002,447,0,63,63,0,384,0,477657.6,5.528,False,317,False
2025-08-18,DRE-002,384,0,106,106,0,278,472,345804.2,3.995,False,317,True
2025-08-25,DRE-002,278,0,82,82,0,196,472,243804.4,2.812,False,317,False
2025-09-01,DRE-002,196,0,77,77,0,119,472,148024.1,1.705,False,317,False
2025-09-08,DRE-002,119,0,83,83,0,36,472,44780.4,0.515,False,317,False
2025-09-15,DRE-002,36,469,71,71,0,434,0,539852.6,6.196,False,317,False
2025-09-22,DRE-002,434,0,92,92,0,342,0,425413.8,4.875,False,317,False
2025-09-29,DRE-002,342,0,87,87,0,255,496,317194.5,3.629,False,317,True
2025-10-06,DRE-002,255,0,70,70,0,185,496,230121.5,2.628,False,317,False
2025-10-13,DRE-002,185,0,69,69,0,116,496,144292.4,1.645,False,317,False
2025-10-20,DRE-002,116,0,72,72,0,44,496,54731.6,0.623,False,317,False
2025-10-27,DRE-002,44,0,53,44,9,0,496,0.0,0.0,True,317,False
2025-11-03,DRE-002,0,487,97,97,0,390,0,485121.0,5.504,False,317,False
2025-11-10,DRE-002,390,0,52,52,0,338,0,420438.2,4.763,False,317,False
2025-11-17,DRE-002,338,0,97,97,0,241,512,299779.9,3.39,False,317,True
2025-11-24,DRE-002,241,0,152,152,0,89,512,110707.1,1.25,False,317,False
2025-12-01,DRE-002,89,0,63,63,0,26,512,32341.4,0.365,False,317,False
2025-12-08,DRE-002,26,0,58,26,32,0,512,0.0,0.0,True,317,False
2025-12-15,DRE-002,0,0,79,0,79,0,512,0.0,0.0,True,317,False
2025-12-22,DRE-002,0,503,55,55,0,448,0,557267.2,6.252,False,317,False
2025-12-29,DRE-002,448,0,41,41,0,407,0,506267.3,5.67,False,317,False
2023-01-02,DRE-003,561,0,43,43,0,518,0,511364.42,10.747,False,178,False
2023-01-09,DRE-003,518,0,44,44,0,474,0,467928.06,9.813,False,178,False
2023-01-16,DRE-003,474,0,37,37,0,437,0,431402.03,9.028,False,178,False
2023-01-23,DRE-003,437,0,34,34,0,403,0,397837.57,8.307,False,178,False
2023-01-30,DRE-003,403,0,32,32,0,371,0,366247.49,7.631,False,178,False
2023-02-06,DRE-003,371,0,44,44,0,327,0,322811.13,6.712,False,178,False
2023-02-13,DRE-003,327,0,33,33,0,294,0,290233.86,6.022,False,178,False
2023-02-20,DRE-003,294,0,44,44,0,250,0,246797.5,5.11,False,178,False
2023-02-27,DRE-003,250,0,51,51,0,199,0,196450.81,4.059,False,178,False
2023-03-06,DRE-003,199,0,46,46,0,153,412,151040.07,3.114,False,178,True
2023-03-13,DRE-003,153,0,41,41,0,112,412,110565.28,2.275,False,178,False
2023-03-20,DRE-003,112,0,61,61,0,51,412,50346.69,1.034,False,178,False
2023-03-27,DRE-003,51,409,35,35,0,425,0,419555.75,8.596,False,178,False
2023-04-03,DRE-003,425,0,62,62,0,363,0,358349.97,7.326,False,178,False
2023-04-10,DRE-003,363,0,37,37,0,326,0,321823.94,6.566,False,178,False
2023-04-17,DRE-003,326,0,48,48,0,278,0,274438.82,5.587,False,178,False
2023-04-24,DRE-003,278,0,49,49,0,229,0,226066.51,4.593,False,178,False
2023-05-01,DRE-003,229,0,63,63,0,166,400,163873.54,3.323,False,178,True
2023-05-08,DRE-003,166,0,60,60,0,106,400,104642.14,2.117,False,178,False
2023-05-15,DRE-003,106,0,37,37,0,69,400,68116.11,1.375,False,178,False
2023-05-22,DRE-003,69,397,47,47,0,419,0,413632.61,8.335,False,178,False
2023-05-29,DRE-003,419,0,68,68,0,351,0,346503.69,6.968,False,178,False
2023-06-05,DRE-003,351,0,48,48,0,303,0,299118.57,6.002,False,178,False
2023-06-12,DRE-003,303,0,89,89,0,214,0,211258.66,4.231,False,178,False
2023-06-19,DRE-003,214,0,60,60,0,154,412,152027.26,3.038,False,178,True
2023-06-26,DRE-003,154,0,61,61,0,93,412,91808.67,1.831,False,178,False
2023-07-03,DRE-003,93,0,77,77,0,16,412,15795.04,0.314,False,178,False
2023-07-10,DRE-003,16,405,85,85,0,336,0,331695.84,6.588,False,178,False
2023-07-17,DRE-003,336,0,77,77,0,259,0,255682.21,5.068,False,178,False
2023-07-24,DRE-003,259,0,102,102,0,157,408,154988.83,3.066,False,178,True
2023-07-31,DRE-003,157,0,63,63,0,94,408,92795.86,1.832,False,178,False
2023-08-07,DRE-003,94,0,51,51,0,43,408,42449.17,0.836,False,178,False
2023-08-14,DRE-003,43,406,58,58,0,391,0,385991.29,7.59,False,178,False
2023-08-21,DRE-003,391,0,54,54,0,337,0,332683.03,6.529,False,178,False
2023-08-28,DRE-003,337,0,51,51,0,286,0,282336.34,5.529,False,178,False
2023-09-04,DRE-003,286,0,55,55,0,231,0,228040.89,4.457,False,178,False
2023-09-11,DRE-003,231,0,67,67,0,164,400,161899.16,3.158,False,178,True
2023-09-18,DRE-003,164,0,59,59,0,105,400,103654.95,2.018,False,178,False
2023-09-25,DRE-003,105,0,71,71,0,34,400,33564.46,0.652,False,178,False
2023-10-02,DRE-003,34,389,35,35,0,388,0,383029.72,7.427,False,178,False
2023-10-09,DRE-003,388,0,52,52,0,336,0,331695.84,6.419,False,178,False
2023-10-16,DRE-003,336,0,49,49,0,287,0,283323.53,5.472,False,178,False
2023-10-23,DRE-003,287,0,45,45,0,242,0,238899.98,4.605,False,178,False
2023-10-30,DRE-003,242,0,43,43,0,199,0,196450.81,3.779,False,178,False
2023-11-06,DRE-003,199,0,61,61,0,138,428,136232.22,2.616,False,178,True
2023-11-13,DRE-003,138,0,43,43,0,95,428,93783.05,1.797,False,178,False
2023-11-20,DRE-003,95,0,105,95,10,0,428,0.0,0.0,True,178,False
2023-11-27,DRE-003,0,424,102,102,0,322,0,317875.18,6.067,False,178,False
2023-12-04,DRE-003,322,0,40,40,0,282,0,278387.58,5.303,False,178,False
2023-12-11,DRE-003,282,0,59,59,0,223,0,220143.37,4.186,False,178,False
2023-12-18,DRE-003,223,0,49,49,0,174,392,171771.06,3.26,False,178,True
2023-12-25,DRE-003,174,0,41,41,0,133,392,131296.27,2.487,False,178,False
2024-01-01,DRE-003,133,0,36,36,0,97,392,95757.43,1.81,False,178,False
2024-01-08,DRE-003,97,387,52,52,0,432,0,426466.08,8.046,False,178,False
2024-01-15,DRE-003,432,0,47,47,0,385,0,380068.15,7.157,False,178,False
2024-01-22,DRE-003,385,0,35,35,0,350,0,345516.5,6.494,False,178,False
2024-01-29,DRE-003,350,0,33,33,0,317,0,312939.23,5.87,False,178,False
2024-02-05,DRE-003,317,0,46,46,0,271,0,267528.49,5.009,False,178,False
2024-02-12,DRE-003,271,0,42,42,0,229,0,226066.51,4.224,False,178,False
2024-02-19,DRE-003,229,0,43,43,0,186,0,183617.34,3.425,False,178,False
2024-02-26,DRE-003,186,0,45,45,0,141,424,139193.79,2.591,False,178,True
2024-03-04,DRE-003,141,0,39,39,0,102,424,100693.38,1.871,False,178,False
2024-03-11,DRE-003,102,0,35,35,0,67,424,66141.73,1.227,False,178,False
2024-03-18,DRE-003,67,414,52,52,0,429,0,423504.51,7.839,False,178,False
2024-03-25,DRE-003,429,0,48,48,0,381,0,376119.39,6.948,False,178,False
2024-04-01,DRE-003,381,0,68,68,0,313,0,308990.47,5.698,False,178,False
2024-04-08,DRE-003,313,0,61,61,0,252,0,248771.88,4.579,False,178,False
2024-04-15,DRE-003,252,0,43,43,0,209,0,206322.71,3.79,False,178,False
2024-04-22,DRE-003,209,0,61,61,0,148,416,146104.12,2.679,False,178,True
2024-04-29,DRE-003,148,0,45,45,0,103,416,101680.57,1.861,False,178,False
2024-05-06,DRE-003,103,0,50,50,0,53,416,52321.07,0.956,False,178,False
2024-05-13,DRE-003,53,407,65,65,0,395,0,389940.05,7.11,False,178,False
2024-05-20,DRE-003,395,0,42,42,0,353,0,348478.07,6.342,False,178,False
2024-05-27,DRE-003,353,0,72,72,0,281,0,277400.39,5.039,False,178,False
2024-06-03,DRE-003,281,0,101,101,0,180,0,177694.2,3.222,False,178,False
2024-06-10,DRE-003,180,0,84,84,0,96,468,94770.24,1.715,False,178,True
2024-06-17,DRE-003,96,0,58,58,0,38,468,37513.22,0.678,False,178,False
2024-06-24,DRE-003,38,0,61,38,23,0,468,0.0,0.0,True,178,False
2024-07-01,DRE-003,0,460,120,120,0,340,0,335644.6,6.041,False,178,False
2024-07-08,DRE-003,340,0,45,45,0,295,0,291221.05,5.232,False,178,False
2024-07-15,DRE-003,295,0,78,78,0,217,0,214220.23,3.841,False,178,False
2024-07-22,DRE-003,217,0,96,96,0,121,444,119449.99,2.138,False,178,True
2024-07-29,DRE-003,121,0,61,61,0,60,444,59231.4,1.058,False,178,False
2024-08-05,DRE-003,60,0,61,60,1,0,444,0.0,0.0,True,178,False
2024-08-12,DRE-003,0,441,57,57,0,384,0,379080.96,6.748,False,178,False
2024-08-19,DRE-003,384,0,49,49,0,335,0,330708.65,5.876,False,178,False
2024-08-26,DRE-003,335,0,53,53,0,282,0,278387.58,4.938,False,178,False
2024-09-02,DRE-003,282,0,61,61,0,221,0,218168.99,3.863,False,178,False
2024-09-09,DRE-003,221,0,78,78,0,143,424,141168.17,2.495,False,178,True
2024-09-16,DRE-003,143,0,77,77,0,66,424,65154.54,1.149,False,178,False
2024-09-23,DRE-003,66,0,56,56,0,10,424,9871.9,0.174,False,178,False
2024-09-30,DRE-003,10,422,71,71,0,361,0,356375.59,6.264,False,178,False
2024-10-07,DRE-003,361,0,51,51,0,310,0,306028.9,5.369,False,178,False
2024-10-14,DRE-003,310,0,52,52,0,258,0,254695.02,4.461,False,178,False
2024-10-21,DRE-003,258,0,52,52,0,206,0,203361.14,3.555,False,178,False
2024-10-28,DRE-003,206,0,47,47,0,159,408,156963.21,2.739,False,178,True
2024-11-04,DRE-003,159,0,56,56,0,103,408,101680.57,1.771,False,178,False
2024-11-11,DRE-003,103,0,42,42,0,61,408,60218.59,1.047,False,178,False
2024-11-18,DRE-003,61,404,55,55,0,410,0,404747.9,7.026,False,178,False
2024-11-25,DRE-003,410,0,92,92,0,318,0,313926.42,5.44,False,178,False
2024-12-02,DRE-003,318,0,47,47,0,271,0,267528.49,4.627,False,178,False
2024-12-09,DRE-003,271,0,47,47,0,224,0,221130.56,3.818,False,178,False
2024-12-16,DRE-003,224,0,37,37,0,187,0,184604.53,3.182,False,178,False
2024-12-23,DRE-003,187,0,62,62,0,125,440,123398.75,2.123,False,178,True
2024-12-30,DRE-003,125,0,49,49,0,76,440,75026.44,1.289,False,178,False
2025-01-06,DRE-003,76,0,51,51,0,25,440,24679.75,0.423,False,178,False
2025-01-13,DRE-003,25,427,62,62,0,390,0,385004.1,6.59,False,178,False
2025-01-20,DRE-003,390,0,48,48,0,342,0,337618.98,5.768,False,178,False
2025-01-27,DRE-003,342,0,46,46,0,296,0,292208.24,4.984,False,178,False
2025-02-03,DRE-003,296,0,47,47,0,249,0,245810.31,4.185,False,178,False
2025-02-10,DRE-003,249,0,48,48,0,201,0,198425.19,3.373,False,178,False
2025-02-17,DRE-003,201,0,48,48,0,153,412,151040.07,2.563,False,178,True
2025-02-24,DRE-003,153,0,63,63,0,90,412,88847.1,1.505,False,178,False
2025-03-03,DRE-003,90,0,45,45,0,45,412,44423.55,0.751,False,178,False
2025-03-10,DRE-003,45,409,52,52,0,402,0,396850.38,6.698,False,178,False
2025-03-17,DRE-003,402,0,61,61,0,341,0,336631.79,5.672,False,178,False
2025-03-24,DRE-003,341,0,53,53,0,288,0,284310.72,4.782,False,178,False
2025-03-31,DRE-003,288,0,64,64,0,224,0,221130.56,3.713,False,178,False
2025-04-07,DRE-003,224,0,78,78,0,146,420,144129.74,2.416,False,178,True
2025-04-14,DRE-003,146,0,82,82,0,64,420,63180.16,1.057,False,178,False
2025-04-21,DRE-003,64,0,70,64,6,0,420,0.0,0.0,True,178,False
2025-04-28,DRE-003,0,419,40,40,0,379,0,374145.01,6.24,False,178,False
2025-05-05,DRE-003,379,0,67,67,0,312,0,308003.28,5.128,False,178,False
2025-05-12,DRE-003,312,0,58,58,0,254,0,250746.26,4.168,False,178,False
2025-05-19,DRE-003,254,0,74,74,0,180,0,177694.2,2.948,False,178,False
2025-05-26,DRE-003,180,0,93,93,0,87,480,85885.53,1.423,False,178,True
2025-06-02,DRE-003,87,0,98,87,11,0,480,0.0,0.0,True,178,False
2025-06-09,DRE-003,0,0,110,0,110,0,480,0.0,0.0,True,178,False
2025-06-16,DRE-003,0,470,78,78,0,392,0,386978.48,6.378,False,178,False
2025-06-23,DRE-003,392,0,84,84,0,308,0,304054.52,5.003,False,178,False
2025-06-30,DRE-003,308,0,103,103,0,205,0,202373.95,3.324,False,178,False
2025-07-07,DRE-003,205,0,71,71,0,134,432,132283.46,2.169,False,178,True
2025-07-14,DRE-003,134,0,69,69,0,65,432,64167.35,1.05,False,178,False
2025-07-21,DRE-003,65,0,107,65,42,0,432,0.0,0.0,True,178,False
2025-07-28,DRE-003,0,430,70,70,0,360,0,355388.4,5.798,False,178,False
2025-08-04,DRE-003,360,0,87,87,0,273,0,269502.87,4.39,False,178,False
2025-08-11,DRE-003,273,0,75,75,0,198,0,195463.62,3.178,False,178,False
2025-08-18,DRE-003,198,0,63,63,0,135,432,133270.65,2.164,False,178,True
2025-08-25,DRE-003,135,0,84,84,0,51,432,50346.69,0.816,False,178,False
2025-09-01,DRE-003,51,0,87,51,36,0,432,0.0,0.0,True,178,False
2025-09-08,DRE-003,0,420,65,65,0,355,0,350452.45,5.661,False,178,False
2025-09-15,DRE-003,355,0,64,64,0,291,0,287272.29,4.633,False,178,False
2025-09-22,DRE-003,291,0,74,74,0,217,0,214220.23,3.449,False,178,False
2025-09-29,DRE-003,217,0,68,68,0,149,416,147091.31,2.364,False,178,True
2025-10-06,DRE-003,149,0,42,42,0,107,416,105629.33,1.695,False,178,False
2025-10-13,DRE-003,107,0,52,52,0,55,416,54295.45,0.87,False,178,False
2025-10-20,DRE-003,55,407,61,61,0,401,0,395863.19,6.332,False,178,False
2025-10-27,DRE-003,401,0,63,63,0,338,0,333670.22,5.328,False,178,False
2025-11-03,DRE-003,338,0,88,88,0,250,0,246797.5,3.935,False,178,False
2025-11-10,DRE-003,250,0,51,51,0,199,0,196450.81,3.127,False,178,False
2025-11-17,DRE-003,199,0,85,85,0,114,452,112539.66,1.788,False,178,True
2025-11-24,DRE-003,114,0,96,96,0,18,452,17769.42,0.282,False,178,False
2025-12-01,DRE-003,18,0,54,18,36,0,452,0.0,0.0,True,178,False
2025-12-08,DRE-003,0,444,63,63,0,381,0,376119.39,5.948,False,178,False
2025-12-15,DRE-003,381,0,86,86,0,295,0,291221.05,4.598,False,178,False
2025-12-22,DRE-003,295,0,60,60,0,235,0,231989.65,3.657,False,178,False
2025-12-29,DRE-003,235,0,53,53,0,182,0,179668.58,2.828,False,178,False
2023-01-02,DRE-004,863,0,50,50,0,813,0,1100468.67,10.951,False,356,False
2023-01-09,DRE-004,813,0,64,64,0,749,0,1013838.91,10.067,False,356,False
2023-01-16,DRE-004,749,0,59,59,0,690,0,933977.1,9.254,False,356,False
2023-01-23,DRE-004,690,0,61,61,0,629,0,851408.11,8.418,False,356,False
2023-01-30,DRE-004,629,0,68,68,0,561,0,759363.99,7.492,False,356,False
2023-02-06,DRE-004,561,0,59,59,0,502,0,679502.18,6.69,False,356,False
2023-02-13,DRE-004,502,0,44,44,0,458,0,619944.22,6.091,False,356,False
2023-02-20,DRE-004,458,0,71,71,0,387,0,523839.33,5.136,False,356,False
2023-02-27,DRE-004,387,0,64,64,0,323,636,437209.57,4.277,False,356,True
2023-03-06,DRE-004,323,0,85,85,0,238,636,322154.42,3.145,False,356,False
2023-03-13,DRE-004,238,0,71,71,0,167,636,226049.53,2.202,False,356,False
2023-03-20,DRE-004,167,0,74,74,0,93,636,125883.87,1.224,False,356,False
2023-03-27,DRE-004,93,633,58,58,0,668,0,904198.12,8.772,False,356,False
2023-04-03,DRE-004,668,0,80,80,0,588,0,795910.92,7.705,False,356,False
2023-04-10,DRE-004,588,0,88,88,0,500,0,676795.0,6.538,False,356,False
2023-04-17,DRE-004,500,0,106,106,0,394,0,533314.46,5.141,False,356,False
2023-04-24,DRE-004,394,0,99,99,0,295,660,399309.05,3.841,False,356,True
2023-05-01,DRE-004,295,0,94,94,0,201,660,272071.59,2.612,False,356,False
2023-05-08,DRE-004,201,0,90,90,0,111,660,150248.49,1.439,False,356,False
2023-05-15,DRE-004,111,0,85,85,0,26,660,35193.34,0.336,False,356,False
2023-05-22,DRE-004,26,650,123,123,0,553,0,748535.27,7.142,False,356,False
2023-05-29,DRE-004,553,0,72,72,0,481,0,651076.79,6.199,False,356,False
2023-06-05,DRE-004,481,0,92,92,0,389,0,526546.51,5.003,False,356,False
2023-06-12,DRE-004,389,0,127,127,0,262,696,354640.58,3.363,False,356,True
2023-06-19,DRE-004,262,0,76,76,0,186,696,251767.74,2.382,False,356,False
2023-06-26,DRE-004,186,0,85,85,0,101,696,136712.59,1.291,False,356,False
2023-07-03,DRE-004,101,0,148,101,47,0,696,0.0,0.0,True,356,False
2023-07-10,DRE-004,0,685,114,114,0,571,0,772899.89,7.269,False,356,False
2023-07-17,DRE-004,571,0,103,103,0,468,0,633480.12,5.946,False,356,False
2023-07-24,DRE-004,468,0,122,122,0,346,612,468342.14,4.387,False,356,True
2023-07-31,DRE-004,346,0,135,135,0,211,612,285607.49,2.67,False,356,False
2023-08-07,DRE-004,211,0,87,87,0,124,612,167845.16,1.566,False,356,False
2023-08-14,DRE-004,124,0,110,110,0,14,612,18950.26,0.176,False,356,False
2023-08-21,DRE-004,14,603,117,117,0,500,0,676795.0,6.289,False,356,False
2023-08-28,DRE-004,500,0,129,129,0,371,0,502181.89,4.657,False,356,False
2023-09-04,DRE-004,371,0,89,89,0,282,672,381712.38,3.533,False,356,True
2023-09-11,DRE-004,282,0,84,84,0,198,672,268010.82,2.475,False,356,False
2023-09-18,DRE-004,198,0,85,85,0,113,672,152955.67,1.41,False,356,False
2023-09-25,DRE-004,113,0,113,113,0,0,672,0.0,0.0,False,356,False
2023-10-02,DRE-004,0,661,89,89,0,572,0,774253.48,7.109,False,356,False
2023-10-09,DRE-004,572,0,57,57,0,515,0,697098.85,6.388,False,356,False
2023-10-16,DRE-004,515,0,77,77,0,438,0,592872.42,5.422,False,356,False
2023-10-23,DRE-004,438,0,63,63,0,375,0,507596.25,4.633,False,356,False
2023-10-30,DRE-004,375,0,43,43,0,332,624,449391.88,4.094,False,356,True
2023-11-06,DRE-004,332,0,85,85,0,247,624,334336.73,3.04,False,356,False
2023-11-13,DRE-004,247,0,52,52,0,195,624,263950.05,2.395,False,356,False
2023-11-20,DRE-004,195,0,105,105,0,90,624,121823.1,1.103,False,356,False
2023-11-27,DRE-004,90,617,146,146,0,561,0,759363.99,6.863,False,356,False
2023-12-04,DRE-004,561,0,58,58,0,503,0,680855.77,6.142,False,356,False
2023-12-11,DRE-004,503,0,88,88,0,415,0,561739.85,5.057,False,356,False
2023-12-18,DRE-004,415,0,49,49,0,366,0,495413.94,4.451,False,356,False
2023-12-25,DRE-004,366,0,86,86,0,280,672,379005.2,3.399,False,356,True
2024-01-01,DRE-004,280,0,55,55,0,225,672,304557.75,2.726,False,356,False
2024-01-08,DRE-004,225,0,47,47,0,178,672,240939.02,2.152,False,356,False
2024-01-15,DRE-004,178,0,49,49,0,129,672,174613.11,1.557,False,356,False
2024-01-22,DRE-004,129,669,72,72,0,726,0,982706.34,8.745,False,356,False
2024-01-29,DRE-004,726,0,47,47,0,679,0,919087.61,8.163,False,356,False
2024-02-05,DRE-004,679,0,68,68,0,611,0,827043.49,7.332,False,356,False
2024-02-12,DRE-004,611,0,71,71,0,540,0,730938.6,6.467,False,356,False
2024-02-19,DRE-004,540,0,54,54,0,486,0,657844.74,5.809,False,356,False
2024-02-26,DRE-004,486,0,64,64,0,422,0,571214.98,5.035,False,356,False
2024-03-04,DRE-004,422,0,67,67,0,355,600,480524.45,4.227,False,356,True
2024-03-11,DRE-004,355,0,68,68,0,287,600,388480.33,3.411,False,356,False
2024-03-18,DRE-004,287,0,76,76,0,211,600,285607.49,2.503,False,356,False
2024-03-25,DRE-004,211,0,68,68,0,143,600,193563.37,1.693,False,356,False
2024-04-01,DRE-004,143,590,91,91,0,642,0,869004.78,7.587,False,356,False
2024-04-08,DRE-004,642,0,76,76,0,566,0,766131.94,6.677,False,356,False
2024-04-15,DRE-004,566,0,77,77,0,489,0,661905.51,5.757,False,356,False
2024-04-22,DRE-004,489,0,96,96,0,393,0,531960.87,4.618,False,356,False
2024-04-29,DRE-004,393,0,78,78,0,315,636,426380.85,3.695,False,356,True
2024-05-06,DRE-004,315,0,106,106,0,209,636,282900.31,2.447,False,356,False
2024-05-13,DRE-004,209,0,106,106,0,103,636,139419.77,1.204,False,356,False
2024-05-20,DRE-004,103,0,104,103,1,0,636,0.0,0.0,True,356,False
2024-05-27,DRE-004,0,621,89,89,0,532,0,720109.88,6.194,False,356,False
2024-06-03,DRE-004,532,0,115,115,0,417,0,564447.03,4.846,False,356,False
2024-06-10,DRE-004,417,0,177,177,0,240,720,324861.6,2.784,False,356,True
2024-06-17,DRE-004,240,0,101,101,0,139,720,188149.01,1.609,False,356,False
2024-06-24,DRE-004,139,0,112,112,0,27,720,36546.93,0.312,False,356,False
2024-07-01,DRE-004,27,0,157,27,130,0,720,0.0,0.0,True,356,False
2024-07-08,DRE-004,0,700,106,106,0,594,0,804032.46,6.839,False,356,False
2024-07-15,DRE-004,594,0,133,133,0,461,0,624004.99,5.298,False,356,False
2024-07-22,DRE-004,461,0,140,140,0,321,636,434502.39,3.683,False,356,True
2024-07-29,DRE-004,321,0,110,110,0,211,636,285607.49,2.416,False,356,False
2024-08-05,DRE-004,211,0,92,92,0,119,636,161077.21,1.36,False,356,False
2024-08-12,DRE-004,119,0,94,94,0,25,636,33839.75,0.285,False,356,False
2024-08-19,DRE-004,25,628,95,95,0,558,0,755303.22,6.355,False,356,False
2024-08-26,DRE-004,558,0,101,101,0,457,0,618590.63,5.195,False,356,False
2024-09-02,DRE-004,457,0,81,81,0,376,0,508949.84,4.267,False,356,False
2024-09-09,DRE-004,376,0,134,134,0,242,708,327568.78,2.741,False,356,True
2024-09-16,DRE-004,242,0,92,92,0,150,708,203038.5,1.696,False,356,False
2024-09-23,DRE-004,150,0,89,89,0,61,708,82568.99,0.688,False,356,False
2024-09-30,DRE-004,61,0,106,61,45,0,708,0.0,0.0,True,356,False
2024-10-07,DRE-004,0,695,98,98,0,597,0,808093.23,6.714,False,356,False
2024-10-14,DRE-004,597,0,87,87,0,510,0,690330.9,5.725,False,356,False
2024-10-21,DRE-004,510,0,71,71,0,439,0,594226.01,4.919,False,356,False
2024-10-28,DRE-004,439,0,97,97,0,342,612,462927.78,3.825,False,356,True
2024-11-04,DRE-004,342,0,80,80,0,262,612,354640.58,2.925,False,356,False
2024-11-11,DRE-004,262,0,75,75,0,187,612,253121.33,2.084,False,356,False
2024-11-18,DRE-004,187,0,110,110,0,77,612,104226.43,0.857,False,356,False
2024-11-25,DRE-004,77,608,97,97,0,588,0,795910.92,6.53,False,356,False
2024-12-02,DRE-004,588,0,43,43,0,545,0,737706.55,6.042,False,356,False
2024-12-09,DRE-004,545,0,78,78,0,467,0,632126.53,5.168,False,356,False
2024-12-16,DRE-004,467,0,68,68,0,399,0,540082.41,4.408,False,356,False
2024-12-23,DRE-004,399,0,80,80,0,319,636,431795.21,3.518,False,356,True
2024-12-30,DRE-004,319,0,65,65,0,254,636,343811.86,2.796,False,356,False
2025-01-06,DRE-004,254,0,103,103,0,151,636,204392.09,1.659,False,356,False
2025-01-13,DRE-004,151,0,51,51,0,100,636,135359.0,1.097,False,356,False
2025-01-20,DRE-004,100,0,59,59,0,41,636,55497.19,0.449,False,356,False
2025-01-27,DRE-004,41,624,66,66,0,599,0,810800.41,6.548,False,356,False
2025-02-03,DRE-004,599,0,61,61,0,538,0,728231.42,5.871,False,356,False
2025-02-10,DRE-004,538,0,69,69,0,469,0,634833.71,5.109,False,356,False
2025-02-17,DRE-004,469,0,77,77,0,392,0,530607.28,4.263,False,356,False
2025-02-24,DRE-004,392,0,88,88,0,304,648,411491.36,3.3,False,356,True
2025-03-03,DRE-004,304,0,96,96,0,208,648,281546.72,2.254,False,356,False
2025-03-10,DRE-004,208,0,83,83,0,125,648,169198.75,1.352,False,356,False
2025-03-17,DRE-004,125,0,92,92,0,33,648,44668.47,0.356,False,356,False
2025-03-24,DRE-004,33,633,98,98,0,568,0,768839.12,6.124,False,356,False
2025-03-31,DRE-004,568,0,123,123,0,445,0,602347.55,4.789,False,356,False
2025-04-07,DRE-004,445,0,105,105,0,340,612,460220.6,3.653,False,356,True
2025-04-14,DRE-004,340,0,115,115,0,225,612,304557.75,2.413,False,356,False
2025-04-21,DRE-004,225,0,112,112,0,113,612,152955.67,1.21,False,356,False
2025-04-28,DRE-004,113,0,79,79,0,34,612,46022.06,0.363,False,356,False
2025-05-05,DRE-004,34,598,100,100,0,532,0,720109.88,5.677,False,356,False
2025-05-12,DRE-004,532,0,121,121,0,411,0,556325.49,4.378,False,356,False
2025-05-19,DRE-004,411,0,108,108,0,303,648,410137.77,3.222,False,356,True
2025-05-26,DRE-004,303,0,92,92,0,211,648,285607.49,2.24,False,356,False
2025-06-02,DRE-004,211,0,110,110,0,101,648,136712.59,1.07,False,356,False
2025-06-09,DRE-004,101,0,149,101,48,0,648,0.0,0.0,True,356,False
2025-06-16,DRE-004,0,631,100,100,0,531,0,718756.29,5.609,False,356,False
2025-06-23,DRE-004,531,0,112,112,0,419,0,567154.21,4.418,False,356,False
2025-06-30,DRE-004,419,0,177,177,0,242,708,327568.78,2.548,False,356,True
2025-07-07,DRE-004,242,0,89,89,0,153,708,207099.27,1.608,False,356,False
2025-07-14,DRE-004,153,0,98,98,0,55,708,74447.45,0.577,False,356,False
2025-07-21,DRE-004,55,0,141,55,86,0,708,0.0,0.0,True,356,False
2025-07-28,DRE-004,0,703,136,136,0,567,0,767485.53,5.929,False,356,False
2025-08-04,DRE-004,567,0,120,120,0,447,0,605054.73,4.667,False,356,False
2025-08-11,DRE-004,447,0,116,116,0,331,624,448038.29,3.45,False,356,True
2025-08-18,DRE-004,331,0,94,94,0,237,624,320800.83,2.466,False,356,False
2025-08-25,DRE-004,237,0,109,109,0,128,624,173259.52,1.33,False,356,False
2025-09-01,DRE-004,128,0,108,108,0,20,624,27071.8,0.207,False,356,False
2025-09-08,DRE-004,20,0,108,20,88,0,624,0.0,0.0,True,356,False
2025-09-15,DRE-004,0,617,67,67,0,550,0,744474.5,5.685,False,356,False
2025-09-22,DRE-004,550,0,88,88,0,462,0,625358.58,4.768,False,356,False
2025-09-29,DRE-004,462,0,90,90,0,372,0,503535.48,3.832,False,356,False
2025-10-06,DRE-004,372,0,80,80,0,292,660,395248.28,3.003,False,356,True
2025-10-13,DRE-004,292,0,56,56,0,236,660,319447.24,2.423,False,356,False
2025-10-20,DRE-004,236,0,123,123,0,113,660,152955.67,1.158,False,356,False
2025-10-27,DRE-004,113,0,73,73,0,40,660,54143.6,0.409,False,356,False
2025-11-03,DRE-004,40,648,95,95,0,593,0,802678.87,6.059,False,356,False
2025-11-10,DRE-004,593,0,99,99,0,494,0,668673.46,5.04,False,356,False
2025-11-17,DRE-004,494,0,139,139,0,355,600,480524.45,3.616,False,356,True
2025-11-24,DRE-004,355,0,151,151,0,204,600,276132.36,2.074,False,356,False
2025-12-01,DRE-004,204,0,97,97,0,107,600,144834.13,1.086,False,356,False
2025-12-08,DRE-004,107,0,102,102,0,5,600,6767.95,0.051,False,356,False
2025-12-15,DRE-004,5,597,104,104,0,498,0,674087.82,5.039,False,356,False
2025-12-22,DRE-004,498,0,106,106,0,392,0,530607.28,3.96,False,356,False
2025-12-29,DRE-004,392,0,78,78,0,314,636,425027.26,3.167,False,356,True
2023-01-02,DRE-005,655,0,55,55,0,600,0,442896.0,9.583,False,88,False
2023-01-09,DRE-005,600,0,49,49,0,551,0,406726.16,8.782,False,88,False
2023-01-16,DRE-005,551,0,76,76,0,475,0,350626.0,7.554,False,88,False
2023-01-23,DRE-005,475,0,35,35,0,440,0,324790.4,6.983,False,88,False
2023-01-30,DRE-005,440,0,28,28,0,412,0,304121.92,6.524,False,88,False
2023-02-06,DRE-005,412,0,55,55,0,357,0,263523.12,5.641,False,88,False
2023-02-13,DRE-005,357,0,54,54,0,303,0,223662.48,4.778,False,88,False
2023-02-20,DRE-005,303,0,41,41,0,262,0,193397.92,4.123,False,88,False
2023-02-27,DRE-005,262,0,41,41,0,221,0,163133.36,3.47,False,88,False
2023-03-06,DRE-005,221,0,71,71,0,150,0,110724.0,2.35,False,88,False
2023-03-13,DRE-005,150,0,34,34,0,116,0,85626.56,1.814,False,88,False
2023-03-20,DRE-005,116,0,74,74,0,42,552,31002.72,0.655,False,88,True
2023-03-27,DRE-005,42,547,66,66,0,523,0,386057.68,8.143,False,88,False
2023-04-03,DRE-005,523,0,90,90,0,433,0,319623.28,6.728,False,88,False
2023-04-10,DRE-005,433,0,66,66,0,367,0,270904.72,5.69,False,88,False
2023-04-17,DRE-005,367,0,62,62,0,305,0,225138.8,4.719,False,88,False
2023-04-24,DRE-005,305,0,72,72,0,233,0,171991.28,3.598,False,88,False
2023-05-01,DRE-005,233,0,53,53,0,180,0,132868.8,2.774,False,88,False
2023-05-08,DRE-005,180,0,83,83,0,97,0,71601.52,1.492,False,88,False
2023-05-15,DRE-005,97,0,83,83,0,14,576,10334.24,0.215,False,88,True
2023-05-22,DRE-005,14,0,85,14,71,0,576,0.0,0.0,True,88,False
2023-05-29,DRE-005,0,574,76,76,0,498,0,367603.68,7.61,False,88,False
2023-06-05,DRE-005,498,0,87,87,0,411,0,303383.76,6.268,False,88,False
2023-06-12,DRE-005,411,0,134,134,0,277,0,204470.32,4.216,False,88,False
2023-06-19,DRE-005,277,0,82,82,0,195,0,143941.2,2.962,False,88,False
2023-06-26,DRE-005,195,0,80,80,0,115,0,84888.4,1.743,False,88,False
2023-07-03,DRE-005,115,0,133,115,18,0,594,0.0,0.0,True,88,True
2023-07-10,DRE-005,0,592,104,104,0,488,0,360222.08,7.367,False,88,False
2023-07-17,DRE-005,488,0,93,93,0,395,0,291573.2,5.951,False,88,False
2023-07-24,DRE-005,395,0,101,101,0,294,0,217019.04,4.42,False,88,False
2023-07-31,DRE-005,294,0,92,92,0,202,0,149108.32,3.031,False,88,False
2023-08-07,DRE-005,202,0,68,68,0,134,0,98913.44,2.006,False,88,False
2023-08-14,DRE-005,134,0,65,65,0,69,522,50933.04,1.031,False,88,True
2023-08-21,DRE-005,69,0,47,47,0,22,522,16239.52,0.328,False,88,False
2023-08-28,DRE-005,22,513,67,67,0,468,0,345458.88,6.966,False,88,False
2023-09-04,DRE-005,468,0,76,76,0,392,0,289358.72,5.823,False,88,False
2023-09-11,DRE-005,392,0,107,107,0,285,0,210375.6,4.225,False,88,False
2023-09-18,DRE-005,285,0,89,89,0,196,0,144679.36,2.9,False,88,False
2023-09-25,DRE-005,196,0,63,63,0,133,0,98175.28,1.964,False,88,False
2023-10-02,DRE-005,133,0,41,41,0,92,0,67910.72,1.356,False,88,False
2023-10-09,DRE-005,92,0,92,92,0,0,594,0.0,0.0,False,88,True
2023-10-16,DRE-005,0,591,47,47,0,544,0,401559.04,7.985,False,88,False
2023-10-23,DRE-005,544,0,47,47,0,497,0,366865.52,7.281,False,88,False
2023-10-30,DRE-005,497,0,64,64,0,433,0,319623.28,6.331,False,88,False
2023-11-06,DRE-005,433,0,79,79,0,354,0,261308.64,5.165,False,88,False
2023-11-13,DRE-005,354,0,49,49,0,305,0,225138.8,4.442,False,88,False
2023-11-20,DRE-005,305,0,120,120,0,185,0,136559.6,2.689,False,88,False
2023-11-27,DRE-005,185,0,108,108,0,77,516,56838.32,1.117,False,88,True
2023-12-04,DRE-005,77,504,38,38,0,543,0,400820.88,7.861,False,88,False
2023-12-11,DRE-005,543,0,70,70,0,473,0,349149.68,6.835,False,88,False
2023-12-18,DRE-005,473,0,76,76,0,397,0,293049.52,5.725,False,88,False
2023-12-25,DRE-005,397,0,67,67,0,330,0,243592.8,4.75,False,88,False
2024-01-01,DRE-005,330,0,40,40,0,290,0,214066.4,4.166,False,88,False
2024-01-08,DRE-005,290,0,66,66,0,224,0,165347.84,3.212,False,88,False
2024-01-15,DRE-005,224,0,71,71,0,153,0,112938.48,2.189,False,88,False
2024-01-22,DRE-005,153,0,42,42,0,111,0,81935.76,1.585,False,88,False
2024-01-29,DRE-005,111,0,48,48,0,63,528,46504.08,0.898,False,88,True
2024-02-05,DRE-005,63,522,49,49,0,536,0,395653.76,7.626,False,88,False
2024-02-12,DRE-005,536,0,50,50,0,486,0,358745.76,6.902,False,88,False
2024-02-19,DRE-005,486,0,53,53,0,433,0,319623.28,6.137,False,88,False
2024-02-26,DRE-005,433,0,64,64,0,369,0,272381.04,5.22,False,88,False
2024-03-04,DRE-005,369,0,63,63,0,306,0,225876.96,4.321,False,88,False
2024-03-11,DRE-005,306,0,52,52,0,254,0,187492.64,3.58,False,88,False
2024-03-18,DRE-005,254,0,82,82,0,172,0,126963.52,2.419,False,88,False
2024-03-25,DRE-005,172,0,72,72,0,100,0,73816.0,1.404,False,88,False
2024-04-01,DRE-005,100,0,58,58,0,42,552,31002.72,0.589,False,88,True
2024-04-08,DRE-005,42,0,84,42,42,0,552,0.0,0.0,True,88,False
2024-04-15,DRE-005,0,0,74,0,74,0,552,0.0,0.0,True,88,False
2024-04-22,DRE-005,0,0,45,0,45,0,552,0.0,0.0,True,88,False
2024-04-29,DRE-005,0,0,69,0,69,0,552,0.0,0.0,True,88,False
2024-05-06,DRE-005,0,0,69,0,69,0,552,0.0,0.0,True,88,False
2024-05-13,DRE-005,0,0,96,0,96,0,552,0.0,0.0,True,88,False
2024-05-20,DRE-005,0,0,94,0,94,0,552,0.0,0.0,True,88,False
2024-05-27,DRE-005,0,0,99,0,99,0,552,0.0,0.0,True,88,False
2024-06-03,DRE-005,0,0,107,0,107,0,552,0.0,0.0,True,88,False
2024-06-10,DRE-005,0,0,144,0,144,0,552,0.0,0.0,True,88,False
2024-06-17,DRE-005,0,0,84,0,84,0,552,0.0,0.0,True,88,False
2024-06-24,DRE-005,0,0,109,0,109,0,552,0.0,0.0,True,88,False
2024-07-01,DRE-005,0,0,112,0,112,0,552,0.0,0.0,True,88,False
2024-07-08,DRE-005,0,0,92,0,92,0,552,0.0,0.0,True,88,False
2024-07-15,DRE-005,0,0,94,0,94,0,552,0.0,0.0,True,88,False
2024-07-22,DRE-005,0,0,157,0,157,0,552,0.0,0.0,True,88,False
2024-07-29,DRE-005,0,0,105,0,105,0,552,0.0,0.0,True,88,False
2024-08-05,DRE-005,0,0,97,0,97,0,552,0.0,0.0,True,88,False
2024-08-12,DRE-005,0,0,113,0,113,0,552,0.0,0.0,True,88,False
2024-08-19,DRE-005,0,0,101,0,101,0,552,0.0,0.0,True,88,False
2024-08-26,DRE-005,0,0,87,0,87,0,552,0.0,0.0,True,88,False
2024-09-02,DRE-005,0,0,80,0,80,0,552,0.0,0.0,True,88,False
2024-09-09,DRE-005,0,0,102,0,102,0,552,0.0,0.0,True,88,False
2024-09-16,DRE-005,0,0,76,0,76,0,552,0.0,0.0,True,88,False
2024-09-23,DRE-005,0,0,95,0,95,0,552,0.0,0.0,True,88,False
2024-09-30,DRE-005,0,0,55,0,55,0,552,0.0,0.0,True,88,False
2024-10-07,DRE-005,0,0,74,0,74,0,552,0.0,0.0,True,88,False
2024-10-14,DRE-005,0,0,62,0,62,0,552,0.0,0.0,True,88,False
2024-10-21,DRE-005,0,0,80,0,80,0,552,0.0,0.0,True,88,False
2024-10-28,DRE-005,0,0,90,0,90,0,552,0.0,0.0,True,88,False
2024-11-04,DRE-005,0,0,68,0,68,0,552,0.0,0.0,True,88,False
2024-11-11,DRE-005,0,0,56,0,56,0,552,0.0,0.0,True,88,False
2024-11-18,DRE-005,0,0,120,0,120,0,552,0.0,0.0,True,88,False
2024-11-25,DRE-005,0,0,125,0,125,0,552,0.0,0.0,True,88,False
2024-12-02,DRE-005,0,0,61,0,61,0,552,0.0,0.0,True,88,False
2024-12-09,DRE-005,0,0,90,0,90,0,552,0.0,0.0,True,88,False
2024-12-16,DRE-005,0,0,68,0,68,0,552,0.0,0.0,True,88,False
2024-12-23,DRE-005,0,0,65,0,65,0,552,0.0,0.0,True,88,False
2024-12-30,DRE-005,0,0,53,0,53,0,552,0.0,0.0,True,88,False
2025-01-06,DRE-005,0,0,68,0,68,0,552,0.0,0.0,True,88,False
2025-01-13,DRE-005,0,0,71,0,71,0,552,0.0,0.0,True,88,False
2025-01-20,DRE-005,0,0,57,0,57,0,552,0.0,0.0,True,88,False
2025-01-27,DRE-005,0,0,67,0,67,0,552,0.0,0.0,True,88,False
2025-02-03,DRE-005,0,0,58,0,58,0,552,0.0,0.0,True,88,False
2025-02-10,DRE-005,0,0,63,0,63,0,552,0.0,0.0,True,88,False
2025-02-17,DRE-005,0,0,44,0,44,0,552,0.0,0.0,True,88,False
2025-02-24,DRE-005,0,0,61,0,61,0,552,0.0,0.0,True,88,False
2025-03-03,DRE-005,0,0,76,0,76,0,552,0.0,0.0,True,88,False
2025-03-10,DRE-005,0,0,55,0,55,0,552,0.0,0.0,True,88,False
2025-03-17,DRE-005,0,0,78,0,78,0,552,0.0,0.0,True,88,False
2025-03-24,DRE-005,0,0,58,0,58,0,552,0.0,0.0,True,88,False
2025-03-31,DRE-005,0,0,136,0,136,0,552,0.0,0.0,True,88,False
2025-04-07,DRE-005,0,0,85,0,85,0,552,0.0,0.0,True,88,False
2025-04-14,DRE-005,0,0,74,0,74,0,552,0.0,0.0,True,88,False
2025-04-21,DRE-005,0,0,73,0,73,0,552,0.0,0.0,True,88,False
2025-04-28,DRE-005,0,0,100,0,100,0,552,0.0,0.0,True,88,False
2025-05-05,DRE-005,0,0,88,0,88,0,552,0.0,0.0,True,88,False
2025-05-12,DRE-005,0,0,102,0,102,0,552,0.0,0.0,True,88,False
2025-05-19,DRE-005,0,0,80,0,80,0,552,0.0,0.0,True,88,False
2025-05-26,DRE-005,0,0,78,0,78,0,552,0.0,0.0,True,88,False
2025-06-02,DRE-005,0,0,106,0,106,0,552,0.0,0.0,True,88,False
2025-06-09,DRE-005,0,0,132,0,132,0,552,0.0,0.0,True,88,False
2025-06-16,DRE-005,0,0,98,0,98,0,552,0.0,0.0,True,88,False
2025-06-23,DRE-005,0,0,96,0,96,0,552,0.0,0.0,True,88,False
2025-06-30,DRE-005,0,0,129,0,129,0,552,0.0,0.0,True,88,False
2025-07-07,DRE-005,0,0,69,0,69,0,552,0.0,0.0,True,88,False
2025-07-14,DRE-005,0,0,73,0,73,0,552,0.0,0.0,True,88,False
2025-07-21,DRE-005,0,0,183,0,183,0,552,0.0,0.0,True,88,False
2025-07-28,DRE-005,0,0,100,0,100,0,552,0.0,0.0,True,88,False
2025-08-04,DRE-005,0,0,83,0,83,0,552,0.0,0.0,True,88,False
2025-08-11,DRE-005,0,0,105,0,105,0,552,0.0,0.0,True,88,False
2025-08-18,DRE-005,0,0,100,0,100,0,552,0.0,0.0,True,88,False
2025-08-25,DRE-005,0,0,138,0,138,0,552,0.0,0.0,True,88,False
2025-09-01,DRE-005,0,0,69,0,69,0,552,0.0,0.0,True,88,False
2025-09-08,DRE-005,0,0,98,0,98,0,552,0.0,0.0,True,88,False
2025-09-15,DRE-005,0,0,67,0,67,0,552,0.0,0.0,True,88,False
2025-09-22,DRE-005,0,0,93,0,93,0,552,0.0,0.0,True,88,False
2025-09-29,DRE-005,0,0,70,0,70,0,552,0.0,0.0,True,88,False
2025-10-06,DRE-005,0,0,83,0,83,0,552,0.0,0.0,True,88,False
2025-10-13,DRE-005,0,0,89,0,89,0,552,0.0,0.0,True,88,False
2025-10-20,DRE-005,0,0,61,0,61,0,552,0.0,0.0,True,88,False
2025-10-27,DRE-005,0,0,60,0,60,0,552,0.0,0.0,True,88,False
2025-11-03,DRE-005,0,0,88,0,88,0,552,0.0,0.0,True,88,False
2025-11-10,DRE-005,0,0,60,0,60,0,552,0.0,0.0,True,88,False
2025-11-17,DRE-005,0,0,136,0,136,0,552,0.0,0.0,True,88,False
2025-11-24,DRE-005,0,0,159,0,159,0,552,0.0,0.0,True,88,False
2025-12-01,DRE-005,0,0,65,0,65,0,552,0.0,0.0,True,88,False
2025-12-08,DRE-005,0,0,79,0,79,0,552,0.0,0.0,True,88,False
2025-12-15,DRE-005,0,0,96,0,96,0,552,0.0,0.0,True,88,False
2025-12-22,DRE-005,0,0,90,0,90,0,552,0.0,0.0,True,88,False
2025-12-29,DRE-005,0,0,77,0,77,0,552,0.0,0.0,True,88,False
2023-01-02,DRE-006,742,0,71,71,0,671,0,884834.28,9.168,False,188,False
2023-01-09,DRE-006,671,0,57,57,0,614,0,809669.52,8.371,False,188,False
2023-01-16,DRE-006,614,0,59,59,0,555,0,731867.4,7.551,False,188,False
2023-01-23,DRE-006,555,0,34,34,0,521,0,687032.28,7.073,False,188,False
2023-01-30,DRE-006,521,0,45,45,0,476,0,627691.68,6.448,False,188,False
2023-02-06,DRE-006,476,0,56,56,0,420,0,553845.6,5.677,False,188,False
2023-02-13,DRE-006,420,0,75,75,0,345,0,454944.6,4.654,False,188,False
2023-02-20,DRE-006,345,0,56,56,0,289,0,381098.52,3.89,False,188,False
2023-02-27,DRE-006,289,0,59,59,0,230,0,303296.4,3.089,False,188,False
2023-03-06,DRE-006,230,0,92,92,0,138,640,181977.84,1.85,False,188,True
2023-03-13,DRE-006,138,0,75,75,0,63,640,83076.84,0.843,False,188,False
2023-03-20,DRE-006,63,633,81,81,0,615,0,810988.2,8.209,False,188,False
2023-03-27,DRE-006,615,0,74,74,0,541,0,713405.88,7.206,False,188,False
2023-04-03,DRE-006,541,0,81,81,0,460,0,606592.8,6.114,False,188,False
2023-04-10,DRE-006,460,0,93,93,0,367,0,483955.56,4.868,False,188,False
2023-04-17,DRE-006,367,0,86,86,0,281,0,370549.08,3.719,False,188,False
2023-04-24,DRE-006,281,0,90,90,0,191,0,251867.88,2.523,False,188,False
2023-05-01,DRE-006,191,0,77,77,0,114,660,150329.52,1.503,False,188,True
2023-05-08,DRE-006,114,0,72,72,0,42,660,55384.56,0.552,False,188,False
2023-05-15,DRE-006,42,651,81,81,0,612,0,807032.16,8.034,False,188,False
2023-05-22,DRE-006,612,0,66,66,0,546,0,719999.28,7.152,False,188,False
2023-05-29,DRE-006,546,0,110,110,0,436,0,574944.48,5.7,False,188,False
2023-06-05,DRE-006,436,0,82,82,0,354,0,466812.72,4.618,False,188,False
2023-06-12,DRE-006,354,0,190,190,0,164,610,216263.52,2.135,False,188,True
2023-06-19,DRE-006,164,0,71,71,0,93,610,122637.24,1.208,False,188,False
2023-06-26,DRE-006,93,596,98,98,0,591,0,779339.88,7.663,False,188,False
2023-07-03,DRE-006,591,0,147,147,0,444,0,585493.92,5.745,False,188,False
2023-07-10,DRE-006,444,0,99,99,0,345,0,454944.6,4.455,False,188,False
2023-07-17,DRE-006,345,0,89,89,0,256,0,337582.08,3.299,False,188,False
2023-07-24,DRE-006,256,0,109,109,0,147,630,193845.96,1.891,False,188,True
2023-07-31,DRE-006,147,0,82,82,0,65,630,85714.2,0.834,False,188,False
2023-08-07,DRE-006,65,623,102,102,0,586,0,772746.48,7.506,False,188,False
2023-08-14,DRE-006,586,0,71,71,0,515,0,679120.2,6.584,False,188,False
2023-08-21,DRE-006,515,0,122,122,0,393,0,518241.24,5.014,False,188,False
2023-08-28,DRE-006,393,0,102,102,0,291,0,383735.88,3.705,False,188,False
2023-09-04,DRE-006,291,0,92,92,0,199,0,262417.32,2.529,False,188,False
2023-09-11,DRE-006,199,0,146,146,0,53,720,69890.04,0.672,False,188,True
2023-09-18,DRE-006,53,0,106,53,53,0,720,0.0,0.0,True,188,False
2023-09-25,DRE-006,0,713,111,111,0,602,0,793845.36,7.604,False,188,False
2023-10-02,DRE-006,602,0,94,94,0,508,0,669889.44,6.404,False,188,False
2023-10-09,DRE-006,508,0,67,67,0,441,0,581537.88,5.548,False,188,False
2023-10-16,DRE-006,441,0,60,60,0,381,0,502417.08,4.784,False,188,False
2023-10-23,DRE-006,381,0,107,107,0,274,0,361318.32,3.434,False,188,False
2023-10-30,DRE-006,274,0,67,67,0,207,0,272966.76,2.589,False,188,False
2023-11-06,DRE-006,207,0,66,66,0,141,640,185933.88,1.76,False,188,True
2023-11-13,DRE-006,141,0,68,68,0,73,640,96263.64,0.909,False,188,False
2023-11-20,DRE-006,73,634,121,121,0,586,0,772746.48,7.286,False,188,False
2023-11-27,DRE-006,586,0,123,123,0,463,0,610548.84,5.745,False,188,False
2023-12-04,DRE-006,463,0,79,79,0,384,0,506373.12,4.756,False,188,False
2023-12-11,DRE-006,384,0,76,76,0,308,0,406153.44,3.807,False,188,False
2023-12-18,DRE-006,308,0,62,62,0,246,0,324395.28,3.035,False,188,False
2023-12-25,DRE-006,246,0,62,62,0,184,590,242637.12,2.266,False,188,True
2024-01-01,DRE-006,184,0,52,52,0,132,590,174065.76,1.622,False,188,False
2024-01-08,DRE-006,132,583,73,73,0,642,0,846592.56,7.874,False,188,False
2024-01-15,DRE-006,642,0,79,79,0,563,0,742416.84,6.892,False,188,False
2024-01-22,DRE-006,563,0,74,74,0,489,0,644834.52,5.975,False,188,False
2024-01-29,DRE-006,489,0,67,67,0,422,0,556482.96,5.146,False,188,False
2024-02-05,DRE-006,422,0,68,68,0,354,0,466812.72,4.309,False,188,False
2024-02-12,DRE-006,354,0,63,63,0,291,0,383735.88,3.535,False,188,False
2024-02-19,DRE-006,291,0,77,77,0,214,0,282197.52,2.595,False,188,False
2024-02-26,DRE-006,214,0,62,62,0,152,630,200439.36,1.839,False,188,True
2024-03-04,DRE-006,152,0,103,103,0,49,630,64615.32,0.592,False,188,False
2024-03-11,DRE-006,49,629,57,57,0,621,0,818900.28,7.487,False,188,False
2024-03-18,DRE-006,621,0,71,71,0,550,0,725274.0,6.618,False,188,False
2024-03-25,DRE-006,550,0,107,107,0,443,0,584175.24,5.321,False,188,False
2024-04-01,DRE-006,443,0,86,86,0,357,0,470768.76,4.28,False,188,False
2024-04-08,DRE-006,357,0,82,82,0,275,0,362637.0,3.29,False,188,False
2024-04-15,DRE-006,275,0,68,68,0,207,0,272966.76,2.472,False,188,False
2024-04-22,DRE-006,207,0,115,115,0,92,690,121318.56,1.097,False,188,True
2024-04-29,DRE-006,92,0,90,90,0,2,690,2637.36,0.024,False,188,False
2024-05-06,DRE-006,2,683,93,93,0,592,0,780658.56,7.03,False,188,False
2024-05-13,DRE-006,592,0,106,106,0,486,0,640878.48,5.761,False,188,False
2024-05-20,DRE-006,486,0,105,105,0,381,0,502417.08,4.508,False,188,False
2024-05-27,DRE-006,381,0,123,123,0,258,0,340219.44,3.047,False,188,False
2024-06-03,DRE-006,258,0,109,109,0,149,630,196483.32,1.756,False,188,True
2024-06-10,DRE-006,149,0,133,133,0,16,630,21098.88,0.188,False,188,False
2024-06-17,DRE-006,16,0,141,16,125,0,630,0.0,0.0,True,188,False
2024-06-24,DRE-006,0,626,84,84,0,542,0,714724.56,6.354,False,188,False
2024-07-01,DRE-006,542,0,161,161,0,381,0,502417.08,4.458,False,188,False
2024-07-08,DRE-006,381,0,90,90,0,291,0,383735.88,3.399,False,188,False
2024-07-15,DRE-006,291,0,102,102,0,189,0,249230.52,2.203,False,188,False
2024-07-22,DRE-006,189,0,163,163,0,26,750,34285.68,0.303,False,188,True
2024-07-29,DRE-006,26,0,141,26,115,0,750,0.0,0.0,True,188,False
2024-08-05,DRE-006,0,747,100,100,0,647,0,853185.96,7.501,False,188,False
2024-08-12,DRE-006,647,0,93,93,0,554,0,730548.72,6.411,False,188,False
2024-08-19,DRE-006,554,0,113,113,0,441,0,581537.88,5.094,False,188,False
2024-08-26,DRE-006,441,0,105,105,0,336,0,443076.48,3.874,False,188,False
2024-09-02,DRE-006,336,0,100,100,0,236,0,311208.48,2.716,False,188,False
2024-09-09,DRE-006,236,0,108,108,0,128,650,168791.04,1.471,False,188,True
2024-09-16,DRE-006,128,0,107,107,0,21,650,27692.28,0.241,False,188,False
2024-09-23,DRE-006,21,640,121,121,0,540,0,712087.2,6.182,False,188,False
2024-09-30,DRE-006,540,0,98,98,0,442,0,582856.56,5.051,False,188,False
2024-10-07,DRE-006,442,0,76,76,0,366,0,482636.88,4.175,False,188,False
2024-10-14,DRE-006,366,0,72,72,0,294,0,387691.92,3.348,False,188,False
2024-10-21,DRE-006,294,0,65,65,0,229,0,301977.72,2.603,False,188,False
2024-10-28,DRE-006,229,0,78,78,0,151,630,199120.68,1.713,False,188,True
2024-11-04,DRE-006,151,0,103,103,0,48,630,63296.64,0.544,False,188,False
2024-11-11,DRE-006,48,628,69,69,0,607,0,800438.76,6.862,False,188,False
2024-11-18,DRE-006,607,0,124,124,0,483,0,636922.44,5.451,False,188,False
2024-11-25,DRE-006,483,0,116,116,0,367,0,483955.56,4.134,False,188,False
2024-12-02,DRE-006,367,0,69,69,0,298,0,392966.64,3.351,False,188,False
2024-12-09,DRE-006,298,0,81,81,0,217,0,286153.56,2.436,False,188,False
2024-12-16,DRE-006,217,0,79,79,0,138,640,181977.84,1.546,False,188,True
2024-12-23,DRE-006,138,0,85,85,0,53,640,69890.04,0.593,False,188,False
2024-12-30,DRE-006,53,625,59,59,0,619,0,816262.92,6.912,False,188,False
2025-01-06,DRE-006,619,0,61,61,0,558,0,735823.44,6.22,False,188,False
2025-01-13,DRE-006,558,0,76,76,0,482,0,635603.76,5.363,False,188,False
2025-01-20,DRE-006,482,0,68,68,0,414,0,545933.52,4.599,False,188,False
2025-01-27,DRE-006,414,0,58,58,0,356,0,469450.08,3.947,False,188,False
2025-02-03,DRE-006,356,0,92,92,0,264,0,348131.52,2.922,False,188,False
2025-02-10,DRE-006,264,0,39,39,0,225,0,296703.0,2.486,False,188,False
2025-02-17,DRE-006,225,0,57,57,0,168,610,221538.24,1.853,False,188,True
2025-02-24,DRE-006,168,0,58,58,0,110,610,145054.8,1.211,False,188,False
2025-03-03,DRE-006,110,595,84,84,0,621,0,818900.28,6.826,False,188,False
2025-03-10,DRE-006,621,0,73,73,0,548,0,722636.64,6.013,False,188,False
2025-03-17,DRE-006,548,0,135,135,0,413,0,544614.84,4.524,False,188,False
2025-03-24,DRE-006,413,0,95,95,0,318,0,419340.24,3.478,False,188,False
2025-03-31,DRE-006,318,0,120,120,0,198,0,261098.64,2.162,False,188,False
2025-04-07,DRE-006,198,0,98,98,0,100,680,131868.0,1.09,False,188,True
2025-04-14,DRE-006,100,0,113,100,13,0,680,0.0,0.0,True,188,False
2025-04-21,DRE-006,0,679,98,98,0,581,0,766153.08,6.31,False,188,False
2025-04-28,DRE-006,581,0,128,128,0,453,0,597362.04,4.912,False,188,False
2025-05-05,DRE-006,453,0,121,121,0,332,0,437801.76,3.594,False,188,False
2025-05-12,DRE-006,332,0,126,126,0,206,0,271648.08,2.226,False,188,False
2025-05-19,DRE-006,206,0,94,94,0,112,670,147692.16,1.208,False,188,True
2025-05-26,DRE-006,112,0,92,92,0,20,670,26373.6,0.215,False,188,False
2025-06-02,DRE-006,20,651,106,106,0,565,0,745054.2,6.074,False,188,False
2025-06-09,DRE-006,565,0,133,133,0,432,0,569669.76,4.636,False,188,False
2025-06-16,DRE-006,432,0,105,105,0,327,0,431208.36,3.504,False,188,False
2025-06-23,DRE-006,327,0,106,106,0,221,0,291428.28,2.364,False,188,False
2025-06-30,DRE-006,221,0,145,145,0,76,700,100219.68,0.812,False,188,True
2025-07-07,DRE-006,76,0,142,76,66,0,700,0.0,0.0,True,188,False
2025-07-14,DRE-006,0,694,94,94,0,600,0,791208.0,6.386,False,188,False
2025-07-21,DRE-006,600,0,123,123,0,477,0,629010.36,5.068,False,188,False
2025-07-28,DRE-006,477,0,127,127,0,350,0,461538.0,3.713,False,188,False
2025-08-04,DRE-006,350,0,109,109,0,241,0,317801.88,2.552,False,188,False
2025-08-11,DRE-006,241,0,140,140,0,101,680,133186.68,1.068,False,188,True
2025-08-18,DRE-006,101,0,119,101,18,0,680,0.0,0.0,True,188,False
2025-08-25,DRE-006,0,670,113,113,0,557,0,734504.76,5.869,False,188,False
2025-09-01,DRE-006,557,0,86,86,0,471,0,621098.28,4.955,False,188,False
2025-09-08,DRE-006,471,0,96,96,0,375,0,494505.0,3.938,False,188,False
2025-09-15,DRE-006,375,0,117,117,0,258,0,340219.44,2.705,False,188,False
2025-09-22,DRE-006,258,0,118,118,0,140,640,184615.2,1.465,False,188,True
2025-09-29,DRE-006,140,0,108,108,0,32,640,42197.76,0.334,False,188,False
2025-10-06,DRE-006,32,629,87,87,0,574,0,756922.32,5.989,False,188,False
2025-10-13,DRE-006,574,0,89,89,0,485,0,639559.8,5.052,False,188,False
2025-10-20,DRE-006,485,0,88,88,0,397,0,523515.96,4.128,False,188,False
2025-10-27,DRE-006,397,0,59,59,0,338,0,445713.84,3.509,False,188,False
2025-11-03,DRE-006,338,0,105,105,0,233,0,307252.44,2.415,False,188,False
2025-11-10,DRE-006,233,0,81,81,0,152,630,200439.36,1.573,False,188,True
2025-11-17,DRE-006,152,0,121,121,0,31,630,40879.08,0.32,False,188,False
2025-11-24,DRE-006,31,612,158,158,0,485,0,639559.8,5.003,False,188,False
2025-12-01,DRE-006,485,0,57,57,0,428,0,564395.04,4.407,False,188,False
2025-12-08,DRE-006,428,0,107,107,0,321,0,423296.28,3.3,False,188,False
2025-12-15,DRE-006,321,0,89,89,0,232,0,305933.76,2.381,False,188,False
2025-12-22,DRE-006,232,0,122,122,0,110,670,145054.8,1.127,False,188,True
2025-12-29,DRE-006,110,661,64,64,0,707,0,932306.76,7.234,False,188,False
2023-01-02,DRE-007,418,0,21,21,0,397,0,491926.67,9.747,False,151,False
2023-01-09,DRE-007,397,0,32,32,0,365,0,452275.15,8.942,False,151,False
2023-01-16,DRE-007,365,0,29,29,0,336,0,416340.96,8.214,False,151,False
2023-01-23,DRE-007,336,0,27,27,0,309,0,382884.99,7.538,False,151,False
2023-01-30,DRE-007,309,0,25,25,0,284,0,351907.24,6.913,False,151,False
2023-02-06,DRE-007,284,0,31,31,0,253,0,313494.83,6.146,False,151,False
2023-02-13,DRE-007,253,0,40,40,0,213,0,263930.43,5.163,False,151,False
2023-02-20,DRE-007,213,0,32,32,0,181,0,224278.91,4.378,False,151,False
2023-02-27,DRE-007,181,0,29,29,0,152,0,188344.72,3.669,False,151,False
2023-03-06,DRE-007,152,0,42,42,0,110,368,136302.1,2.649,False,151,True
2023-03-13,DRE-007,110,0,41,41,0,69,368,85498.59,1.658,False,151,False
2023-03-20,DRE-007,69,0,49,49,0,20,368,24782.2,0.48,False,151,False
2023-03-27,DRE-007,20,358,42,42,0,336,0,416340.96,8.042,False,151,False
2023-04-03,DRE-007,336,0,45,45,0,291,0,360581.01,6.95,False,151,False
2023-04-10,DRE-007,291,0,42,42,0,249,0,308538.39,5.935,False,151,False
2023-04-17,DRE-007,249,0,60,60,0,189,0,234191.79,4.495,False,151,False
2023-04-24,DRE-007,189,0,47,47,0,142,336,175953.62,3.37,False,151,True
2023-05-01,DRE-007,142,0,57,57,0,85,336,105324.35,2.013,False,151,False
2023-05-08,DRE-007,85,0,57,57,0,28,336,34695.08,0.662,False,151,False
2023-05-15,DRE-007,28,334,43,43,0,319,0,395276.09,7.525,False,151,False
2023-05-22,DRE-007,319,0,54,54,0,265,0,328364.15,6.238,False,151,False
2023-05-29,DRE-007,265,0,53,53,0,212,0,262691.32,4.98,False,151,False
2023-06-05,DRE-007,212,0,56,56,0,156,0,193301.16,3.657,False,151,False
2023-06-12,DRE-007,156,0,69,69,0,87,392,107802.57,2.035,False,151,True
2023-06-19,DRE-007,87,0,59,59,0,28,392,34695.08,0.654,False,151,False
2023-06-26,DRE-007,28,0,52,28,24,0,392,0.0,0.0,True,151,False
2023-07-03,DRE-007,0,382,93,93,0,289,0,358102.79,6.72,False,151,False
2023-07-10,DRE-007,289,0,45,45,0,244,0,302342.84,5.662,False,151,False
2023-07-17,DRE-007,244,0,49,49,0,195,0,241626.45,4.516,False,151,False
2023-07-24,DRE-007,195,0,62,62,0,133,344,164801.63,3.074,False,151,True
2023-07-31,DRE-007,133,0,52,52,0,81,344,100367.91,1.868,False,151,False
2023-08-07,DRE-007,81,0,70,70,0,11,344,13630.21,0.253,False,151,False
2023-08-14,DRE-007,11,343,56,56,0,298,0,369254.78,6.846,False,151,False
2023-08-21,DRE-007,298,0,34,34,0,264,0,327125.04,6.052,False,151,False
2023-08-28,DRE-007,264,0,45,45,0,219,0,271365.09,5.011,False,151,False
2023-09-04,DRE-007,219,0,64,64,0,155,0,192062.05,3.539,False,151,False
2023-09-11,DRE-007,155,0,58,58,0,97,384,120193.67,2.21,False,151,True
2023-09-18,DRE-007,97,0,64,64,0,33,384,40890.63,0.751,False,151,False
2023-09-25,DRE-007,33,0,43,33,10,0,384,0.0,0.0,True,151,False
2023-10-02,DRE-007,0,379,32,32,0,347,0,429971.17,7.86,False,151,False
2023-10-09,DRE-007,347,0,43,43,0,304,0,376689.44,6.873,False,151,False
2023-10-16,DRE-007,304,0,35,35,0,269,0,333320.59,6.069,False,151,False
2023-10-23,DRE-007,269,0,41,41,0,228,0,282517.08,5.134,False,151,False
2023-10-30,DRE-007,228,0,41,41,0,187,0,231713.57,4.203,False,151,False
2023-11-06,DRE-007,187,0,51,51,0,136,344,168518.96,3.05,False,151,True
2023-11-13,DRE-007,136,0,54,54,0,82,344,101607.02,1.836,False,151,False
2023-11-20,DRE-007,82,0,77,77,0,5,344,6195.55,0.112,False,151,False
2023-11-27,DRE-007,5,341,55,55,0,291,0,360581.01,6.489,False,151,False
2023-12-04,DRE-007,291,0,43,43,0,248,0,307299.28,5.519,False,151,False
2023-12-11,DRE-007,248,0,50,50,0,198,0,245343.78,4.398,False,151,False
2023-12-18,DRE-007,198,0,49,49,0,149,328,184627.39,3.303,False,151,True
2023-12-25,DRE-007,149,0,62,62,0,87,328,107802.57,1.925,False,151,False
2024-01-01,DRE-007,87,0,30,30,0,57,328,70629.27,1.259,False,151,False
2024-01-08,DRE-007,57,326,33,33,0,350,0,433688.5,7.714,False,151,False
2024-01-15,DRE-007,350,0,35,35,0,315,0,390319.65,6.929,False,151,False
2024-01-22,DRE-007,315,0,40,40,0,275,0,340755.25,6.038,False,151,False
2024-01-29,DRE-007,275,0,25,25,0,250,0,309777.5,5.478,False,151,False
2024-02-05,DRE-007,250,0,24,24,0,226,0,280038.86,4.943,False,151,False
2024-02-12,DRE-007,226,0,29,29,0,197,0,244104.67,4.3,False,151,False
2024-02-19,DRE-007,197,0,24,24,0,173,0,214366.03,3.769,False,151,False
2024-02-26,DRE-007,173,0,33,33,0,140,336,173475.4,3.045,False,151,True
2024-03-04,DRE-007,140,0,59,59,0,81,336,100367.91,1.758,False,151,False
2024-03-11,DRE-007,81,0,35,35,0,46,336,56999.06,0.997,False,151,False
2024-03-18,DRE-007,46,0,47,46,1,0,336,0.0,0.0,True,151,False
2024-03-25,DRE-007,0,326,31,31,0,295,0,365537.45,6.367,False,151,False
2024-04-01,DRE-007,295,0,55,55,0,240,0,297386.4,5.17,False,151,False
2024-04-08,DRE-007,240,0,53,53,0,187,0,231713.57,4.021,False,151,False
2024-04-15,DRE-007,187,0,65,65,0,122,360,151171.42,2.618,False,151,True
2024-04-22,DRE-007,122,0,79,79,0,43,360,53281.73,0.921,False,151,False
2024-04-29,DRE-007,43,0,44,43,1,0,360,0.0,0.0,True,151,False
2024-05-06,DRE-007,0,354,61,61,0,293,0,363059.23,6.253,False,151,False
2024-05-13,DRE-007,293,0,61,61,0,232,0,287473.52,4.942,False,151,False
2024-05-20,DRE-007,232,0,61,61,0,171,0,211887.81,3.636,False,151,False
2024-05-27,DRE-007,171,0,60,60,0,111,368,137541.21,2.356,False,151,True
2024-06-03,DRE-007,111,0,60,60,0,51,368,63194.61,1.08,False,151,False
2024-06-10,DRE-007,51,0,87,51,36,0,368,0.0,0.0,True,151,False
2024-06-17,DRE-007,0,366,63,63,0,303,0,375450.33,6.394,False,151,False
2024-06-24,DRE-007,303,0,51,51,0,252,0,312255.72,5.308,False,151,False
2024-07-01,DRE-007,252,0,75,75,0,177,0,219322.47,3.722,False,151,False
2024-07-08,DRE-007,177,0,52,52,0,125,352,154888.75,2.623,False,151,True
2024-07-15,DRE-007,125,0,60,60,0,65,352,80542.15,1.362,False,151,False
2024-07-22,DRE-007,65,0,95,65,30,0,352,0.0,0.0,True,151,False
2024-07-29,DRE-007,0,342,68,68,0,274,0,339516.14,5.719,False,151,False
2024-08-05,DRE-007,274,0,66,66,0,208,0,257734.88,4.333,False,151,False
2024-08-12,DRE-007,208,0,48,48,0,160,0,198257.6,3.327,False,151,False
2024-08-19,DRE-007,160,0,62,62,0,98,384,121432.78,2.034,False,151,True
2024-08-26,DRE-007,98,0,56,56,0,42,384,52042.62,0.87,False,151,False
2024-09-02,DRE-007,42,0,61,42,19,0,384,0.0,0.0,True,151,False
2024-09-09,DRE-007,0,373,79,79,0,294,0,364298.34,6.07,False,151,False
2024-09-16,DRE-007,294,0,55,55,0,239,0,296147.29,4.925,False,151,False
2024-09-23,DRE-007,239,0,55,55,0,184,0,227996.24,3.785,False,151,False
2024-09-30,DRE-007,184,0,55,55,0,129,352,159845.19,2.649,False,151,True
2024-10-07,DRE-007,129,0,49,49,0,80,352,99128.8,1.64,False,151,False
2024-10-14,DRE-007,80,0,62,62,0,18,352,22303.98,0.368,False,151,False
2024-10-21,DRE-007,18,345,32,32,0,331,0,410145.41,6.76,False,151,False
2024-10-28,DRE-007,331,0,42,42,0,289,0,358102.79,5.892,False,151,False
2024-11-04,DRE-007,289,0,40,40,0,249,0,308538.39,5.067,False,151,False
2024-11-11,DRE-007,249,0,43,43,0,206,0,255256.66,4.185,False,151,False
2024-11-18,DRE-007,206,0,65,65,0,141,336,174714.51,2.859,False,151,True
2024-11-25,DRE-007,141,0,77,77,0,64,336,79303.04,1.296,False,151,False
2024-12-02,DRE-007,64,0,49,49,0,15,336,18586.65,0.303,False,151,False
2024-12-09,DRE-007,15,334,41,41,0,308,0,381645.88,6.213,False,151,False
2024-12-16,DRE-007,308,0,53,53,0,255,0,315973.05,5.135,False,151,False
2024-12-23,DRE-007,255,0,37,37,0,218,0,270125.98,4.382,False,151,False
2024-12-30,DRE-007,218,0,42,42,0,176,0,218083.36,3.531,False,151,False
2025-01-06,DRE-007,176,0,48,48,0,128,352,158606.08,2.564,False,151,True
2025-01-13,DRE-007,128,0,47,47,0,81,352,100367.91,1.62,False,151,False
2025-01-20,DRE-007,81,0,42,42,0,39,352,48325.29,0.778,False,151,False
2025-01-27,DRE-007,39,342,41,41,0,340,0,421297.4,6.775,False,151,False
2025-02-03,DRE-007,340,0,32,32,0,308,0,381645.88,6.126,False,151,False
2025-02-10,DRE-007,308,0,42,42,0,266,0,329603.26,5.282,False,151,False
2025-02-17,DRE-007,266,0,43,43,0,223,0,276321.53,4.42,False,151,False
2025-02-24,DRE-007,223,0,28,28,0,195,0,241626.45,3.858,False,151,False
2025-03-03,DRE-007,195,0,51,51,0,144,336,178431.84,2.844,False,151,True
2025-03-10,DRE-007,144,0,56,56,0,88,336,109041.68,1.735,False,151,False
2025-03-17,DRE-007,88,332,76,76,0,344,0,426253.84,6.772,False,151,False
2025-03-24,DRE-007,344,0,40,40,0,304,0,376689.44,5.974,False,151,False
2025-03-31,DRE-007,304,0,76,76,0,228,0,282517.08,4.473,False,151,False
2025-04-07,DRE-007,228,0,63,63,0,165,0,204453.15,3.231,False,151,False
2025-04-14,DRE-007,165,0,40,40,0,125,352,154888.75,2.444,False,151,True
2025-04-21,DRE-007,125,0,63,63,0,62,352,76824.82,1.21,False,151,False
2025-04-28,DRE-007,62,0,41,41,0,21,352,26021.31,0.409,False,151,False
2025-05-05,DRE-007,21,342,45,45,0,318,0,394036.98,6.185,False,151,False
2025-05-12,DRE-007,318,0,59,59,0,259,0,320929.49,5.029,False,151,False
2025-05-19,DRE-007,259,0,58,58,0,201,0,249061.11,3.896,False,151,False
2025-05-26,DRE-007,201,0,64,64,0,137,344,169758.07,2.651,False,151,True
2025-06-02,DRE-007,137,0,72,72,0,65,344,80542.15,1.256,False,151,False
2025-06-09,DRE-007,65,0,100,65,35,0,344,0.0,0.0,True,151,False
2025-06-16,DRE-007,0,337,66,66,0,271,0,335798.81,5.218,False,151,False
2025-06-23,DRE-007,271,0,73,73,0,198,0,245343.78,3.806,False,151,False
2025-06-30,DRE-007,198,0,76,76,0,122,360,151171.42,2.341,False,151,True
2025-07-07,DRE-007,122,0,82,82,0,40,360,49564.4,0.766,False,151,False
2025-07-14,DRE-007,40,0,64,40,24,0,360,0.0,0.0,True,151,False
2025-07-21,DRE-007,0,352,66,66,0,286,0,354385.46,5.46,False,151,False
2025-07-28,DRE-007,286,0,78,78,0,208,0,257734.88,3.965,False,151,False
2025-08-04,DRE-007,208,0,68,68,0,140,336,173475.4,2.664,False,151,True
2025-08-11,DRE-007,140,0,61,61,0,79,336,97889.69,1.501,False,151,False
2025-08-18,DRE-007,79,0,55,55,0,24,336,29738.64,0.455,False,151,False
2025-08-25,DRE-007,24,330,68,68,0,286,0,354385.46,5.415,False,151,False
2025-09-01,DRE-007,286,0,76,76,0,210,0,260213.1,3.97,False,151,False
2025-09-08,DRE-007,210,0,78,78,0,132,344,163562.52,2.491,False,151,True
2025-09-15,DRE-007,132,0,57,57,0,75,344,92933.25,1.413,False,151,False
2025-09-22,DRE-007,75,0,63,63,0,12,344,14869.32,0.226,False,151,False
2025-09-29,DRE-007,12,338,46,46,0,304,0,376689.44,5.709,False,151,False
2025-10-06,DRE-007,304,0,43,43,0,261,0,323407.71,4.893,False,151,False
2025-10-13,DRE-007,261,0,50,50,0,211,0,261452.21,3.949,False,151,False
2025-10-20,DRE-007,211,0,41,41,0,170,0,210648.7,3.177,False,151,False
2025-10-27,DRE-007,170,0,37,37,0,133,344,164801.63,2.481,False,151,True
2025-11-03,DRE-007,133,0,61,61,0,72,344,89215.92,1.341,False,151,False
2025-11-10,DRE-007,72,0,35,35,0,37,344,45847.07,0.688,False,151,False
2025-11-17,DRE-007,37,0,97,37,60,0,344,0.0,0.0,True,151,False
2025-11-24,DRE-007,0,343,64,64,0,279,0,345711.69,5.171,False,151,False
2025-12-01,DRE-007,279,0,48,48,0,231,0,286234.41,4.275,False,151,False
2025-12-08,DRE-007,231,0,50,50,0,181,0,224278.91,3.344,False,151,False
2025-12-15,DRE-007,181,0,38,38,0,143,336,177192.73,2.638,False,151,True
2025-12-22,DRE-007,143,0,35,35,0,108,336,133823.88,1.989,False,151,False
2025-12-29,DRE-007,108,332,36,36,0,404,0,500600.44,7.428,False,151,False
2023-01-02,DRE-008,534,0,38,38,0,496,0,495132.0,10.678,False,119,False
2023-01-09,DRE-008,496,0,34,34,0,462,0,461191.5,9.925,False,119,False
2023-01-16,DRE-008,462,0,28,28,0,434,0,433240.5,9.303,False,119,False
2023-01-23,DRE-008,434,0,35,35,0,399,0,398301.75,8.535,False,119,False
2023-01-30,DRE-008,399,0,32,32,0,367,0,366357.75,7.834,False,119,False
2023-02-06,DRE-008,367,0,43,43,0,324,0,323433.0,6.901,False,119,False
2023-02-13,DRE-008,324,0,35,35,0,289,0,288494.25,6.143,False,119,False
2023-02-20,DRE-008,289,0,39,39,0,250,0,249562.5,5.302,False,119,False
2023-02-27,DRE-008,250,0,33,33,0,217,0,216620.25,4.593,False,119,False
2023-03-06,DRE-008,217,0,48,48,0,169,0,168704.25,3.569,False,119,False
2023-03-13,DRE-008,169,0,53,53,0,116,380,115797.0,2.445,False,119,True
2023-03-20,DRE-008,116,0,84,84,0,32,380,31944.0,0.673,False,119,False
2023-03-27,DRE-008,32,373,46,46,0,359,0,358371.75,7.534,False,119,False
2023-04-03,DRE-008,359,0,49,49,0,310,0,309457.5,6.492,False,119,False
2023-04-10,DRE-008,310,0,73,73,0,237,0,236585.25,4.953,False,119,False
2023-04-17,DRE-008,237,0,49,49,0,188,0,187671.0,3.921,False,119,False
2023-04-24,DRE-008,188,0,42,42,0,146,0,145744.5,3.039,False,119,False
2023-05-01,DRE-008,146,0,46,46,0,100,400,99825.0,2.077,False,119,True
2023-05-08,DRE-008,100,0,69,69,0,31,400,30945.75,0.643,False,119,False
2023-05-15,DRE-008,31,397,67,67,0,361,0,360368.25,7.467,False,119,False
2023-05-22,DRE-008,361,0,67,67,0,294,0,293485.5,6.068,False,119,False
2023-05-29,DRE-008,294,0,52,52,0,242,0,241576.5,4.985,False,119,False
2023-06-05,DRE-008,242,0,57,57,0,185,0,184676.25,3.803,False,119,False
2023-06-12,DRE-008,185,0,92,92,0,93,400,92837.25,1.908,False,119,True
2023-06-19,DRE-008,93,0,72,72,0,21,400,20963.25,0.43,False,119,False
2023-06-26,DRE-008,21,394,43,43,0,372,0,371349.0,7.6,False,119,False
2023-07-03,DRE-008,372,0,66,66,0,306,0,305464.5,6.239,False,119,False
2023-07-10,DRE-008,306,0,51,51,0,255,0,254553.75,5.189,False,119,False
2023-07-17,DRE-008,255,0,58,58,0,197,0,196655.25,4.0,False,119,False
2023-07-24,DRE-008,197,0,72,72,0,125,0,124781.25,2.533,False,119,False
2023-07-31,DRE-008,125,0,79,79,0,46,450,45919.5,0.93,False,119,True
2023-08-07,DRE-008,46,445,72,72,0,419,0,418266.75,8.457,False,119,False
2023-08-14,DRE-008,419,0,50,50,0,369,0,368354.25,7.433,False,119,False
2023-08-21,DRE-008,369,0,68,68,0,301,0,300473.25,6.051,False,119,False
2023-08-28,DRE-008,301,0,40,40,0,261,0,260543.25,5.236,False,119,False
2023-09-04,DRE-008,261,0,51,51,0,210,0,209632.5,4.205,False,119,False
2023-09-11,DRE-008,210,0,63,63,0,147,0,146742.75,2.937,False,119,False
2023-09-18,DRE-008,147,0,42,42,0,105,390,104816.25,2.094,False,119,True
2023-09-25,DRE-008,105,0,59,59,0,46,390,45919.5,0.916,False,119,False
2023-10-02,DRE-008,46,388,51,51,0,383,0,382329.75,7.608,False,119,False
2023-10-09,DRE-008,383,0,48,48,0,335,0,334413.75,6.641,False,119,False
2023-10-16,DRE-008,335,0,47,47,0,288,0,287496.0,5.698,False,119,False
2023-10-23,DRE-008,288,0,31,31,0,257,0,256550.25,5.075,False,119,False
2023-10-30,DRE-008,257,0,34,34,0,223,0,222609.75,4.395,False,119,False
2023-11-06,DRE-008,223,0,53,53,0,170,0,169702.5,3.344,False,119,False
2023-11-13,DRE-008,170,0,52,52,0,118,380,117793.5,2.316,False,119,True
2023-11-20,DRE-008,118,0,65,65,0,53,380,52907.25,1.038,False,119,False
2023-11-27,DRE-008,53,376,66,66,0,363,0,362364.75,7.098,False,119,False
2023-12-04,DRE-008,363,0,50,50,0,313,0,312452.25,6.108,False,119,False
2023-12-11,DRE-008,313,0,46,46,0,267,0,266532.75,5.2,False,119,False
2023-12-18,DRE-008,267,0,46,46,0,221,0,220613.25,4.296,False,119,False
2023-12-25,DRE-008,221,0,31,31,0,190,0,189667.5,3.686,False,119,False
2024-01-01,DRE-008,190,0,34,34,0,156,0,155727.0,3.021,False,119,False
2024-01-08,DRE-008,156,0,40,40,0,116,380,115797.0,2.242,False,119,True
2024-01-15,DRE-008,116,0,55,55,0,61,380,60893.25,1.177,False,119,False
2024-01-22,DRE-008,61,373,37,37,0,397,0,396305.25,7.643,False,119,False
2024-01-29,DRE-008,397,0,33,33,0,364,0,363363.0,6.994,False,119,False
2024-02-05,DRE-008,364,0,54,54,0,310,0,309457.5,5.945,False,119,False
2024-02-12,DRE-008,310,0,35,35,0,275,0,274518.75,5.264,False,119,False
2024-02-19,DRE-008,275,0,46,46,0,229,0,228599.25,4.375,False,119,False
2024-02-26,DRE-008,229,0,52,52,0,177,0,176690.25,3.375,False,119,False
2024-03-04,DRE-008,177,0,65,65,0,112,380,111804.0,2.132,False,119,True
2024-03-11,DRE-008,112,0,51,51,0,61,380,60893.25,1.159,False,119,False
2024-03-18,DRE-008,61,380,57,57,0,384,0,383328.0,7.281,False,119,False
2024-03-25,DRE-008,384,0,45,45,0,339,0,338406.75,6.415,False,119,False
2024-04-01,DRE-008,339,0,36,36,0,303,0,302469.75,5.723,False,119,False
2024-04-08,DRE-008,303,0,55,55,0,248,0,247566.0,4.676,False,119,False
2024-04-15,DRE-008,248,0,30,30,0,218,0,217618.5,4.102,False,119,False
2024-04-22,DRE-008,218,0,53,53,0,165,0,164711.25,3.099,False,119,False
2024-04-29,DRE-008,165,0,62,62,0,103,390,102819.75,1.931,False,119,True
2024-05-06,DRE-008,103,0,81,81,0,22,390,21961.5,0.412,False,119,False
2024-05-13,DRE-008,22,379,47,47,0,354,0,353380.5,6.612,False,119,False
2024-05-20,DRE-008,354,0,63,63,0,291,0,290490.75,5.425,False,119,False
2024-05-27,DRE-008,291,0,67,67,0,224,0,223608.0,4.168,False,119,False
2024-06-03,DRE-008,224,0,78,78,0,146,0,145744.5,2.712,False,119,False
2024-06-10,DRE-008,146,0,102,102,0,44,450,43923.0,0.816,False,119,True
2024-06-17,DRE-008,44,0,64,44,20,0,450,0.0,0.0,True,119,False
2024-06-24,DRE-008,0,448,71,71,0,377,0,376340.25,6.963,False,119,False
2024-07-01,DRE-008,377,0,81,81,0,296,0,295482.0,5.457,False,119,False
2024-07-08,DRE-008,296,0,70,70,0,226,0,225604.5,4.159,False,119,False
2024-07-15,DRE-008,226,0,69,69,0,157,0,156725.25,2.884,False,119,False
2024-07-22,DRE-008,157,0,101,101,0,56,440,55902.0,1.027,False,119,True
2024-07-29,DRE-008,56,0,88,56,32,0,440,0.0,0.0,True,119,False
2024-08-05,DRE-008,0,434,52,52,0,382,0,381331.5,6.979,False,119,False
2024-08-12,DRE-008,382,0,85,85,0,297,0,296480.25,5.416,False,119,False
2024-08-19,DRE-008,297,0,60,60,0,237,0,236585.25,4.314,False,119,False
2024-08-26,DRE-008,237,0,62,62,0,175,0,174693.75,3.18,False,119,False
2024-09-02,DRE-008,175,0,50,50,0,125,0,124781.25,2.267,False,119,False
2024-09-09,DRE-008,125,0,72,72,0,53,440,52907.25,0.959,False,119,True
2024-09-16,DRE-008,53,0,44,44,0,9,440,8984.25,0.163,False,119,False
2024-09-23,DRE-008,9,0,65,9,56,0,440,0.0,0.0,True,119,False
2024-09-30,DRE-008,0,429,65,65,0,364,0,363363.0,6.554,False,119,False
2024-10-07,DRE-008,364,0,38,38,0,326,0,325429.5,5.859,False,119,False
2024-10-14,DRE-008,326,0,35,35,0,291,0,290490.75,5.221,False,119,False
2024-10-21,DRE-008,291,0,51,51,0,240,0,239580.0,4.298,False,119,False
2024-10-28,DRE-008,240,0,49,49,0,191,0,190665.75,3.415,False,119,False
2024-11-04,DRE-008,191,0,51,51,0,140,0,139755.0,2.498,False,119,False
2024-11-11,DRE-008,140,0,53,53,0,87,410,86847.75,1.55,False,119,True
2024-11-18,DRE-008,87,0,116,87,29,0,410,0.0,0.0,True,119,False
2024-11-25,DRE-008,0,398,90,90,0,308,0,307461.0,5.467,False,119,False
2024-12-02,DRE-008,308,0,44,44,0,264,0,263538.0,4.678,False,119,False
2024-12-09,DRE-008,264,0,34,34,0,230,0,229597.5,4.068,False,119,False
2024-12-16,DRE-008,230,0,39,39,0,191,0,190665.75,3.372,False,119,False
2024-12-23,DRE-008,191,0,55,55,0,136,0,135762.0,2.397,False,119,False
2024-12-30,DRE-008,136,0,60,60,0,76,420,75867.0,1.337,False,119,True
2025-01-06,DRE-008,76,0,29,29,0,47,420,46917.75,0.825,False,119,False
2025-01-13,DRE-008,47,411,33,33,0,425,0,424256.25,7.451,False,119,False
2025-01-20,DRE-008,425,0,33,33,0,392,0,391314.0,6.861,False,119,False
2025-01-27,DRE-008,392,0,38,38,0,354,0,353380.5,6.185,False,119,False
2025-02-03,DRE-008,354,0,59,59,0,295,0,294483.75,5.145,False,119,False
2025-02-10,DRE-008,295,0,37,37,0,258,0,257548.5,4.492,False,119,False
2025-02-17,DRE-008,258,0,41,41,0,217,0,216620.25,3.772,False,119,False
2025-02-24,DRE-008,217,0,58,58,0,159,0,158721.75,2.759,False,119,False
2025-03-03,DRE-008,159,0,52,52,0,107,390,106812.75,1.853,False,119,True
2025-03-10,DRE-008,107,0,42,42,0,65,390,64886.25,1.124,False,119,False
2025-03-17,DRE-008,65,380,54,54,0,391,0,390315.75,6.749,False,119,False
2025-03-24,DRE-008,391,0,52,52,0,339,0,338406.75,5.841,False,119,False
2025-03-31,DRE-008,339,0,59,59,0,280,0,279510.0,4.816,False,119,False
2025-04-07,DRE-008,280,0,81,81,0,199,0,198651.75,3.417,False,119,False
2025-04-14,DRE-008,199,0,66,66,0,133,0,132767.25,2.28,False,119,False
2025-04-21,DRE-008,133,0,71,71,0,62,430,61891.5,1.061,False,119,True
2025-04-28,DRE-008,62,0,81,62,19,0,430,0.0,0.0,True,119,False
2025-05-05,DRE-008,0,427,60,60,0,367,0,366357.75,6.259,False,119,False
2025-05-12,DRE-008,367,0,84,84,0,283,0,282504.75,4.818,False,119,False
2025-05-19,DRE-008,283,0,80,80,0,203,0,202644.75,3.45,False,119,False
2025-05-26,DRE-008,203,0,74,74,0,129,0,128774.25,2.189,False,119,False
2025-06-02,DRE-008,129,0,59,59,0,70,430,69877.5,1.186,False,119,True
2025-06-09,DRE-008,70,0,102,70,32,0,430,0.0,0.0,True,119,False
2025-06-16,DRE-008,0,424,71,71,0,353,0,352382.25,5.96,False,119,False
2025-06-23,DRE-008,353,0,77,77,0,276,0,275517.0,4.652,False,119,False
2025-06-30,DRE-008,276,0,65,65,0,211,0,210630.75,3.55,False,119,False
2025-07-07,DRE-008,211,0,74,74,0,137,0,136760.25,2.301,False,119,False
2025-07-14,DRE-008,137,0,65,65,0,72,420,71874.0,1.207,False,119,True
2025-07-21,DRE-008,72,0,85,72,13,0,420,0.0,0.0,True,119,False
2025-07-28,DRE-008,0,411,76,76,0,335,0,334413.75,5.599,False,119,False
2025-08-04,DRE-008,335,0,76,76,0,259,0,258546.75,4.322,False,119,False
2025-08-11,DRE-008,259,0,64,64,0,195,0,194658.75,3.248,False,119,False
2025-08-18,DRE-008,195,0,63,63,0,132,0,131769.0,2.195,False,119,False
2025-08-25,DRE-008,132,0,59,59,0,73,420,72872.25,1.212,False,119,True
2025-09-01,DRE-008,73,0,56,56,0,17,420,16970.25,0.282,False,119,False
2025-09-08,DRE-008,17,410,86,86,0,341,0,340403.25,5.643,False,119,False
2025-09-15,DRE-008,341,0,69,69,0,272,0,271524.0,4.494,False,119,False
2025-09-22,DRE-008,272,0,80,80,0,192,0,191664.0,3.167,False,119,False
2025-09-29,DRE-008,192,0,51,51,0,141,0,140753.25,2.322,False,119,False
2025-10-06,DRE-008,141,0,55,55,0,86,410,85849.5,1.414,False,119,True
2025-10-13,DRE-008,86,0,35,35,0,51,410,50910.75,0.837,False,119,False
2025-10-20,DRE-008,51,408,66,66,0,393,0,392312.25,6.439,False,119,False
2025-10-27,DRE-008,393,0,65,65,0,328,0,327426.0,5.366,False,119,False
2025-11-03,DRE-008,328,0,63,63,0,265,0,264536.25,4.328,False,119,False
2025-11-10,DRE-008,265,0,57,57,0,208,0,207636.0,3.391,False,119,False
2025-11-17,DRE-008,208,0,128,128,0,80,420,79860.0,1.302,False,119,True
2025-11-24,DRE-008,80,0,100,80,20,0,420,0.0,0.0,True,119,False
2025-12-01,DRE-008,0,415,42,42,0,373,0,372347.25,6.052,False,119,False
2025-12-08,DRE-008,373,0,64,64,0,309,0,308459.25,5.006,False,119,False
2025-12-15,DRE-008,309,0,76,76,0,233,0,232592.25,3.768,False,119,False
2025-12-22,DRE-008,233,0,55,55,0,178,0,177688.5,2.874,False,119,False
2025-12-29,DRE-008,178,0,51,51,0,127,0,126777.75,2.047,False,119,False
2023-01-02,DRE-009,447,0,49,49,0,398,0,308943.52,7.205,False,78,False
2023-01-09,DRE-009,398,0,52,52,0,346,0,268579.04,6.25,False,78,False
2023-01-16,DRE-009,346,0,61,61,0,285,0,221228.4,5.137,False,78,False
2023-01-23,DRE-009,285,0,38,38,0,247,0,191731.28,4.443,False,78,False
2023-01-30,DRE-009,247,0,51,51,0,196,0,152143.04,3.518,False,78,False
2023-02-06,DRE-009,196,0,41,41,0,155,0,120317.2,2.776,False,78,False
2023-02-13,DRE-009,155,0,52,52,0,103,0,79952.72,1.841,False,78,False
2023-02-20,DRE-009,103,0,43,43,0,60,462,46574.4,1.07,False,78,True
2023-02-27,DRE-009,60,459,49,49,0,470,0,364832.8,8.364,False,78,False
2023-03-06,DRE-009,470,0,70,70,0,400,0,310496.0,7.104,False,78,False
2023-03-13,DRE-009,400,0,56,56,0,344,0,267026.56,6.096,False,78,False
2023-03-20,DRE-009,344,0,90,90,0,254,0,197164.96,4.492,False,78,False
2023-03-27,DRE-009,254,0,66,66,0,188,0,145933.12,3.318,False,78,False
2023-04-03,DRE-009,188,0,56,56,0,132,0,102463.68,2.325,False,78,False
2023-04-10,DRE-009,132,0,79,79,0,53,468,41140.72,0.931,False,78,True
2023-04-17,DRE-009,53,458,45,45,0,466,0,361727.84,8.172,False,78,False
2023-04-24,DRE-009,466,0,70,70,0,396,0,307391.04,6.93,False,78,False
2023-05-01,DRE-009,396,0,65,65,0,331,0,256935.44,5.781,False,78,False
2023-05-08,DRE-009,331,0,75,75,0,256,0,198717.44,4.462,False,78,False
2023-05-15,DRE-009,256,0,49,49,0,207,0,160681.68,3.6,False,78,False
2023-05-22,DRE-009,207,0,61,61,0,146,0,113331.04,2.534,False,78,False
2023-05-29,DRE-009,146,0,62,62,0,84,0,65204.16,1.455,False,78,False
2023-06-05,DRE-009,84,0,59,59,0,25,498,19406.0,0.432,False,78,True
2023-06-12,DRE-009,25,488,104,104,0,409,0,317482.16,7.055,False,78,False
2023-06-19,DRE-009,409,0,71,71,0,338,0,262369.12,5.819,False,78,False
2023-06-26,DRE-009,338,0,85,85,0,253,0,196388.72,4.346,False,78,False
2023-07-03,DRE-009,253,0,112,112,0,141,0,109449.84,2.417,False,78,False
2023-07-10,DRE-009,141,0,65,65,0,76,444,58994.24,1.3,False,78,True
2023-07-17,DRE-009,76,440,88,88,0,428,0,332230.72,7.308,False,78,False
2023-07-24,DRE-009,428,0,98,98,0,330,0,256159.2,5.623,False,78,False
2023-07-31,DRE-009,330,0,65,65,0,265,0,205703.6,4.507,False,78,False
2023-08-07,DRE-009,265,0,66,66,0,199,0,154471.76,3.377,False,78,False
2023-08-14,DRE-009,199,0,61,61,0,138,0,107121.12,2.337,False,78,False
2023-08-21,DRE-009,138,0,75,75,0,63,462,48903.12,1.065,False,78,True
2023-08-28,DRE-009,63,462,57,57,0,468,0,363280.32,7.895,False,78,False
2023-09-04,DRE-009,468,0,61,61,0,407,0,315929.68,6.852,False,78,False
2023-09-11,DRE-009,407,0,83,83,0,324,0,251501.76,5.444,False,78,False
2023-09-18,DRE-009,324,0,53,53,0,271,0,210361.04,4.544,False,78,False
2023-09-25,DRE-009,271,0,67,67,0,204,0,158352.96,3.414,False,78,False
2023-10-02,DRE-009,204,0,62,62,0,142,0,110226.08,2.372,False,78,False
2023-10-09,DRE-009,142,0,55,55,0,87,0,67532.88,1.45,False,78,False
2023-10-16,DRE-009,87,0,47,47,0,40,480,31049.6,0.665,False,78,True
2023-10-23,DRE-009,40,471,43,43,0,468,0,363280.32,7.77,False,78,False
2023-10-30,DRE-009,468,0,51,51,0,417,0,323692.08,6.91,False,78,False
2023-11-06,DRE-009,417,0,61,61,0,356,0,276341.44,5.888,False,78,False
2023-11-13,DRE-009,356,0,55,55,0,301,0,233648.24,4.968,False,78,False
2023-11-20,DRE-009,301,0,89,89,0,212,0,164562.88,3.492,False,78,False
2023-11-27,DRE-009,212,0,98,98,0,114,0,88491.36,1.874,False,78,False
2023-12-04,DRE-009,114,0,45,45,0,69,456,53560.56,1.132,False,78,True
2023-12-11,DRE-009,69,448,72,72,0,445,0,345426.8,7.288,False,78,False
2023-12-18,DRE-009,445,0,44,44,0,401,0,311272.24,6.555,False,78,False
2023-12-25,DRE-009,401,0,64,64,0,337,0,261592.88,5.498,False,78,False
2024-01-01,DRE-009,337,0,44,44,0,293,0,227438.32,4.771,False,78,False
2024-01-08,DRE-009,293,0,38,38,0,255,0,197941.2,4.144,False,78,False
2024-01-15,DRE-009,255,0,69,69,0,186,0,144380.64,3.017,False,78,False
2024-01-22,DRE-009,186,0,24,24,0,162,0,125750.88,2.623,False,78,False
2024-01-29,DRE-009,162,0,31,31,0,131,0,101687.44,2.117,False,78,False
2024-02-05,DRE-009,131,0,40,40,0,91,0,70637.84,1.468,False,78,False
2024-02-12,DRE-009,91,0,45,45,0,46,474,35707.04,0.74,False,78,True
2024-02-19,DRE-009,46,467,39,39,0,474,0,367937.76,7.615,False,78,False
2024-02-26,DRE-009,474,0,65,65,0,409,0,317482.16,6.558,False,78,False
2024-03-04,DRE-009,409,0,61,61,0,348,0,270131.52,5.569,False,78,False
2024-03-11,DRE-009,348,0,59,59,0,289,0,224333.36,4.616,False,78,False
2024-03-18,DRE-009,289,0,53,53,0,236,0,183192.64,3.763,False,78,False
2024-03-25,DRE-009,236,0,47,47,0,189,0,146709.36,3.008,False,78,False
2024-04-01,DRE-009,189,0,62,62,0,127,0,98582.48,2.017,False,78,False
2024-04-08,DRE-009,127,0,40,40,0,87,0,67532.88,1.379,False,78,False
2024-04-15,DRE-009,87,0,48,48,0,39,486,30273.36,0.617,False,78,True
2024-04-22,DRE-009,39,476,49,49,0,466,0,361727.84,7.36,False,78,False
2024-04-29,DRE-009,466,0,72,72,0,394,0,305838.56,6.211,False,78,False
2024-05-06,DRE-009,394,0,76,76,0,318,0,246844.32,5.004,False,78,False
2024-05-13,DRE-009,318,0,69,69,0,249,0,193283.76,3.911,False,78,False
2024-05-20,DRE-009,249,0,75,75,0,174,0,135065.76,2.728,False,78,False
2024-05-27,DRE-009,174,0,94,94,0,80,0,62099.2,1.252,False,78,False
2024-06-03,DRE-009,80,0,68,68,0,12,510,9314.88,0.187,False,78,True
2024-06-10,DRE-009,12,498,123,123,0,387,0,300404.88,6.033,False,78,False
2024-06-17,DRE-009,387,0,90,90,0,297,0,230543.28,4.621,False,78,False
2024-06-24,DRE-009,297,0,85,85,0,212,0,164562.88,3.293,False,78,False
2024-07-01,DRE-009,212,0,89,89,0,123,0,95477.52,1.907,False,78,False
2024-07-08,DRE-009,123,0,79,79,0,44,480,34154.56,0.681,False,78,True
2024-07-15,DRE-009,44,0,67,44,23,0,480,0.0,0.0,True,78,False
2024-07-22,DRE-009,0,0,95,0,95,0,480,0.0,0.0,True,78,False
2024-07-29,DRE-009,0,0,95,0,95,0,480,0.0,0.0,True,78,False
2024-08-05,DRE-009,0,0,75,0,75,0,480,0.0,0.0,True,78,False
2024-08-12,DRE-009,0,0,81,0,81,0,480,0.0,0.0,True,78,False
2024-08-19,DRE-009,0,0,93,0,93,0,480,0.0,0.0,True,78,False
2024-08-26,DRE-009,0,0,66,0,66,0,480,0.0,0.0,True,78,False
2024-09-02,DRE-009,0,0,83,0,83,0,480,0.0,0.0,True,78,False
2024-09-09,DRE-009,0,0,76,0,76,0,480,0.0,0.0,True,78,False
2024-09-16,DRE-009,0,0,40,0,40,0,480,0.0,0.0,True,78,False
2024-09-23,DRE-009,0,0,78,0,78,0,480,0.0,0.0,True,78,False
2024-09-30,DRE-009,0,0,83,0,83,0,480,0.0,0.0,True,78,False
2024-10-07,DRE-009,0,0,68,0,68,0,480,0.0,0.0,True,78,False
2024-10-14,DRE-009,0,0,72,0,72,0,480,0.0,0.0,True,78,False
2024-10-21,DRE-009,0,0,52,0,52,0,480,0.0,0.0,True,78,False
2024-10-28,DRE-009,0,0,73,0,73,0,480,0.0,0.0,True,78,False
2024-11-04,DRE-009,0,0,56,0,56,0,480,0.0,0.0,True,78,False
2024-11-11,DRE-009,0,0,42,0,42,0,480,0.0,0.0,True,78,False
2024-11-18,DRE-009,0,0,96,0,96,0,480,0.0,0.0,True,78,False
2024-11-25,DRE-009,0,0,88,0,88,0,480,0.0,0.0,True,78,False
2024-12-02,DRE-009,0,0,36,0,36,0,480,0.0,0.0,True,78,False
2024-12-09,DRE-009,0,0,56,0,56,0,480,0.0,0.0,True,78,False
2024-12-16,DRE-009,0,0,50,0,50,0,480,0.0,0.0,True,78,False
2024-12-23,DRE-009,0,0,59,0,59,0,480,0.0,0.0,True,78,False
2024-12-30,DRE-009,0,0,50,0,50,0,480,0.0,0.0,True,78,False
2025-01-06,DRE-009,0,0,43,0,43,0,480,0.0,0.0,True,78,False
2025-01-13,DRE-009,0,0,64,0,64,0,480,0.0,0.0,True,78,False
2025-01-20,DRE-009,0,0,61,0,61,0,480,0.0,0.0,True,78,False
2025-01-27,DRE-009,0,0,60,0,60,0,480,0.0,0.0,True,78,False
2025-02-03,DRE-009,0,0,65,0,65,0,480,0.0,0.0,True,78,False
2025-02-10,DRE-009,0,0,77,0,77,0,480,0.0,0.0,True,78,False
2025-02-17,DRE-009,0,0,54,0,54,0,480,0.0,0.0,True,78,False
2025-02-24,DRE-009,0,0,62,0,62,0,480,0.0,0.0,True,78,False
2025-03-03,DRE-009,0,0,58,0,58,0,480,0.0,0.0,True,78,False
2025-03-10,DRE-009,0,0,65,0,65,0,480,0.0,0.0,True,78,False
2025-03-17,DRE-009,0,0,67,0,67,0,480,0.0,0.0,True,78,False
2025-03-24,DRE-009,0,0,55,0,55,0,480,0.0,0.0,True,78,False
2025-03-31,DRE-009,0,0,69,0,69,0,480,0.0,0.0,True,78,False
2025-04-07,DRE-009,0,0,73,0,73,0,480,0.0,0.0,True,78,False
2025-04-14,DRE-009,0,0,59,0,59,0,480,0.0,0.0,True,78,False
2025-04-21,DRE-009,0,0,84,0,84,0,480,0.0,0.0,True,78,False
2025-04-28,DRE-009,0,0,81,0,81,0,480,0.0,0.0,True,78,False
2025-05-05,DRE-009,0,0,98,0,98,0,480,0.0,0.0,True,78,False
2025-05-12,DRE-009,0,0,71,0,71,0,480,0.0,0.0,True,78,False
2025-05-19,DRE-009,0,0,80,0,80,0,480,0.0,0.0,True,78,False
2025-05-26,DRE-009,0,0,93,0,93,0,480,0.0,0.0,True,78,False
2025-06-02,DRE-009,0,0,82,0,82,0,480,0.0,0.0,True,78,False
2025-06-09,DRE-009,0,0,112,0,112,0,480,0.0,0.0,True,78,False
2025-06-16,DRE-009,0,0,76,0,76,0,480,0.0,0.0,True,78,False
2025-06-23,DRE-009,0,0,116,0,116,0,480,0.0,0.0,True,78,False
2025-06-30,DRE-009,0,0,89,0,89,0,480,0.0,0.0,True,78,False
2025-07-07,DRE-009,0,0,88,0,88,0,480,0.0,0.0,True,78,False
2025-07-14,DRE-009,0,0,70,0,70,0,480,0.0,0.0,True,78,False
2025-07-21,DRE-009,0,0,164,0,164,0,480,0.0,0.0,True,78,False
2025-07-28,DRE-009,0,0,86,0,86,0,480,0.0,0.0,True,78,False
2025-08-04,DRE-009,0,0,83,0,83,0,480,0.0,0.0,True,78,False
2025-08-11,DRE-009,0,0,91,0,91,0,480,0.0,0.0,True,78,False
2025-08-18,DRE-009,0,0,66,0,66,0,480,0.0,0.0,True,78,False
2025-08-25,DRE-009,0,0,66,0,66,0,480,0.0,0.0,True,78,False
2025-09-01,DRE-009,0,0,87,0,87,0,480,0.0,0.0,True,78,False
2025-09-08,DRE-009,0,0,80,0,80,0,480,0.0,0.0,True,78,False
2025-09-15,DRE-009,0,0,92,0,92,0,480,0.0,0.0,True,78,False
2025-09-22,DRE-009,0,0,86,0,86,0,480,0.0,0.0,True,78,False
2025-09-29,DRE-009,0,0,79,0,79,0,480,0.0,0.0,True,78,False
2025-10-06,DRE-009,0,0,73,0,73,0,480,0.0,0.0,True,78,False
2025-10-13,DRE-009,0,0,72,0,72,0,480,0.0,0.0,True,78,False
2025-10-20,DRE-009,0,0,50,0,50,0,480,0.0,0.0,True,78,False
2025-10-27,DRE-009,0,0,39,0,39,0,480,0.0,0.0,True,78,False
2025-11-03,DRE-009,0,0,95,0,95,0,480,0.0,0.0,True,78,False
2025-11-10,DRE-009,0,0,49,0,49,0,480,0.0,0.0,True,78,False
2025-11-17,DRE-009,0,0,109,0,109,0,480,0.0,0.0,True,78,False
2025-11-24,DRE-009,0,0,124,0,124,0,480,0.0,0.0,True,78,False
2025-12-01,DRE-009,0,0,65,0,65,0,480,0.0,0.0,True,78,False
2025-12-08,DRE-009,0,0,75,0,75,0,480,0.0,0.0,True,78,False
2025-12-15,DRE-009,0,0,91,0,91,0,480,0.0,0.0,True,78,False
2025-12-22,DRE-009,0,0,58,0,58,0,480,0.0,0.0,True,78,False
2025-12-29,DRE-009,0,0,44,0,44,0,480,0.0,0.0,True,78,False
2023-01-02,DRE-010,704,0,55,55,0,649,0,673902.13,10.338,False,370,False
2023-01-09,DRE-010,649,0,60,60,0,589,0,611599.93,9.362,False,370,False
2023-01-16,DRE-010,589,0,51,51,0,538,0,558643.06,8.533,False,370,False
2023-01-23,DRE-010,538,0,36,36,0,502,0,521261.74,7.945,False,370,False
2023-01-30,DRE-010,502,0,70,70,0,432,0,448575.84,6.822,False,370,False
2023-02-06,DRE-010,432,0,63,63,0,369,504,383158.53,5.815,False,370,True
2023-02-13,DRE-010,369,0,59,59,0,310,504,321894.7,4.875,False,370,False
2023-02-20,DRE-010,310,0,70,70,0,240,504,249208.8,3.766,False,370,False
2023-02-27,DRE-010,240,0,48,48,0,192,504,199367.04,3.007,False,370,False
2023-03-06,DRE-010,192,0,39,39,0,153,504,158870.61,2.391,False,370,False
2023-03-13,DRE-010,153,500,46,46,0,607,0,630290.59,9.465,False,370,False
2023-03-20,DRE-010,607,0,62,62,0,545,0,565911.65,8.481,False,370,False
2023-03-27,DRE-010,545,0,63,63,0,482,0,500494.34,7.485,False,370,False
2023-04-03,DRE-010,482,0,58,58,0,424,0,440268.88,6.57,False,370,False
2023-04-10,DRE-010,424,0,61,61,0,363,512,376928.31,5.613,False,370,True
2023-04-17,DRE-010,363,0,55,55,0,308,512,319817.96,4.753,False,370,False
2023-04-24,DRE-010,308,0,57,57,0,251,512,260630.87,3.865,False,370,False
2023-05-01,DRE-010,251,0,65,65,0,186,512,193136.82,2.858,False,370,False
2023-05-08,DRE-010,186,0,96,96,0,90,512,93453.3,1.38,False,370,False
2023-05-15,DRE-010,90,510,77,77,0,523,0,543067.51,8.004,False,370,False
2023-05-22,DRE-010,523,0,105,105,0,418,0,434038.66,6.384,False,370,False
2023-05-29,DRE-010,418,0,82,82,0,336,536,348892.32,5.121,False,370,True
2023-06-05,DRE-010,336,0,73,73,0,263,536,273091.31,4.0,False,370,False
2023-06-12,DRE-010,263,0,102,102,0,161,536,167177.57,2.444,False,370,False
2023-06-19,DRE-010,161,0,90,90,0,71,536,73724.27,1.075,False,370,False
2023-06-26,DRE-010,71,0,93,71,22,0,536,0.0,0.0,True,370,False
2023-07-03,DRE-010,0,530,125,125,0,405,0,420539.85,6.11,False,370,False
2023-07-10,DRE-010,405,0,91,91,0,314,560,326048.18,4.727,False,370,True
2023-07-17,DRE-010,314,0,73,73,0,241,560,250247.17,3.621,False,370,False
2023-07-24,DRE-010,241,0,115,115,0,126,560,130834.62,1.889,False,370,False
2023-07-31,DRE-010,126,0,74,74,0,52,560,53995.24,0.778,False,370,False
2023-08-07,DRE-010,52,0,99,52,47,0,560,0.0,0.0,True,370,False
2023-08-14,DRE-010,0,553,95,95,0,458,0,475573.46,6.826,False,370,False
2023-08-21,DRE-010,458,0,83,83,0,375,0,389388.75,5.578,False,370,False
2023-08-28,DRE-010,375,0,76,76,0,299,576,310472.63,4.438,False,370,True
2023-09-04,DRE-010,299,0,80,80,0,219,576,227403.03,3.244,False,370,False
2023-09-11,DRE-010,219,0,81,81,0,138,576,143295.06,2.04,False,370,False
2023-09-18,DRE-010,138,0,82,82,0,56,576,58148.72,0.826,False,370,False
2023-09-25,DRE-010,56,0,92,56,36,0,576,0.0,0.0,True,370,False
2023-10-02,DRE-010,0,566,62,62,0,504,0,523338.48,7.407,False,370,False
2023-10-09,DRE-010,504,0,81,81,0,423,0,439230.51,6.204,False,370,False
2023-10-16,DRE-010,423,0,41,41,0,382,0,396657.34,5.592,False,370,False
2023-10-23,DRE-010,382,0,67,67,0,315,560,327086.55,4.602,False,370,True
2023-10-30,DRE-010,315,0,89,89,0,226,560,234671.62,3.295,False,370,False
2023-11-06,DRE-010,226,0,68,68,0,158,560,164062.46,2.299,False,370,False
2023-11-13,DRE-010,158,0,46,46,0,112,560,116297.44,1.627,False,370,False
2023-11-20,DRE-010,112,0,104,104,0,8,560,8306.96,0.116,False,370,False
2023-11-27,DRE-010,8,551,92,92,0,467,0,484918.79,6.756,False,370,False
2023-12-04,DRE-010,467,0,47,47,0,420,0,436115.4,6.064,False,370,False
2023-12-11,DRE-010,420,0,73,73,0,347,528,360314.39,5.0,False,370,True
2023-12-18,DRE-010,347,0,56,56,0,291,528,302165.67,4.185,False,370,False
2023-12-25,DRE-010,291,0,55,55,0,236,528,245055.32,3.388,False,370,False
2024-01-01,DRE-010,236,0,58,58,0,178,528,184829.86,2.55,False,370,False
2024-01-08,DRE-010,178,0,49,49,0,129,528,133949.73,1.845,False,370,False
2024-01-15,DRE-010,129,512,51,51,0,590,0,612638.3,8.42,False,370,False
2024-01-22,DRE-010,590,0,52,52,0,538,0,558643.06,7.663,False,370,False
2024-01-29,DRE-010,538,0,45,45,0,493,0,511916.41,7.009,False,370,False
2024-02-05,DRE-010,493,0,48,48,0,445,0,462074.65,6.314,False,370,False
2024-02-12,DRE-010,445,0,79,79,0,366,512,380043.42,5.183,False,370,True
2024-02-19,DRE-010,366,0,59,59,0,307,512,318779.59,4.34,False,370,False
2024-02-26,DRE-010,307,0,68,68,0,239,512,248170.43,3.372,False,370,False
2024-03-04,DRE-010,239,0,96,96,0,143,512,148486.91,2.014,False,370,False
2024-03-11,DRE-010,143,0,53,53,0,90,512,93453.3,1.265,False,370,False
2024-03-18,DRE-010,90,508,81,81,0,517,0,536837.29,7.253,False,370,False
2024-03-25,DRE-010,517,0,74,74,0,443,0,459997.91,6.203,False,370,False
2024-04-01,DRE-010,443,0,63,63,0,380,0,394580.6,5.311,False,370,False
2024-04-08,DRE-010,380,0,80,80,0,300,576,311511.0,4.185,False,370,True
2024-04-15,DRE-010,300,0,75,75,0,225,576,233633.25,3.133,False,370,False
2024-04-22,DRE-010,225,0,90,90,0,135,576,140179.95,1.876,False,370,False
2024-04-29,DRE-010,135,0,85,85,0,50,576,51918.5,0.694,False,370,False
2024-05-06,DRE-010,50,0,91,50,41,0,576,0.0,0.0,True,370,False
2024-05-13,DRE-010,0,565,73,73,0,492,0,510878.04,6.799,False,370,False
2024-05-20,DRE-010,492,0,82,82,0,410,0,425731.7,5.655,False,370,False
2024-05-27,DRE-010,410,0,82,82,0,328,544,340585.36,4.516,False,370,True
2024-06-03,DRE-010,328,0,110,110,0,218,544,226364.66,2.996,False,370,False
2024-06-10,DRE-010,218,0,126,126,0,92,544,95530.04,1.262,False,370,False
2024-06-17,DRE-010,92,0,93,92,1,0,544,0.0,0.0,True,370,False
2024-06-24,DRE-010,0,0,95,0,95,0,544,0.0,0.0,True,370,False
2024-07-01,DRE-010,0,528,99,99,0,429,0,445460.73,5.852,False,370,False
2024-07-08,DRE-010,429,0,100,100,0,329,544,341623.73,4.48,False,370,True
2024-07-15,DRE-010,329,0,116,116,0,213,544,221172.81,2.895,False,370,False
2024-07-22,DRE-010,213,0,107,107,0,106,544,110067.22,1.438,False,370,False
2024-07-29,DRE-010,106,0,79,79,0,27,544,28035.99,0.366,False,370,False
2024-08-05,DRE-010,27,0,99,27,72,0,544,0.0,0.0,True,370,False
2024-08-12,DRE-010,0,533,92,92,0,441,0,457921.17,5.95,False,370,False
2024-08-19,DRE-010,441,0,114,114,0,327,552,339546.99,4.404,False,370,True
2024-08-26,DRE-010,327,0,75,75,0,252,552,261669.24,3.388,False,370,False
2024-09-02,DRE-010,252,0,93,93,0,159,552,165100.83,2.134,False,370,False
2024-09-09,DRE-010,159,0,119,119,0,40,552,41534.8,0.536,False,370,False
2024-09-16,DRE-010,40,0,84,40,44,0,552,0.0,0.0,True,370,False
2024-09-23,DRE-010,0,539,92,92,0,447,0,464151.39,5.966,False,370,False
2024-09-30,DRE-010,447,0,86,86,0,361,512,374851.57,4.809,False,370,True
2024-10-07,DRE-010,361,0,57,57,0,304,512,315664.48,4.043,False,370,False
2024-10-14,DRE-010,304,0,74,74,0,230,512,238825.1,3.053,False,370,False
2024-10-21,DRE-010,230,0,87,87,0,143,512,148486.91,1.895,False,370,False
2024-10-28,DRE-010,143,0,68,68,0,75,512,77877.75,0.992,False,370,False
2024-11-04,DRE-010,75,498,90,90,0,483,0,501532.71,6.377,False,370,False
2024-11-11,DRE-010,483,0,66,66,0,417,0,433000.29,5.496,False,370,False
2024-11-18,DRE-010,417,0,110,110,0,307,568,318779.59,4.039,False,370,True
2024-11-25,DRE-010,307,0,108,108,0,199,568,206635.63,2.614,False,370,False
2024-12-02,DRE-010,199,0,74,74,0,125,568,129796.25,1.639,False,370,False
2024-12-09,DRE-010,125,0,68,68,0,57,568,59187.09,0.746,False,370,False
2024-12-16,DRE-010,57,0,65,57,8,0,568,0.0,0.0,True,370,False
2024-12-23,DRE-010,0,556,53,53,0,503,0,522300.11,6.56,False,370,False
2024-12-30,DRE-010,503,0,55,55,0,448,0,465189.76,5.832,False,370,False
2025-01-06,DRE-010,448,0,68,68,0,380,0,394580.6,4.938,False,370,False
2025-01-13,DRE-010,380,0,74,74,0,306,568,317741.22,3.97,False,370,True
2025-01-20,DRE-010,306,0,50,50,0,256,568,265822.72,3.315,False,370,False
2025-01-27,DRE-010,256,0,46,46,0,210,568,218057.7,2.715,False,370,False
2025-02-03,DRE-010,210,0,59,59,0,151,568,156793.87,1.949,False,370,False
2025-02-10,DRE-010,151,0,100,100,0,51,568,52956.87,0.657,False,370,False
2025-02-17,DRE-010,51,561,56,56,0,556,0,577333.72,7.15,False,370,False
2025-02-24,DRE-010,556,0,46,46,0,510,0,529568.7,6.547,False,370,False
2025-03-03,DRE-010,510,0,72,72,0,438,0,454806.06,5.613,False,370,False
2025-03-10,DRE-010,438,0,57,57,0,381,0,395618.97,4.874,False,370,False
2025-03-17,DRE-010,381,0,79,79,0,302,576,313587.74,3.857,False,370,True
2025-03-24,DRE-010,302,0,75,75,0,227,576,235709.99,2.894,False,370,False
2025-03-31,DRE-010,227,0,126,126,0,101,576,104875.37,1.285,False,370,False
2025-04-07,DRE-010,101,0,71,71,0,30,576,31151.1,0.381,False,370,False
2025-04-14,DRE-010,30,0,67,30,37,0,576,0.0,0.0,True,370,False
2025-04-21,DRE-010,0,561,93,93,0,468,0,485957.16,5.926,False,370,False
2025-04-28,DRE-010,468,0,68,68,0,400,0,415348.0,5.056,False,370,False
2025-05-05,DRE-010,400,0,70,70,0,330,544,342662.1,4.164,False,370,True
2025-05-12,DRE-010,330,0,99,99,0,231,544,239863.47,2.91,False,370,False
2025-05-19,DRE-010,231,0,105,105,0,126,544,130834.62,1.585,False,370,False
2025-05-26,DRE-010,126,0,81,81,0,45,544,46726.65,0.565,False,370,False
2025-06-02,DRE-010,45,0,110,45,65,0,544,0.0,0.0,True,370,False
2025-06-09,DRE-010,0,535,107,107,0,428,0,444422.36,5.355,False,370,False
2025-06-16,DRE-010,428,0,122,122,0,306,568,317741.22,3.822,False,370,True
2025-06-23,DRE-010,306,0,109,109,0,197,568,204558.89,2.457,False,370,False
2025-06-30,DRE-010,197,0,153,153,0,44,568,45688.28,0.548,False,370,False
2025-07-07,DRE-010,44,0,113,44,69,0,568,0.0,0.0,True,370,False
2025-07-14,DRE-010,0,0,103,0,103,0,568,0.0,0.0,True,370,False
2025-07-21,DRE-010,0,567,113,113,0,454,0,471419.98,5.624,False,370,False
2025-07-28,DRE-010,454,0,112,112,0,342,536,355122.54,4.229,False,370,True
2025-08-04,DRE-010,342,0,81,81,0,261,536,271014.57,3.222,False,370,False
2025-08-11,DRE-010,261,0,75,75,0,186,536,193136.82,2.292,False,370,False
2025-08-18,DRE-010,186,0,96,96,0,90,536,93453.3,1.107,False,370,False
2025-08-25,DRE-010,90,0,92,90,2,0,536,0.0,0.0,True,370,False
2025-09-01,DRE-010,0,531,78,78,0,453,0,470381.61,5.555,False,370,False
2025-09-08,DRE-010,453,0,115,115,0,338,536,350969.06,4.138,False,370,True
2025-09-15,DRE-010,338,0,101,101,0,237,536,246093.69,2.897,False,370,False
2025-09-22,DRE-010,237,0,88,88,0,149,536,154717.13,1.818,False,370,False
2025-09-29,DRE-010,149,0,83,83,0,66,536,68532.42,0.804,False,370,False
2025-10-06,DRE-010,66,0,80,66,14,0,536,0.0,0.0,True,370,False
2025-10-13,DRE-010,0,534,72,72,0,462,0,479726.94,5.61,False,370,False
2025-10-20,DRE-010,462,0,74,74,0,388,0,402887.56,4.704,False,370,False
2025-10-27,DRE-010,388,0,77,77,0,311,568,322933.07,3.764,False,370,True
2025-11-03,DRE-010,311,0,78,78,0,233,568,241940.21,2.815,False,370,False
2025-11-10,DRE-010,233,0,79,79,0,154,568,159908.98,1.858,False,370,False
2025-11-17,DRE-010,154,0,119,119,0,35,568,36342.95,0.422,False,370,False
2025-11-24,DRE-010,35,0,149,35,114,0,568,0.0,0.0,True,370,False
2025-12-01,DRE-010,0,558,57,57,0,501,0,520223.37,6.015,False,370,False
2025-12-08,DRE-010,501,0,91,91,0,410,0,425731.7,4.914,False,370,False
2025-12-15,DRE-010,410,0,77,77,0,333,544,345777.21,3.985,False,370,True
2025-12-22,DRE-010,333,0,68,68,0,265,544,275168.05,3.166,False,370,False
2025-12-29,DRE-010,265,541,68,68,0,738,0,766317.06,8.803,False,370,False
2023-01-02,KNI-001,535,0,74,74,0,461,0,195786.7,7.946,False,214,False
2023-01-09,KNI-001,461,0,127,127,0,334,0,141849.8,5.744,False,214,False
2023-01-16,KNI-001,334,0,104,104,0,230,0,97681.0,3.947,False,214,False
2023-01-23,KNI-001,230,0,90,90,0,140,544,59458.0,2.397,False,214,True
2023-01-30,KNI-001,140,0,80,80,0,60,544,25482.0,1.025,False,214,False
2023-02-06,KNI-001,60,0,76,60,16,0,544,0.0,0.0,True,214,False
2023-02-13,KNI-001,0,531,67,67,0,464,0,197060.8,7.895,False,214,False
2023-02-20,KNI-001,464,0,73,73,0,391,0,166057.7,6.639,False,214,False
2023-02-27,KNI-001,391,0,54,54,0,337,0,143123.9,5.71,False,214,False
2023-03-06,KNI-001,337,0,79,79,0,258,0,109572.6,4.362,False,214,False
2023-03-13,KNI-001,258,0,43,43,0,215,0,91310.5,3.628,False,214,False
2023-03-20,KNI-001,215,0,72,72,0,143,536,60732.1,2.408,False,214,True
2023-03-27,KNI-001,143,0,46,46,0,97,536,41195.9,1.63,False,214,False
2023-04-03,KNI-001,97,0,54,54,0,43,536,18262.1,0.721,False,214,False
2023-04-10,KNI-001,43,524,61,61,0,506,0,214898.2,8.466,False,214,False
2023-04-17,KNI-001,506,0,41,41,0,465,0,197485.5,7.764,False,214,False
2023-04-24,KNI-001,465,0,46,46,0,419,0,177949.3,6.981,False,214,False
2023-05-01,KNI-001,419,0,45,45,0,374,0,158837.8,6.219,False,214,False
2023-05-08,KNI-001,374,0,53,53,0,321,0,136328.7,5.326,False,214,False
2023-05-15,KNI-001,321,0,44,44,0,277,0,117641.9,4.587,False,214,False
2023-05-22,KNI-001,277,0,28,28,0,249,0,105750.3,4.115,False,214,False
2023-05-29,KNI-001,249,0,30,30,0,219,0,93009.3,3.612,False,214,False
2023-06-05,KNI-001,219,0,25,25,0,194,488,82391.8,3.193,False,214,True
2023-06-12,KNI-001,194,0,55,55,0,139,488,59033.3,2.283,False,214,False
2023-06-19,KNI-001,139,0,39,39,0,100,488,42470.0,1.639,False,214,False
2023-06-26,KNI-001,100,475,39,39,0,536,0,227639.2,8.767,False,214,False
2023-07-03,KNI-001,536,0,49,49,0,487,0,206828.9,7.949,False,214,False
2023-07-10,KNI-001,487,0,53,53,0,434,0,184319.8,7.07,False,214,False
2023-07-17,KNI-001,434,0,57,57,0,377,0,160111.9,6.129,False,214,False
2023-07-24,KNI-001,377,0,45,45,0,332,0,141000.4,5.386,False,214,False
2023-07-31,KNI-001,332,0,45,45,0,287,0,121888.9,4.647,False,214,False
2023-08-07,KNI-001,287,0,49,49,0,238,0,101078.6,3.846,False,214,False
2023-08-14,KNI-001,238,0,50,50,0,188,496,79843.6,3.032,False,214,True
2023-08-21,KNI-001,188,0,72,72,0,116,496,49265.2,1.867,False,214,False
2023-08-28,KNI-001,116,0,46,46,0,70,496,29729.0,1.124,False,214,False
2023-09-04,KNI-001,70,490,54,54,0,506,0,214898.2,8.111,False,214,False
2023-09-11,KNI-001,506,0,60,60,0,446,0,189416.2,7.135,False,214,False
2023-09-18,KNI-001,446,0,56,56,0,390,0,165633.0,6.227,False,214,False
2023-09-25,KNI-001,390,0,57,57,0,333,0,141425.1,5.306,False,214,False
2023-10-02,KNI-001,333,0,49,49,0,284,0,120614.8,4.516,False,214,False
2023-10-09,KNI-001,284,0,56,56,0,228,0,96831.6,3.618,False,214,False
2023-10-16,KNI-001,228,0,86,86,0,142,544,60307.4,2.249,False,214,True
2023-10-23,KNI-001,142,0,59,59,0,83,544,35250.1,1.312,False,214,False
2023-10-30,KNI-001,83,0,74,74,0,9,544,3822.3,0.142,False,214,False
2023-11-06,KNI-001,9,544,102,102,0,451,0,191539.7,7.101,False,214,False
2023-11-13,KNI-001,451,0,86,86,0,365,0,155015.5,5.736,False,214,False
2023-11-20,KNI-001,365,0,116,116,0,249,0,105750.3,3.905,False,214,False
2023-11-27,KNI-001,249,0,179,179,0,70,616,29729.0,1.096,False,214,True
2023-12-04,KNI-001,70,0,74,70,4,0,616,0.0,0.0,True,214,False
2023-12-11,KNI-001,0,0,97,0,97,0,616,0.0,0.0,True,214,False
2023-12-18,KNI-001,0,603,103,103,0,500,0,212350.0,7.781,False,214,False
2023-12-25,KNI-001,500,0,93,93,0,407,0,172852.9,6.322,False,214,False
2024-01-01,KNI-001,407,0,96,96,0,311,0,132081.7,4.821,False,214,False
2024-01-08,KNI-001,311,0,135,135,0,176,504,74747.2,2.723,False,214,True
2024-01-15,KNI-001,176,0,113,113,0,63,504,26756.1,0.973,False,214,False
2024-01-22,KNI-001,63,0,83,63,20,0,504,0.0,0.0,True,214,False
2024-01-29,KNI-001,0,491,95,95,0,396,0,168181.2,6.092,False,214,False
2024-02-05,KNI-001,396,0,75,75,0,321,0,136328.7,4.929,False,214,False
2024-02-12,KNI-001,321,0,83,83,0,238,0,101078.6,3.647,False,214,False
2024-02-19,KNI-001,238,0,88,88,0,150,536,63705.0,2.294,False,214,True
2024-02-26,KNI-001,150,0,96,96,0,54,536,22933.8,0.824,False,214,False
2024-03-04,KNI-001,54,0,74,54,20,0,536,0.0,0.0,True,214,False
2024-03-11,KNI-001,0,532,95,95,0,437,0,185593.9,6.646,False,214,False
2024-03-18,KNI-001,437,0,81,81,0,356,0,151193.2,5.404,False,214,False
2024-03-25,KNI-001,356,0,60,60,0,296,0,125711.2,4.485,False,214,False
2024-04-01,KNI-001,296,0,68,68,0,228,0,96831.6,3.448,False,214,False
2024-04-08,KNI-001,228,0,69,69,0,159,520,67527.3,2.4,False,214,True
2024-04-15,KNI-001,159,0,57,57,0,102,520,43319.4,1.537,False,214,False
2024-04-22,KNI-001,102,0,55,55,0,47,520,19960.9,0.707,False,214,False
2024-04-29,KNI-001,47,520,61,61,0,506,0,214898.2,7.594,False,214,False
2024-05-06,KNI-001,506,0,43,43,0,463,0,196636.1,6.936,False,214,False
2024-05-13,KNI-001,463,0,32,32,0,431,0,183045.7,6.445,False,214,False
2024-05-20,KNI-001,431,0,53,53,0,378,0,160536.6,5.642,False,214,False
2024-05-27,KNI-001,378,0,45,45,0,333,0,141425.1,4.961,False,214,False
2024-06-03,KNI-001,333,0,36,36,0,297,0,126135.9,4.416,False,214,False
2024-06-10,KNI-001,297,0,62,62,0,235,0,99804.5,3.488,False,214,False
2024-06-17,KNI-001,235,0,44,44,0,191,488,81117.7,2.83,False,214,True
2024-06-24,KNI-001,191,0,56,56,0,135,488,57334.5,1.996,False,214,False
2024-07-01,KNI-001,135,0,67,67,0,68,488,28879.6,1.004,False,214,False
2024-07-08,KNI-001,68,0,35,35,0,33,488,14015.1,0.486,False,214,False
2024-07-15,KNI-001,33,485,51,51,0,467,0,198334.9,6.868,False,214,False
2024-07-22,KNI-001,467,0,56,56,0,411,0,174551.7,6.033,False,214,False
2024-07-29,KNI-001,411,0,39,39,0,372,0,157988.4,5.451,False,214,False
2024-08-05,KNI-001,372,0,45,45,0,327,0,138876.9,4.783,False,214,False
2024-08-12,KNI-001,327,0,51,51,0,276,0,117217.2,4.029,False,214,False
2024-08-19,KNI-001,276,0,68,68,0,208,472,88337.6,3.031,False,214,True
2024-08-26,KNI-001,208,0,61,61,0,147,472,62430.9,2.138,False,214,False
2024-09-02,KNI-001,147,0,70,70,0,77,472,32701.9,1.118,False,214,False
2024-09-09,KNI-001,77,460,82,82,0,455,0,193238.5,6.594,False,214,False
2024-09-16,KNI-001,455,0,52,52,0,403,0,171154.1,5.83,False,214,False
2024-09-23,KNI-001,403,0,68,68,0,335,0,142274.5,4.838,False,214,False
2024-09-30,KNI-001,335,0,75,75,0,260,0,110422.0,3.748,False,214,False
2024-10-07,KNI-001,260,0,71,71,0,189,496,80268.3,2.72,False,214,True
2024-10-14,KNI-001,189,0,78,78,0,111,496,47141.7,1.594,False,214,False
2024-10-21,KNI-001,111,0,90,90,0,21,496,8918.7,0.301,False,214,False
2024-10-28,KNI-001,21,492,92,92,0,421,0,178798.7,6.025,False,214,False
2024-11-04,KNI-001,421,0,99,99,0,322,0,136753.4,4.6,False,214,False
2024-11-11,KNI-001,322,0,79,79,0,243,0,103202.1,3.465,False,214,False
2024-11-18,KNI-001,243,0,148,148,0,95,584,40346.5,1.352,False,214,True
2024-11-25,KNI-001,95,0,131,95,36,0,584,0.0,0.0,True,214,False
2024-12-02,KNI-001,0,0,89,0,89,0,584,0.0,0.0,True,214,False
2024-12-09,KNI-001,0,576,116,116,0,460,0,195362.0,6.514,False,214,False
2024-12-16,KNI-001,460,0,137,137,0,323,0,137178.1,4.566,False,214,False
2024-12-23,KNI-001,323,0,101,101,0,222,0,94283.4,3.133,False,214,False
2024-12-30,KNI-001,222,0,102,102,0,120,560,50964.0,1.69,False,214,True
2025-01-06,KNI-001,120,0,110,110,0,10,560,4247.0,0.141,False,214,False
2025-01-13,KNI-001,10,0,107,10,97,0,560,0.0,0.0,True,214,False
2025-01-20,KNI-001,0,552,81,81,0,471,0,200033.7,6.6,False,214,False
2025-01-27,KNI-001,471,0,94,94,0,377,0,160111.9,5.273,False,214,False
2025-02-03,KNI-001,377,0,112,112,0,265,0,112545.5,3.7,False,214,False
2025-02-10,KNI-001,265,0,107,107,0,158,528,67102.6,2.202,False,214,True
2025-02-17,KNI-001,158,0,96,96,0,62,528,26331.4,0.863,False,214,False
2025-02-24,KNI-001,62,0,85,62,23,0,528,0.0,0.0,True,214,False
2025-03-03,KNI-001,0,518,109,109,0,409,0,173702.3,5.671,False,214,False
2025-03-10,KNI-001,409,0,73,73,0,336,0,142699.2,4.651,False,214,False
2025-03-17,KNI-001,336,0,63,63,0,273,0,115943.1,3.773,False,214,False
2025-03-24,KNI-001,273,0,87,87,0,186,496,78994.2,2.566,False,214,True
2025-03-31,KNI-001,186,0,76,76,0,110,496,46717.0,1.515,False,214,False
2025-04-07,KNI-001,110,0,46,46,0,64,496,27180.8,0.88,False,214,False
2025-04-14,KNI-001,64,489,70,70,0,483,0,205130.1,6.629,False,214,False
2025-04-21,KNI-001,483,0,67,67,0,416,0,176675.2,5.699,False,214,False
2025-04-28,KNI-001,416,0,59,59,0,357,0,151617.9,4.883,False,214,False
2025-05-05,KNI-001,357,0,54,54,0,303,0,128684.1,4.137,False,214,False
2025-05-12,KNI-001,303,0,56,56,0,247,0,104900.9,3.367,False,214,False
2025-05-19,KNI-001,247,0,56,56,0,191,488,81117.7,2.599,False,214,True
2025-05-26,KNI-001,191,0,66,66,0,125,488,53087.5,1.698,False,214,False
2025-06-02,KNI-001,125,0,53,53,0,72,488,30578.4,0.976,False,214,False
2025-06-09,KNI-001,72,479,94,94,0,457,0,194087.9,6.187,False,214,False
2025-06-16,KNI-001,457,0,59,59,0,398,0,169030.6,5.379,False,214,False
2025-06-23,KNI-001,398,0,49,49,0,349,0,148220.3,4.709,False,214,False
2025-06-30,KNI-001,349,0,53,53,0,296,0,125711.2,3.987,False,214,False
2025-07-07,KNI-001,296,0,60,60,0,236,0,100229.2,3.174,False,214,False
2025-07-14,KNI-001,236,0,72,72,0,164,520,69650.8,2.202,False,214,True
2025-07-21,KNI-001,164,0,76,76,0,88,520,37373.6,1.179,False,214,False
2025-07-28,KNI-001,88,0,63,63,0,25,520,10617.5,0.335,False,214,False
2025-08-04,KNI-001,25,507,57,57,0,475,0,201732.5,6.345,False,214,False
2025-08-11,KNI-001,475,0,64,64,0,411,0,174551.7,5.481,False,214,False
2025-08-18,KNI-001,411,0,61,61,0,350,0,148645.0,4.66,False,214,False
2025-08-25,KNI-001,350,0,78,78,0,272,0,115518.4,3.615,False,214,False
2025-09-01,KNI-001,272,0,66,66,0,206,480,87488.2,2.734,False,214,True
2025-09-08,KNI-001,206,0,60,60,0,146,480,62006.2,1.934,False,214,False
2025-09-15,KNI-001,146,0,61,61,0,85,480,36099.5,1.124,False,214,False
2025-09-22,KNI-001,85,472,84,84,0,473,0,200883.1,6.246,False,214,False
2025-09-29,KNI-001,473,0,89,89,0,384,0,163084.8,5.062,False,214,False
2025-10-06,KNI-001,384,0,69,69,0,315,0,133780.5,4.146,False,214,False
2025-10-13,KNI-001,315,0,62,62,0,253,0,107449.1,3.324,False,214,False
2025-10-20,KNI-001,253,0,97,97,0,156,528,66253.2,2.046,False,214,True
2025-10-27,KNI-001,156,0,101,101,0,55,528,23358.5,0.72,False,214,False
2025-11-03,KNI-001,55,0,132,55,77,0,528,0.0,0.0,True,214,False
2025-11-10,KNI-001,0,513,77,77,0,436,0,185169.2,5.691,False,214,False
2025-11-17,KNI-001,436,0,178,178,0,258,0,109572.6,3.362,False,214,False
2025-11-24,KNI-001,258,0,153,153,0,105,576,44593.5,1.366,False,214,True
2025-12-01,KNI-001,105,0,120,105,15,0,576,0.0,0.0,True,214,False
2025-12-08,KNI-001,0,0,158,0,158,0,576,0.0,0.0,True,214,False
2025-12-15,KNI-001,0,0,94,0,94,0,576,0.0,0.0,True,214,False
2025-12-22,KNI-001,0,574,107,107,0,467,0,198334.9,6.037,False,214,False
2025-12-29,KNI-001,467,0,100,100,0,367,0,155864.9,4.737,False,214,False
2023-01-02,KNI-002,427,0,61,61,0,366,0,358292.04,7.96,False,221,False
2023-01-09,KNI-002,366,0,91,91,0,275,0,269208.5,5.968,False,221,False
2023-01-16,KNI-002,275,0,76,76,0,199,390,194809.06,4.309,False,221,True
2023-01-23,KNI-002,199,0,70,70,0,129,390,126283.26,2.788,False,221,False
2023-01-30,KNI-002,129,0,78,78,0,51,390,49925.94,1.1,False,221,False
2023-02-06,KNI-002,51,388,78,78,0,361,0,353397.34,7.768,False,221,False
2023-02-13,KNI-002,361,0,54,54,0,307,0,300534.58,6.592,False,221,False
2023-02-20,KNI-002,307,0,67,67,0,240,0,234945.6,5.142,False,221,False
2023-02-27,KNI-002,240,0,52,52,0,188,402,184040.72,4.02,False,221,True
2023-03-06,KNI-002,188,0,46,46,0,142,402,139009.48,3.03,False,221,False
2023-03-13,KNI-002,142,0,63,63,0,79,402,77336.26,1.682,False,221,False
2023-03-20,KNI-002,79,0,66,66,0,13,402,12726.22,0.276,False,221,False
2023-03-27,KNI-002,13,401,47,47,0,367,0,359270.98,7.781,False,221,False
2023-04-03,KNI-002,367,0,46,46,0,321,0,314239.74,6.791,False,221,False
2023-04-10,KNI-002,321,0,47,47,0,274,0,268229.56,5.785,False,221,False
2023-04-17,KNI-002,274,0,34,34,0,240,0,234945.6,5.057,False,221,False
2023-04-24,KNI-002,240,0,47,47,0,193,396,188935.42,4.058,False,221,True
2023-05-01,KNI-002,193,0,41,41,0,152,396,148798.88,3.189,False,221,False
2023-05-08,KNI-002,152,0,33,33,0,119,396,116493.86,2.492,False,221,False
2023-05-15,KNI-002,119,0,39,39,0,80,396,78315.2,1.672,False,221,False
2023-05-22,KNI-002,80,391,42,42,0,429,0,419965.26,8.945,False,221,False
2023-05-29,KNI-002,429,0,42,42,0,387,0,378849.78,8.053,False,221,False
2023-06-05,KNI-002,387,0,27,27,0,360,0,352418.4,7.476,False,221,False
2023-06-12,KNI-002,360,0,42,42,0,318,0,311302.92,6.59,False,221,False
2023-06-19,KNI-002,318,0,33,33,0,285,0,278997.9,5.894,False,221,False
2023-06-26,KNI-002,285,0,31,31,0,254,0,248650.76,5.242,False,221,False
2023-07-03,KNI-002,254,0,34,34,0,220,372,215366.8,4.531,False,221,True
2023-07-10,KNI-002,220,0,23,23,0,197,372,192851.18,4.049,False,221,False
2023-07-17,KNI-002,197,0,40,40,0,157,372,153693.58,3.221,False,221,False
2023-07-24,KNI-002,157,0,44,44,0,113,372,110620.22,2.313,False,221,False
2023-07-31,KNI-002,113,369,34,34,0,448,0,438565.12,9.153,False,221,False
2023-08-07,KNI-002,448,0,33,33,0,415,0,406260.1,8.462,False,221,False
2023-08-14,KNI-002,415,0,30,30,0,385,0,376891.9,7.834,False,221,False
2023-08-21,KNI-002,385,0,21,21,0,364,0,356334.16,7.392,False,221,False
2023-08-28,KNI-002,364,0,38,38,0,326,0,319134.44,6.607,False,221,False
2023-09-04,KNI-002,326,0,53,53,0,273,0,267250.62,5.522,False,221,False
2023-09-11,KNI-002,273,0,34,34,0,239,0,233966.66,4.824,False,221,False
2023-09-18,KNI-002,239,0,43,43,0,196,396,191872.24,3.949,False,221,True
2023-09-25,KNI-002,196,0,45,45,0,151,396,147819.94,3.036,False,221,False
2023-10-02,KNI-002,151,0,53,53,0,98,396,95936.12,1.966,False,221,False
2023-10-09,KNI-002,98,0,63,63,0,35,396,34262.9,0.701,False,221,False
2023-10-16,KNI-002,35,393,65,65,0,363,0,355355.22,7.255,False,221,False
2023-10-23,KNI-002,363,0,43,43,0,320,0,313260.8,6.383,False,221,False
2023-10-30,KNI-002,320,0,54,54,0,266,0,260398.04,5.296,False,221,False
2023-11-06,KNI-002,266,0,77,77,0,189,402,185019.66,3.755,False,221,True
2023-11-13,KNI-002,189,0,67,67,0,122,402,119430.68,2.419,False,221,False
2023-11-20,KNI-002,122,0,106,106,0,16,402,15663.04,0.317,False,221,False
2023-11-27,KNI-002,16,0,140,16,124,0,402,0.0,0.0,True,221,False
2023-12-04,KNI-002,0,396,73,73,0,323,0,316197.62,6.368,False,221,False
2023-12-11,KNI-002,323,0,65,65,0,258,0,252566.52,5.076,False,221,False
2023-12-18,KNI-002,258,0,83,83,0,175,414,171314.5,3.437,False,221,True
2023-12-25,KNI-002,175,0,63,63,0,112,414,109641.28,2.195,False,221,False
2024-01-01,KNI-002,112,0,59,59,0,53,414,51883.82,1.037,False,221,False
2024-01-08,KNI-002,53,0,91,53,38,0,414,0.0,0.0,True,221,False
2024-01-15,KNI-002,0,407,107,107,0,300,0,293682.0,5.846,False,221,False
2024-01-22,KNI-002,300,0,55,55,0,245,0,239840.3,4.765,False,221,False
2024-01-29,KNI-002,245,0,78,78,0,167,426,163482.98,3.242,False,221,True
2024-02-05,KNI-002,167,0,39,39,0,128,426,125304.32,2.48,False,221,False
2024-02-12,KNI-002,128,0,69,69,0,59,426,57757.46,1.141,False,221,False
2024-02-19,KNI-002,59,0,45,45,0,14,426,13705.16,0.27,False,221,False
2024-02-26,KNI-002,14,420,66,66,0,368,0,360249.92,7.089,False,221,False
2024-03-04,KNI-002,368,0,63,63,0,305,0,298576.7,5.864,False,221,False
2024-03-11,KNI-002,305,0,56,56,0,249,0,243756.06,4.778,False,221,False
2024-03-18,KNI-002,249,0,39,39,0,210,384,205577.4,4.022,False,221,True
2024-03-25,KNI-002,210,0,53,53,0,157,384,153693.58,3.002,False,221,False
2024-04-01,KNI-002,157,0,44,44,0,113,384,110620.22,2.156,False,221,False
2024-04-08,KNI-002,113,0,39,39,0,74,384,72441.56,1.409,False,221,False
2024-04-15,KNI-002,74,376,61,61,0,389,0,380807.66,7.395,False,221,False
2024-04-22,KNI-002,389,0,42,42,0,347,0,339692.18,6.584,False,221,False
2024-04-29,KNI-002,347,0,39,39,0,308,0,301513.52,5.833,False,221,False
2024-05-06,KNI-002,308,0,52,52,0,256,0,250608.64,4.839,False,221,False
2024-05-13,KNI-002,256,0,48,48,0,208,384,203619.52,3.925,False,221,True
2024-05-20,KNI-002,208,0,39,39,0,169,384,165440.86,3.183,False,221,False
2024-05-27,KNI-002,169,0,27,27,0,142,384,139009.48,2.669,False,221,False
2024-06-03,KNI-002,142,0,27,27,0,115,384,112578.1,2.158,False,221,False
2024-06-10,KNI-002,115,375,37,37,0,453,0,443459.82,8.484,False,221,False
2024-06-17,KNI-002,453,0,31,31,0,422,0,413112.68,7.889,False,221,False
2024-06-24,KNI-002,422,0,32,32,0,390,0,381786.6,7.277,False,221,False
2024-07-01,KNI-002,390,0,37,37,0,353,0,345565.82,6.575,False,221,False
2024-07-08,KNI-002,353,0,36,36,0,317,0,310323.98,5.893,False,221,False
2024-07-15,KNI-002,317,0,31,31,0,286,0,279976.84,5.307,False,221,False
2024-07-22,KNI-002,286,0,47,47,0,239,0,233966.66,4.427,False,221,False
2024-07-29,KNI-002,239,0,43,43,0,196,396,191872.24,3.624,False,221,True
2024-08-05,KNI-002,196,0,31,31,0,165,396,161525.1,3.045,False,221,False
2024-08-12,KNI-002,165,0,41,41,0,124,396,121388.56,2.284,False,221,False
2024-08-19,KNI-002,124,0,43,43,0,81,396,79294.14,1.489,False,221,False
2024-08-26,KNI-002,81,390,37,37,0,434,0,424859.96,7.966,False,221,False
2024-09-02,KNI-002,434,0,57,57,0,377,0,369060.38,6.907,False,221,False
2024-09-09,KNI-002,377,0,48,48,0,329,0,322071.26,6.017,False,221,False
2024-09-16,KNI-002,329,0,32,32,0,297,0,290745.18,5.422,False,221,False
2024-09-23,KNI-002,297,0,59,59,0,238,0,232987.72,4.337,False,221,False
2024-09-30,KNI-002,238,0,45,45,0,193,396,188935.42,3.511,False,221,True
2024-10-07,KNI-002,193,0,46,46,0,147,396,143904.18,2.669,False,221,False
2024-10-14,KNI-002,147,0,66,66,0,81,396,79294.14,1.468,False,221,False
2024-10-21,KNI-002,81,0,64,64,0,17,396,16641.98,0.308,False,221,False
2024-10-28,KNI-002,17,391,59,59,0,349,0,341650.06,6.303,False,221,False
2024-11-04,KNI-002,349,0,81,81,0,268,0,262355.92,4.831,False,221,False
2024-11-11,KNI-002,268,0,68,68,0,200,390,195788.0,3.599,False,221,True
2024-11-18,KNI-002,200,0,124,124,0,76,390,74399.44,1.365,False,221,False
2024-11-25,KNI-002,76,0,134,76,58,0,390,0.0,0.0,True,221,False
2024-12-02,KNI-002,0,0,93,0,93,0,390,0.0,0.0,True,221,False
2024-12-09,KNI-002,0,380,111,111,0,269,0,263334.86,4.807,False,221,False
2024-12-16,KNI-002,269,0,101,101,0,168,426,164461.92,2.997,False,221,True
2024-12-23,KNI-002,168,0,102,102,0,66,426,64610.04,1.175,False,221,False
2024-12-30,KNI-002,66,0,66,66,0,0,426,0.0,0.0,False,221,False
2025-01-06,KNI-002,0,0,99,0,99,0,426,0.0,0.0,True,221,False
2025-01-13,KNI-002,0,417,94,94,0,323,0,316197.62,5.721,False,221,False
2025-01-20,KNI-002,323,0,65,65,0,258,0,252566.52,4.562,False,221,False
2025-01-27,KNI-002,258,0,80,80,0,178,414,174251.32,3.142,False,221,True
2025-02-03,KNI-002,178,0,51,51,0,127,414,124325.38,2.238,False,221,False
2025-02-10,KNI-002,127,0,78,78,0,49,414,47968.06,0.862,False,221,False
2025-02-17,KNI-002,49,0,63,49,14,0,414,0.0,0.0,True,221,False
2025-02-24,KNI-002,0,402,63,63,0,339,0,331860.66,5.942,False,221,False
2025-03-03,KNI-002,339,0,78,78,0,261,0,255503.34,4.567,False,221,False
2025-03-10,KNI-002,261,0,46,46,0,215,378,210472.1,3.755,False,221,True
2025-03-17,KNI-002,215,0,81,81,0,134,378,131177.96,2.337,False,221,False
2025-03-24,KNI-002,134,0,58,58,0,76,378,74399.44,1.323,False,221,False
2025-03-31,KNI-002,76,0,70,70,0,6,378,5873.64,0.104,False,221,False
2025-04-07,KNI-002,6,374,44,44,0,336,0,328923.84,5.829,False,221,False
2025-04-14,KNI-002,336,0,44,44,0,292,0,285850.48,5.057,False,221,False
2025-04-21,KNI-002,292,0,44,44,0,248,0,242777.12,4.287,False,221,False
2025-04-28,KNI-002,248,0,28,28,0,220,372,215366.8,3.797,False,221,True
2025-05-05,KNI-002,220,0,41,41,0,179,372,175230.26,3.084,False,221,False
2025-05-12,KNI-002,179,0,47,47,0,132,372,129220.08,2.27,False,221,False
2025-05-19,KNI-002,132,0,38,38,0,94,372,92020.36,1.614,False,221,False
2025-05-26,KNI-002,94,366,45,45,0,415,0,406260.1,7.114,False,221,False
2025-06-02,KNI-002,415,0,50,50,0,365,0,357313.1,6.246,False,221,False
2025-06-09,KNI-002,365,0,45,45,0,320,0,313260.8,5.467,False,221,False
2025-06-16,KNI-002,320,0,57,57,0,263,0,257461.22,4.485,False,221,False
2025-06-23,KNI-002,263,0,53,53,0,210,384,205577.4,3.576,False,221,True
2025-06-30,KNI-002,210,0,53,53,0,157,384,153693.58,2.669,False,221,False
2025-07-07,KNI-002,157,0,39,39,0,118,384,115514.92,2.002,False,221,False
2025-07-14,KNI-002,118,0,43,43,0,75,384,73420.5,1.271,False,221,False
2025-07-21,KNI-002,75,374,40,40,0,409,0,400386.46,6.917,False,221,False
2025-07-28,KNI-002,409,0,47,47,0,362,0,354376.28,6.112,False,221,False
2025-08-04,KNI-002,362,0,41,41,0,321,0,314239.74,5.411,False,221,False
2025-08-11,KNI-002,321,0,36,36,0,285,0,278997.9,4.796,False,221,False
2025-08-18,KNI-002,285,0,42,42,0,243,0,237882.42,4.082,False,221,False
2025-08-25,KNI-002,243,0,62,62,0,181,408,177188.14,3.036,False,221,True
2025-09-01,KNI-002,181,0,46,46,0,135,408,132156.9,2.261,False,221,False
2025-09-08,KNI-002,135,0,73,73,0,62,408,60694.28,1.036,False,221,False
2025-09-15,KNI-002,62,0,50,50,0,12,408,11747.28,0.2,False,221,False
2025-09-22,KNI-002,12,400,68,68,0,344,0,336755.36,5.732,False,221,False
2025-09-29,KNI-002,344,0,49,49,0,295,0,288787.3,4.907,False,221,False
2025-10-06,KNI-002,295,0,65,65,0,230,0,225156.2,3.82,False,221,False
2025-10-13,KNI-002,230,0,45,45,0,185,408,181103.9,3.067,False,221,True
2025-10-20,KNI-002,185,0,82,82,0,103,408,100830.82,1.705,False,221,False
2025-10-27,KNI-002,103,0,73,73,0,30,408,29368.2,0.496,False,221,False
2025-11-03,KNI-002,30,0,82,30,52,0,408,0.0,0.0,True,221,False
2025-11-10,KNI-002,0,397,51,51,0,346,0,338713.24,5.699,False,221,False
2025-11-17,KNI-002,346,0,136,136,0,210,384,205577.4,3.453,False,221,True
2025-11-24,KNI-002,210,0,143,143,0,67,384,65588.98,1.1,False,221,False
2025-12-01,KNI-002,67,0,77,67,10,0,384,0.0,0.0,True,221,False
2025-12-08,KNI-002,0,0,83,0,83,0,384,0.0,0.0,True,221,False
2025-12-15,KNI-002,0,381,106,106,0,275,0,269208.5,4.493,False,221,False
2025-12-22,KNI-002,275,0,96,96,0,179,414,175230.26,2.92,False,221,True
2025-12-29,KNI-002,179,405,106,106,0,478,0,467933.32,7.785,False,221,False
2023-01-02,KNI-003,549,0,61,61,0,488,0,391912.8,9.232,False,74,False
2023-01-09,KNI-003,488,0,95,95,0,393,0,315618.3,7.419,False,74,False
2023-01-16,KNI-003,393,0,103,103,0,290,0,232899.0,5.463,False,74,False
2023-01-23,KNI-003,290,0,90,90,0,200,0,160620.0,3.759,False,74,False
2023-01-30,KNI-003,200,0,86,86,0,114,0,91553.4,2.138,False,74,False
2023-02-06,KNI-003,114,0,77,77,0,37,460,29714.7,0.693,False,74,True
2023-02-13,KNI-003,37,455,64,64,0,428,0,343726.8,7.994,False,74,False
2023-02-20,KNI-003,428,0,66,66,0,362,0,290722.2,6.747,False,74,False
2023-02-27,KNI-003,362,0,72,72,0,290,0,232899.0,5.393,False,74,False
2023-03-06,KNI-003,290,0,90,90,0,200,0,160620.0,3.712,False,74,False
2023-03-13,KNI-003,200,0,62,62,0,138,0,110827.8,2.556,False,74,False
2023-03-20,KNI-003,138,0,68,68,0,70,430,56217.0,1.294,False,74,True
2023-03-27,KNI-003,70,430,50,50,0,450,0,361395.0,8.299,False,74,False
2023-04-03,KNI-003,450,0,70,70,0,380,0,305178.0,6.993,False,74,False
2023-04-10,KNI-003,380,0,56,56,0,324,0,260204.4,5.95,False,74,False
2023-04-17,KNI-003,324,0,47,47,0,277,0,222458.7,5.077,False,74,False
2023-04-24,KNI-003,277,0,37,37,0,240,0,192744.0,4.389,False,74,False
2023-05-01,KNI-003,240,0,54,54,0,186,0,149376.6,3.395,False,74,False
2023-05-08,KNI-003,186,0,49,49,0,137,0,110024.7,2.495,False,74,False
2023-05-15,KNI-003,137,0,43,43,0,94,0,75491.4,1.708,False,74,False
2023-05-22,KNI-003,94,0,43,43,0,51,450,40958.1,0.925,False,74,True
2023-05-29,KNI-003,51,449,45,45,0,455,0,365410.5,8.236,False,74,False
2023-06-05,KNI-003,455,0,43,43,0,412,0,330877.2,7.442,False,74,False
2023-06-12,KNI-003,412,0,53,53,0,359,0,288312.9,6.472,False,74,False
2023-06-19,KNI-003,359,0,48,48,0,311,0,249764.1,5.595,False,74,False
2023-06-26,KNI-003,311,0,32,32,0,279,0,224064.9,5.009,False,74,False
2023-07-03,KNI-003,279,0,55,55,0,224,0,179894.4,4.013,False,74,False
2023-07-10,KNI-003,224,0,35,35,0,189,0,151785.9,3.379,False,74,False
2023-07-17,KNI-003,189,0,32,32,0,157,0,126086.7,2.801,False,74,False
2023-07-24,KNI-003,157,0,56,56,0,101,0,81113.1,1.799,False,74,False
2023-07-31,KNI-003,101,0,41,41,0,60,440,48186.0,1.066,False,74,True
2023-08-07,KNI-003,60,438,55,55,0,443,0,355773.3,7.857,False,74,False
2023-08-14,KNI-003,443,0,41,41,0,402,0,322846.2,7.115,False,74,False
2023-08-21,KNI-003,402,0,46,46,0,356,0,285903.6,6.289,False,74,False
2023-08-28,KNI-003,356,0,42,42,0,314,0,252173.4,5.536,False,74,False
2023-09-04,KNI-003,314,0,48,48,0,266,0,213624.6,4.68,False,74,False
2023-09-11,KNI-003,266,0,48,48,0,218,0,175075.8,3.828,False,74,False
2023-09-18,KNI-003,218,0,35,35,0,183,0,146967.3,3.207,False,74,False
2023-09-25,KNI-003,183,0,72,72,0,111,0,89144.1,1.941,False,74,False
2023-10-02,KNI-003,111,0,47,47,0,64,440,51398.4,1.117,False,74,True
2023-10-09,KNI-003,64,0,54,54,0,10,440,8031.0,0.174,False,74,False
2023-10-16,KNI-003,10,437,55,55,0,392,0,314815.2,6.815,False,74,False
2023-10-23,KNI-003,392,0,72,72,0,320,0,256992.0,5.552,False,74,False
2023-10-30,KNI-003,320,0,73,73,0,247,0,198365.7,4.277,False,74,False
2023-11-06,KNI-003,247,0,102,102,0,145,0,116449.5,2.506,False,74,False
2023-11-13,KNI-003,145,0,67,67,0,78,0,62641.8,1.345,False,74,False
2023-11-20,KNI-003,78,0,133,78,55,0,500,0.0,0.0,True,74,True
2023-11-27,KNI-003,0,498,112,112,0,386,0,309996.6,6.632,False,74,False
2023-12-04,KNI-003,386,0,86,86,0,300,0,240930.0,5.144,False,74,False
2023-12-11,KNI-003,300,0,90,90,0,210,0,168651.0,3.594,False,74,False
2023-12-18,KNI-003,210,0,104,104,0,106,0,85128.6,1.811,False,74,False
2023-12-25,KNI-003,106,0,124,106,18,0,500,0.0,0.0,True,74,True
2024-01-01,KNI-003,0,492,75,75,0,417,0,334892.7,7.095,False,74,False
2024-01-08,KNI-003,417,0,73,73,0,344,0,276266.4,5.842,False,74,False
2024-01-15,KNI-003,344,0,85,85,0,259,0,208002.9,4.39,False,74,False
2024-01-22,KNI-003,259,0,79,79,0,180,0,144558.0,3.045,False,74,False
2024-01-29,KNI-003,180,0,50,50,0,130,0,104403.0,2.195,False,74,False
2024-02-05,KNI-003,130,0,102,102,0,28,470,22486.8,0.472,False,74,True
2024-02-12,KNI-003,28,0,70,28,42,0,470,0.0,0.0,True,74,False
2024-02-19,KNI-003,0,458,70,70,0,388,0,311602.8,6.514,False,74,False
2024-02-26,KNI-003,388,0,88,88,0,300,0,240930.0,5.027,False,74,False
2024-03-04,KNI-003,300,0,74,74,0,226,0,181500.6,3.78,False,74,False
2024-03-11,KNI-003,226,0,79,79,0,147,0,118055.7,2.454,False,74,False
2024-03-18,KNI-003,147,0,77,77,0,70,430,56217.0,1.166,False,74,True
2024-03-25,KNI-003,70,426,78,78,0,418,0,335695.8,6.951,False,74,False
2024-04-01,KNI-003,418,0,46,46,0,372,0,298753.2,6.175,False,74,False
2024-04-08,KNI-003,372,0,47,47,0,325,0,261007.5,5.384,False,74,False
2024-04-15,KNI-003,325,0,53,53,0,272,0,218443.2,4.498,False,74,False
2024-04-22,KNI-003,272,0,53,53,0,219,0,175878.9,3.615,False,74,False
2024-04-29,KNI-003,219,0,51,51,0,168,0,134920.8,2.768,False,74,False
2024-05-06,KNI-003,168,0,45,45,0,123,0,98781.3,2.023,False,74,False
2024-05-13,KNI-003,123,0,33,33,0,90,0,72279.0,1.477,False,74,False
2024-05-20,KNI-003,90,0,45,45,0,45,460,36139.5,0.737,False,74,True
2024-05-27,KNI-003,45,449,52,52,0,442,0,354970.2,7.227,False,74,False
2024-06-03,KNI-003,442,0,41,41,0,401,0,322043.1,6.545,False,74,False
2024-06-10,KNI-003,401,0,59,59,0,342,0,274660.2,5.572,False,74,False
2024-06-17,KNI-003,342,0,39,39,0,303,0,243339.3,4.927,False,74,False
2024-06-24,KNI-003,303,0,47,47,0,256,0,205593.6,4.155,False,74,False
2024-07-01,KNI-003,256,0,40,40,0,216,0,173469.6,3.499,False,74,False
2024-07-08,KNI-003,216,0,36,36,0,180,0,144558.0,2.911,False,74,False
2024-07-15,KNI-003,180,0,49,49,0,131,0,105206.1,2.115,False,74,False
2024-07-22,KNI-003,131,0,66,66,0,65,440,52201.5,1.047,False,74,True
2024-07-29,KNI-003,65,432,54,54,0,443,0,355773.3,7.125,False,74,False
2024-08-05,KNI-003,443,0,44,44,0,399,0,320436.9,6.405,False,74,False
2024-08-12,KNI-003,399,0,66,66,0,333,0,267432.3,5.336,False,74,False
2024-08-19,KNI-003,333,0,28,28,0,305,0,244945.5,4.878,False,74,False
2024-08-26,KNI-003,305,0,47,47,0,258,0,207199.8,4.119,False,74,False
2024-09-02,KNI-003,258,0,51,51,0,207,0,166241.7,3.299,False,74,False
2024-09-09,KNI-003,207,0,70,70,0,137,0,110024.7,2.179,False,74,False
2024-09-16,KNI-003,137,0,55,55,0,82,0,65854.2,1.302,False,74,False
2024-09-23,KNI-003,82,0,69,69,0,13,490,10440.3,0.206,False,74,True
2024-09-30,KNI-003,13,487,83,83,0,417,0,334892.7,6.598,False,74,False
2024-10-07,KNI-003,417,0,65,65,0,352,0,282691.2,5.559,False,74,False
2024-10-14,KNI-003,352,0,59,59,0,293,0,235308.3,4.619,False,74,False
2024-10-21,KNI-003,293,0,72,72,0,221,0,177485.1,3.478,False,74,False
2024-10-28,KNI-003,221,0,106,106,0,115,0,92356.5,1.807,False,74,False
2024-11-04,KNI-003,115,0,101,101,0,14,490,11243.4,0.22,False,74,True
2024-11-11,KNI-003,14,481,79,79,0,416,0,334089.6,6.512,False,74,False
2024-11-18,KNI-003,416,0,188,188,0,228,0,183106.8,3.563,False,74,False
2024-11-25,KNI-003,228,0,150,150,0,78,0,62641.8,1.217,False,74,False
2024-12-02,KNI-003,78,0,79,78,1,0,500,0.0,0.0,True,74,True
2024-12-09,KNI-003,0,495,92,92,0,403,0,323649.3,6.264,False,74,False
2024-12-16,KNI-003,403,0,109,109,0,294,0,236111.4,4.562,False,74,False
2024-12-23,KNI-003,294,0,110,110,0,184,0,147770.4,2.85,False,74,False
2024-12-30,KNI-003,184,0,70,70,0,114,0,91553.4,1.763,False,74,False
2025-01-06,KNI-003,114,0,105,105,0,9,490,7227.9,0.139,False,74,True
2025-01-13,KNI-003,9,485,129,129,0,365,0,293131.5,5.623,False,74,False
2025-01-20,KNI-003,365,0,72,72,0,293,0,235308.3,4.506,False,74,False
2025-01-27,KNI-003,293,0,77,77,0,216,0,173469.6,3.316,False,74,False
2025-02-03,KNI-003,216,0,89,89,0,127,0,101993.7,1.946,False,74,False
2025-02-10,KNI-003,127,0,88,88,0,39,460,31320.9,0.597,False,74,True
2025-02-17,KNI-003,39,0,74,39,35,0,460,0.0,0.0,True,74,False
2025-02-24,KNI-003,0,447,76,76,0,371,0,297950.1,5.656,False,74,False
2025-03-03,KNI-003,371,0,84,84,0,287,0,230489.7,4.368,False,74,False
2025-03-10,KNI-003,287,0,63,63,0,224,0,179894.4,3.403,False,74,False
2025-03-17,KNI-003,224,0,68,68,0,156,0,125283.6,2.366,False,74,False
2025-03-24,KNI-003,156,0,68,68,0,88,0,70672.8,1.332,False,74,False
2025-03-31,KNI-003,88,0,106,88,18,0,500,0.0,0.0,True,74,True
2025-04-07,KNI-003,0,498,67,67,0,431,0,346136.1,6.504,False,74,False
2025-04-14,KNI-003,431,0,57,57,0,374,0,300359.4,5.634,False,74,False
2025-04-21,KNI-003,374,0,60,60,0,314,0,252173.4,4.722,False,74,False
2025-04-28,KNI-003,314,0,52,52,0,262,0,210412.2,3.933,False,74,False
2025-05-05,KNI-003,262,0,56,56,0,206,0,165438.6,3.087,False,74,False
2025-05-12,KNI-003,206,0,76,76,0,130,0,104403.0,1.945,False,74,False
2025-05-19,KNI-003,130,0,56,56,0,74,430,59429.4,1.105,False,74,True
2025-05-26,KNI-003,74,423,52,52,0,445,0,357379.5,6.635,False,74,False
2025-06-02,KNI-003,445,0,49,49,0,396,0,318027.6,5.895,False,74,False
2025-06-09,KNI-003,396,0,47,47,0,349,0,280281.9,5.186,False,74,False
2025-06-16,KNI-003,349,0,27,27,0,322,0,258598.2,4.777,False,74,False
2025-06-23,KNI-003,322,0,32,32,0,290,0,232899.0,4.295,False,74,False
2025-06-30,KNI-003,290,0,65,65,0,225,0,180697.5,3.327,False,74,False
2025-07-07,KNI-003,225,0,32,32,0,193,0,154998.3,2.849,False,74,False
2025-07-14,KNI-003,193,0,46,46,0,147,0,118055.7,2.166,False,74,False
2025-07-21,KNI-003,147,0,39,39,0,108,0,86734.8,1.589,False,74,False
2025-07-28,KNI-003,108,0,39,39,0,69,430,55413.9,1.013,False,74,True
2025-08-04,KNI-003,69,419,30,30,0,458,0,367819.8,6.715,False,74,False
2025-08-11,KNI-003,458,0,77,77,0,381,0,305981.1,5.577,False,74,False
2025-08-18,KNI-003,381,0,44,44,0,337,0,270644.7,4.925,False,74,False
2025-08-25,KNI-003,337,0,59,59,0,278,0,223261.8,4.056,False,74,False
2025-09-01,KNI-003,278,0,57,57,0,221,0,177485.1,3.219,False,74,False
2025-09-08,KNI-003,221,0,59,59,0,162,0,130102.2,2.356,False,74,False
2025-09-15,KNI-003,162,0,75,75,0,87,0,69869.7,1.263,False,74,False
2025-09-22,KNI-003,87,0,92,87,5,0,500,0.0,0.0,True,74,True
2025-09-29,KNI-003,0,494,73,73,0,421,0,338105.1,6.092,False,74,False
2025-10-06,KNI-003,421,0,60,60,0,361,0,289919.1,5.215,False,74,False
2025-10-13,KNI-003,361,0,77,77,0,284,0,228080.4,4.096,False,74,False
2025-10-20,KNI-003,284,0,61,61,0,223,0,179091.3,3.211,False,74,False
2025-10-27,KNI-003,223,0,119,119,0,104,0,83522.4,1.495,False,74,False
2025-11-03,KNI-003,104,0,120,104,16,0,500,0.0,0.0,True,74,True
2025-11-10,KNI-003,0,490,94,94,0,396,0,318027.6,5.674,False,74,False
2025-11-17,KNI-003,396,0,130,130,0,266,0,213624.6,3.805,False,74,False
2025-11-24,KNI-003,266,0,190,190,0,76,0,61035.6,1.085,False,74,False
2025-12-01,KNI-003,76,0,84,76,8,0,500,0.0,0.0,True,74,True
2025-12-08,KNI-003,0,497,150,150,0,347,0,278675.7,4.94,False,74,False
2025-12-15,KNI-003,347,0,113,113,0,234,0,187925.4,3.326,False,74,False
2025-12-22,KNI-003,234,0,135,135,0,99,0,79506.9,1.405,False,74,False
2025-12-29,KNI-003,99,0,105,99,6,0,500,0.0,0.0,True,74,True
2023-01-02,KNI-004,379,0,66,66,0,313,0,195293.22,7.136,False,113,False
2023-01-09,KNI-004,313,0,97,97,0,216,0,134771.04,4.914,False,113,False
2023-01-16,KNI-004,216,0,71,71,0,145,0,90471.3,3.292,False,113,False
2023-01-23,KNI-004,145,0,75,75,0,70,396,43675.8,1.586,False,113,True
2023-01-30,KNI-004,70,0,47,47,0,23,396,14350.62,0.52,False,113,False
2023-02-06,KNI-004,23,389,48,48,0,364,0,227114.16,8.211,False,113,False
2023-02-13,KNI-004,364,0,52,52,0,312,0,194669.28,7.023,False,113,False
2023-02-20,KNI-004,312,0,42,42,0,270,0,168463.8,6.065,False,113,False
2023-02-27,KNI-004,270,0,54,54,0,216,0,134771.04,4.841,False,113,False
2023-03-06,KNI-004,216,0,77,77,0,139,0,86727.66,3.109,False,113,False
2023-03-13,KNI-004,139,0,66,66,0,73,396,45547.62,1.629,False,113,True
2023-03-20,KNI-004,73,0,49,49,0,24,396,14974.56,0.535,False,113,False
2023-03-27,KNI-004,24,387,48,48,0,363,0,226490.22,8.068,False,113,False
2023-04-03,KNI-004,363,0,46,46,0,317,0,197788.98,7.031,False,113,False
2023-04-10,KNI-004,317,0,30,30,0,287,0,179070.78,6.352,False,113,False
2023-04-17,KNI-004,287,0,40,40,0,247,0,154113.18,5.456,False,113,False
2023-04-24,KNI-004,247,0,43,43,0,204,0,127283.76,4.496,False,113,False
2023-05-01,KNI-004,204,0,54,54,0,150,0,93591.0,3.299,False,113,False
2023-05-08,KNI-004,150,0,43,43,0,107,360,66761.58,2.349,False,113,True
2023-05-15,KNI-004,107,0,34,34,0,73,360,45547.62,1.599,False,113,False
2023-05-22,KNI-004,73,351,30,30,0,394,0,245832.36,8.613,False,113,False
2023-05-29,KNI-004,394,0,53,53,0,341,0,212763.54,7.439,False,113,False
2023-06-05,KNI-004,341,0,33,33,0,308,0,192173.52,6.705,False,113,False
2023-06-12,KNI-004,308,0,45,45,0,263,0,164096.22,5.714,False,113,False
2023-06-19,KNI-004,263,0,47,47,0,216,0,134771.04,4.683,False,113,False
2023-06-26,KNI-004,216,0,26,26,0,190,0,118548.6,4.111,False,113,False
2023-07-03,KNI-004,190,0,24,24,0,166,0,103574.04,3.584,False,113,False
2023-07-10,KNI-004,166,0,41,41,0,125,0,77992.5,2.694,False,113,False
2023-07-17,KNI-004,125,0,29,29,0,96,372,59898.24,2.064,False,113,True
2023-07-24,KNI-004,96,0,31,31,0,65,372,40556.1,1.395,False,113,False
2023-07-31,KNI-004,65,365,35,35,0,395,0,246456.3,8.46,False,113,False
2023-08-07,KNI-004,395,0,36,36,0,359,0,223994.46,7.674,False,113,False
2023-08-14,KNI-004,359,0,24,24,0,335,0,209019.9,7.146,False,113,False
2023-08-21,KNI-004,335,0,30,30,0,305,0,190301.7,6.493,False,113,False
2023-08-28,KNI-004,305,0,55,55,0,250,0,155985.0,5.312,False,113,False
2023-09-04,KNI-004,250,0,36,36,0,214,0,133523.16,4.538,False,113,False
2023-09-11,KNI-004,214,0,58,58,0,156,0,97334.64,3.301,False,113,False
2023-09-18,KNI-004,156,0,42,42,0,114,0,71129.16,2.408,False,113,False
2023-09-25,KNI-004,114,0,48,48,0,66,408,41180.04,1.391,False,113,True
2023-10-02,KNI-004,66,0,46,46,0,20,408,12478.8,0.421,False,113,False
2023-10-09,KNI-004,20,405,61,61,0,364,0,227114.16,7.642,False,113,False
2023-10-16,KNI-004,364,0,53,53,0,311,0,194045.34,6.516,False,113,False
2023-10-23,KNI-004,311,0,63,63,0,248,0,154737.12,5.186,False,113,False
2023-10-30,KNI-004,248,0,60,60,0,188,0,117300.72,3.924,False,113,False
2023-11-06,KNI-004,188,0,73,73,0,115,0,71753.1,2.395,False,113,False
2023-11-13,KNI-004,115,0,63,63,0,52,420,32444.88,1.081,False,113,True
2023-11-20,KNI-004,52,0,99,52,47,0,420,0.0,0.0,True,113,False
2023-11-27,KNI-004,0,413,88,88,0,325,0,202780.5,6.73,False,113,False
2023-12-04,KNI-004,325,0,52,52,0,273,0,170335.62,5.642,False,113,False
2023-12-11,KNI-004,273,0,75,75,0,198,0,123540.12,4.084,False,113,False
2023-12-18,KNI-004,198,0,58,58,0,140,0,87351.6,2.882,False,113,False
2023-12-25,KNI-004,140,0,99,99,0,41,432,25581.54,0.842,False,113,True
2024-01-01,KNI-004,41,0,81,41,40,0,432,0.0,0.0,True,113,False
2024-01-08,KNI-004,0,427,75,75,0,352,0,219626.88,7.205,False,113,False
2024-01-15,KNI-004,352,0,90,90,0,262,0,163472.28,5.352,False,113,False
2024-01-22,KNI-004,262,0,63,63,0,199,0,124164.06,4.057,False,113,False
2024-01-29,KNI-004,199,0,68,68,0,131,0,81736.14,2.666,False,113,False
2024-02-05,KNI-004,131,0,47,47,0,84,384,52410.96,1.706,False,113,True
2024-02-12,KNI-004,84,0,49,49,0,35,384,21837.9,0.71,False,113,False
2024-02-19,KNI-004,35,380,48,48,0,367,0,228985.98,7.426,False,113,False
2024-02-26,KNI-004,367,0,49,49,0,318,0,198412.92,6.422,False,113,False
2024-03-04,KNI-004,318,0,60,60,0,258,0,160976.52,5.2,False,113,False
2024-03-11,KNI-004,258,0,58,58,0,200,0,124788.0,4.024,False,113,False
2024-03-18,KNI-004,200,0,37,37,0,163,0,101702.22,3.273,False,113,False
2024-03-25,KNI-004,163,0,44,44,0,119,0,74248.86,2.385,False,113,False
2024-04-01,KNI-004,119,0,46,46,0,73,396,45547.62,1.46,False,113,True
2024-04-08,KNI-004,73,0,19,19,0,54,396,33692.76,1.078,False,113,False
2024-04-15,KNI-004,54,387,46,46,0,395,0,246456.3,7.872,False,113,False
2024-04-22,KNI-004,395,0,57,57,0,338,0,210891.72,6.723,False,113,False
2024-04-29,KNI-004,338,0,68,68,0,270,0,168463.8,5.361,False,113,False
2024-05-06,KNI-004,270,0,44,44,0,226,0,141010.44,4.479,False,113,False
2024-05-13,KNI-004,226,0,44,44,0,182,0,113557.08,3.6,False,113,False
2024-05-20,KNI-004,182,0,50,50,0,132,0,82360.08,2.606,False,113,False
2024-05-27,KNI-004,132,0,43,43,0,89,384,55530.66,1.754,False,113,True
2024-06-03,KNI-004,89,0,33,33,0,56,384,34940.64,1.102,False,113,False
2024-06-10,KNI-004,56,382,47,47,0,391,0,243960.54,7.677,False,113,False
2024-06-17,KNI-004,391,0,34,34,0,357,0,222746.58,6.996,False,113,False
2024-06-24,KNI-004,357,0,32,32,0,325,0,202780.5,6.357,False,113,False
2024-07-01,KNI-004,325,0,43,43,0,282,0,175951.08,5.506,False,113,False
2024-07-08,KNI-004,282,0,34,34,0,248,0,154737.12,4.833,False,113,False
2024-07-15,KNI-004,248,0,47,47,0,201,0,125411.94,3.91,False,113,False
2024-07-22,KNI-004,201,0,35,35,0,166,0,103574.04,3.223,False,113,False
2024-07-29,KNI-004,166,0,42,42,0,124,0,77368.56,2.403,False,113,False
2024-08-05,KNI-004,124,0,40,40,0,84,384,52410.96,1.625,False,113,True
2024-08-12,KNI-004,84,0,30,30,0,54,384,33692.76,1.043,False,113,False
2024-08-19,KNI-004,54,377,24,24,0,407,0,253943.58,7.846,False,113,False
2024-08-26,KNI-004,407,0,45,45,0,362,0,225866.28,6.966,False,113,False
2024-09-02,KNI-004,362,0,44,44,0,318,0,198412.92,6.108,False,113,False
2024-09-09,KNI-004,318,0,51,51,0,267,0,166591.98,5.119,False,113,False
2024-09-16,KNI-004,267,0,49,49,0,218,0,136018.92,4.172,False,113,False
2024-09-23,KNI-004,218,0,51,51,0,167,0,104197.98,3.19,False,113,False
2024-09-30,KNI-004,167,0,67,67,0,100,372,62394.0,1.907,False,113,True
2024-10-07,KNI-004,100,0,63,63,0,37,372,23085.78,0.704,False,113,False
2024-10-14,KNI-004,37,369,83,83,0,323,0,201532.62,6.137,False,113,False
2024-10-21,KNI-004,323,0,45,45,0,278,0,173455.32,5.273,False,113,False
2024-10-28,KNI-004,278,0,60,60,0,218,0,136018.92,4.127,False,113,False
2024-11-04,KNI-004,218,0,74,74,0,144,0,89847.36,2.721,False,113,False
2024-11-11,KNI-004,144,0,67,67,0,77,396,48043.38,1.453,False,113,True
2024-11-18,KNI-004,77,0,113,77,36,0,396,0.0,0.0,True,113,False
2024-11-25,KNI-004,0,393,177,177,0,216,0,134771.04,4.06,False,113,False
2024-12-02,KNI-004,216,0,77,77,0,139,0,86727.66,2.608,False,113,False
2024-12-09,KNI-004,139,0,92,92,0,47,420,29325.18,0.88,False,113,True
2024-12-16,KNI-004,47,0,121,47,74,0,420,0.0,0.0,True,113,False
2024-12-23,KNI-004,0,419,109,109,0,310,0,193421.4,5.787,False,113,False
2024-12-30,KNI-004,310,0,55,55,0,255,0,159104.7,4.752,False,113,False
2025-01-06,KNI-004,255,0,91,91,0,164,0,102326.16,3.051,False,113,False
2025-01-13,KNI-004,164,0,82,82,0,82,384,51163.08,1.523,False,113,True
2025-01-20,KNI-004,82,0,87,82,5,0,384,0.0,0.0,True,113,False
2025-01-27,KNI-004,0,379,72,72,0,307,0,191549.58,5.681,False,113,False
2025-02-03,KNI-004,307,0,88,88,0,219,0,136642.86,4.045,False,113,False
2025-02-10,KNI-004,219,0,61,61,0,158,0,98582.52,2.913,False,113,False
2025-02-17,KNI-004,158,0,59,59,0,99,372,61770.06,1.822,False,113,True
2025-02-24,KNI-004,99,0,53,53,0,46,372,28701.24,0.845,False,113,False
2025-03-03,KNI-004,46,363,91,91,0,318,0,198412.92,5.833,False,113,False
2025-03-10,KNI-004,318,0,74,74,0,244,0,152241.36,4.468,False,113,False
2025-03-17,KNI-004,244,0,75,75,0,169,0,105445.86,3.089,False,113,False
2025-03-24,KNI-004,169,0,50,50,0,119,0,74248.86,2.172,False,113,False
2025-03-31,KNI-004,119,0,54,54,0,65,408,40556.1,1.184,False,113,True
2025-04-07,KNI-004,65,0,48,48,0,17,408,10606.98,0.309,False,113,False
2025-04-14,KNI-004,17,398,44,44,0,371,0,231481.74,6.735,False,113,False
2025-04-21,KNI-004,371,0,45,45,0,326,0,203404.44,5.908,False,113,False
2025-04-28,KNI-004,326,0,39,39,0,287,0,179070.78,5.193,False,113,False
2025-05-05,KNI-004,287,0,38,38,0,249,0,155361.06,4.497,False,113,False
2025-05-12,KNI-004,249,0,38,38,0,211,0,131651.34,3.805,False,113,False
2025-05-19,KNI-004,211,0,49,49,0,162,0,101078.28,2.916,False,113,False
2025-05-26,KNI-004,162,0,36,36,0,126,0,78616.44,2.264,False,113,False
2025-06-02,KNI-004,126,0,53,53,0,73,396,45547.62,1.31,False,113,True
2025-06-09,KNI-004,73,0,36,36,0,37,396,23085.78,0.663,False,113,False
2025-06-16,KNI-004,37,389,39,39,0,387,0,241464.78,6.919,False,113,False
2025-06-23,KNI-004,387,0,41,41,0,346,0,215883.24,6.176,False,113,False
2025-06-30,KNI-004,346,0,46,46,0,300,0,187182.0,5.346,False,113,False
2025-07-07,KNI-004,300,0,25,25,0,275,0,171583.5,4.892,False,113,False
2025-07-14,KNI-004,275,0,36,36,0,239,0,149121.66,4.245,False,113,False
2025-07-21,KNI-004,239,0,49,49,0,190,0,118548.6,3.369,False,113,False
2025-07-28,KNI-004,190,0,36,36,0,154,0,96086.76,2.726,False,113,False
2025-08-04,KNI-004,154,0,46,46,0,108,360,67385.52,1.908,False,113,True
2025-08-11,KNI-004,108,0,46,46,0,62,360,38684.28,1.094,False,113,False
2025-08-18,KNI-004,62,358,33,33,0,387,0,241464.78,6.816,False,113,False
2025-08-25,KNI-004,387,0,45,45,0,342,0,213387.48,6.013,False,113,False
2025-09-01,KNI-004,342,0,38,38,0,304,0,189677.76,5.336,False,113,False
2025-09-08,KNI-004,304,0,64,64,0,240,0,149745.6,4.206,False,113,False
2025-09-15,KNI-004,240,0,66,66,0,174,0,108565.56,3.044,False,113,False
2025-09-22,KNI-004,174,0,89,89,0,85,384,53034.9,1.485,False,113,True
2025-09-29,KNI-004,85,0,36,36,0,49,384,30573.06,0.854,False,113,False
2025-10-06,KNI-004,49,376,57,57,0,368,0,229609.92,6.407,False,113,False
2025-10-13,KNI-004,368,0,65,65,0,303,0,189053.82,5.267,False,113,False
2025-10-20,KNI-004,303,0,59,59,0,244,0,152241.36,4.234,False,113,False
2025-10-27,KNI-004,244,0,51,51,0,193,0,120420.42,3.344,False,113,False
2025-11-03,KNI-004,193,0,96,96,0,97,372,60522.18,1.678,False,113,True
2025-11-10,KNI-004,97,0,65,65,0,32,372,19966.08,0.553,False,113,False
2025-11-17,KNI-004,32,372,155,155,0,249,0,155361.06,4.293,False,113,False
2025-11-24,KNI-004,249,0,166,166,0,83,384,51787.02,1.429,False,113,True
2025-12-01,KNI-004,83,0,92,83,9,0,384,0.0,0.0,True,113,False
2025-12-08,KNI-004,0,0,99,0,99,0,384,0.0,0.0,True,113,False
2025-12-15,KNI-004,0,373,103,103,0,270,0,168463.8,4.625,False,113,False
2025-12-22,KNI-004,270,0,111,111,0,159,0,99206.46,2.719,False,113,False
2025-12-29,KNI-004,159,0,91,91,0,68,396,42427.92,1.161,False,113,True
2023-01-02,KNI-005,592,0,75,75,0,517,0,201661.02,10.074,False,190,False
2023-01-09,KNI-005,517,0,83,83,0,434,0,169286.04,8.439,False,190,False
2023-01-16,KNI-005,434,0,104,104,0,330,0,128719.8,6.403,False,190,False
2023-01-23,KNI-005,330,0,61,61,0,269,0,104926.14,5.208,False,190,False
2023-01-30,KNI-005,269,0,80,80,0,189,412,73721.34,3.651,False,190,True
2023-02-06,KNI-005,189,0,69,69,0,120,412,46807.2,2.313,False,190,False
2023-02-13,KNI-005,120,0,79,79,0,41,412,15992.46,0.789,False,190,False
2023-02-20,KNI-005,41,404,55,55,0,390,0,152123.4,7.487,False,190,False
2023-02-27,KNI-005,390,0,61,61,0,329,0,128329.74,6.302,False,190,False
2023-03-06,KNI-005,329,0,62,62,0,267,0,104146.02,5.104,False,190,False
2023-03-13,KNI-005,267,0,70,70,0,197,0,76841.82,3.758,False,190,False
2023-03-20,KNI-005,197,0,56,56,0,141,460,54998.46,2.684,False,190,True
2023-03-27,KNI-005,141,0,46,46,0,95,460,37055.7,1.805,False,190,False
2023-04-03,KNI-005,95,0,50,50,0,45,460,17552.7,0.853,False,190,False
2023-04-10,KNI-005,45,450,48,48,0,447,0,174356.82,8.456,False,190,False
2023-04-17,KNI-005,447,0,58,58,0,389,0,151733.34,7.343,False,190,False
2023-04-24,KNI-005,389,0,68,68,0,321,0,125209.26,6.047,False,190,False
2023-05-01,KNI-005,321,0,40,40,0,281,0,109606.86,5.282,False,190,False
2023-05-08,KNI-005,281,0,47,47,0,234,0,91274.04,4.39,False,190,False
2023-05-15,KNI-005,234,0,37,37,0,197,0,76841.82,3.688,False,190,False
2023-05-22,KNI-005,197,0,45,45,0,152,448,59289.12,2.84,False,190,True
2023-05-29,KNI-005,152,0,45,45,0,107,448,41736.42,1.995,False,190,False
2023-06-05,KNI-005,107,0,39,39,0,68,448,26524.08,1.265,False,190,False
2023-06-12,KNI-005,68,437,42,42,0,463,0,180597.78,8.597,False,190,False
2023-06-19,KNI-005,463,0,40,40,0,423,0,164995.38,7.838,False,190,False
2023-06-26,KNI-005,423,0,40,40,0,383,0,149392.98,7.082,False,190,False
2023-07-03,KNI-005,383,0,48,48,0,335,0,130670.1,6.182,False,190,False
2023-07-10,KNI-005,335,0,40,40,0,295,0,115067.7,5.433,False,190,False
2023-07-17,KNI-005,295,0,34,34,0,261,0,101805.66,4.797,False,190,False
2023-07-24,KNI-005,261,0,43,43,0,218,0,85033.08,3.999,False,190,False
2023-07-31,KNI-005,218,0,26,26,0,192,0,74891.52,3.515,False,190,False
2023-08-07,KNI-005,192,0,39,39,0,153,448,59679.18,2.795,False,190,True
2023-08-14,KNI-005,153,0,49,49,0,104,448,40566.24,1.896,False,190,False
2023-08-21,KNI-005,104,0,43,43,0,61,448,23793.66,1.11,False,190,False
2023-08-28,KNI-005,61,436,48,48,0,449,0,175136.94,8.153,False,190,False
2023-09-04,KNI-005,449,0,48,48,0,401,0,156414.06,7.267,False,190,False
2023-09-11,KNI-005,401,0,46,46,0,355,0,138471.3,6.42,False,190,False
2023-09-18,KNI-005,355,0,51,51,0,304,0,118578.24,5.487,False,190,False
2023-09-25,KNI-005,304,0,83,83,0,221,0,86203.26,3.981,False,190,False
2023-10-02,KNI-005,221,0,56,56,0,165,436,64359.9,2.966,False,190,True
2023-10-09,KNI-005,165,0,73,73,0,92,436,35885.52,1.651,False,190,False
2023-10-16,KNI-005,92,0,52,52,0,40,436,15602.4,0.716,False,190,False
2023-10-23,KNI-005,40,432,56,56,0,416,0,162264.96,7.435,False,190,False
2023-10-30,KNI-005,416,0,65,65,0,351,0,136911.06,6.261,False,190,False
2023-11-06,KNI-005,351,0,91,91,0,260,0,101415.6,4.628,False,190,False
2023-11-13,KNI-005,260,0,52,52,0,208,0,81132.48,3.695,False,190,False
2023-11-20,KNI-005,208,0,127,127,0,81,520,31594.86,1.436,False,190,True
2023-11-27,KNI-005,81,0,151,81,70,0,520,0.0,0.0,True,190,False
2023-12-04,KNI-005,0,0,94,0,94,0,520,0.0,0.0,True,190,False
2023-12-11,KNI-005,0,517,75,75,0,442,0,172406.52,7.792,False,190,False
2023-12-18,KNI-005,442,0,87,87,0,355,0,138471.3,6.246,False,190,False
2023-12-25,KNI-005,355,0,111,111,0,244,0,95174.64,4.285,False,190,False
2024-01-01,KNI-005,244,0,76,76,0,168,432,65530.08,2.944,False,190,True
2024-01-08,KNI-005,168,0,113,113,0,55,432,21453.3,0.962,False,190,False
2024-01-15,KNI-005,55,0,110,55,55,0,432,0.0,0.0,True,190,False
2024-01-22,KNI-005,0,419,80,80,0,339,0,132230.34,5.907,False,190,False
2024-01-29,KNI-005,339,0,84,84,0,255,0,99465.3,4.435,False,190,False
2024-02-05,KNI-005,255,0,68,68,0,187,416,72941.22,3.246,False,190,True
2024-02-12,KNI-005,187,0,68,68,0,119,416,46417.14,2.062,False,190,False
2024-02-19,KNI-005,119,0,73,73,0,46,416,17942.76,0.795,False,190,False
2024-02-26,KNI-005,46,412,54,54,0,404,0,157584.24,6.973,False,190,False
2024-03-04,KNI-005,404,0,69,69,0,335,0,130670.1,5.771,False,190,False
2024-03-11,KNI-005,335,0,53,53,0,282,0,109996.92,4.849,False,190,False
2024-03-18,KNI-005,282,0,85,85,0,197,0,76841.82,3.381,False,190,False
2024-03-25,KNI-005,197,0,46,46,0,151,452,58899.06,2.586,False,190,True
2024-04-01,KNI-005,151,0,58,58,0,93,452,36275.58,1.59,False,190,False
2024-04-08,KNI-005,93,0,49,49,0,44,452,17162.64,0.751,False,190,False
2024-04-15,KNI-005,44,444,53,53,0,435,0,169676.1,7.409,False,190,False
2024-04-22,KNI-005,435,0,48,48,0,387,0,150953.22,6.579,False,190,False
2024-04-29,KNI-005,387,0,50,50,0,337,0,131450.22,5.718,False,190,False
2024-05-06,KNI-005,337,0,73,73,0,264,0,102975.84,4.471,False,190,False
2024-05-13,KNI-005,264,0,60,60,0,204,0,79572.24,3.449,False,190,False
2024-05-20,KNI-005,204,0,56,56,0,148,452,57728.88,2.497,False,190,True
2024-05-27,KNI-005,148,0,36,36,0,112,452,43686.72,1.886,False,190,False
2024-06-03,KNI-005,112,0,46,46,0,66,452,25743.96,1.11,False,190,False
2024-06-10,KNI-005,66,439,43,43,0,462,0,180207.72,7.752,False,190,False
2024-06-17,KNI-005,462,0,37,37,0,425,0,165775.5,7.118,False,190,False
2024-06-24,KNI-005,425,0,43,43,0,382,0,149002.92,6.386,False,190,False
2024-07-01,KNI-005,382,0,48,48,0,334,0,130280.04,5.574,False,190,False
2024-07-08,KNI-005,334,0,39,39,0,295,0,115067.7,4.914,False,190,False
2024-07-15,KNI-005,295,0,20,20,0,275,0,107266.5,4.572,False,190,False
2024-07-22,KNI-005,275,0,45,45,0,230,0,89713.8,3.817,False,190,False
2024-07-29,KNI-005,230,0,38,38,0,192,0,74891.52,3.181,False,190,False
2024-08-05,KNI-005,192,0,44,44,0,148,452,57728.88,2.447,False,190,True
2024-08-12,KNI-005,148,0,40,40,0,108,452,42126.48,1.783,False,190,False
2024-08-19,KNI-005,108,0,61,61,0,47,452,18332.82,0.774,False,190,False
2024-08-26,KNI-005,47,442,44,44,0,445,0,173576.7,7.318,False,190,False
2024-09-02,KNI-005,445,0,63,63,0,382,0,149002.92,6.271,False,190,False
2024-09-09,KNI-005,382,0,69,69,0,313,0,122088.78,5.129,False,190,False
2024-09-16,KNI-005,313,0,65,65,0,248,0,96734.88,4.056,False,190,False
2024-09-23,KNI-005,248,0,65,65,0,183,420,71380.98,2.988,False,190,True
2024-09-30,KNI-005,183,0,62,62,0,121,420,47197.26,1.972,False,190,False
2024-10-07,KNI-005,121,0,45,45,0,76,420,29644.56,1.236,False,190,False
2024-10-14,KNI-005,76,407,87,87,0,396,0,154463.76,6.431,False,190,False
2024-10-21,KNI-005,396,0,64,64,0,332,0,129499.92,5.382,False,190,False
2024-10-28,KNI-005,332,0,93,93,0,239,0,93224.34,3.867,False,190,False
2024-11-04,KNI-005,239,0,85,85,0,154,448,60069.24,2.487,False,190,True
2024-11-11,KNI-005,154,0,63,63,0,91,448,35495.46,1.467,False,190,False
2024-11-18,KNI-005,91,0,149,91,58,0,448,0.0,0.0,True,190,False
2024-11-25,KNI-005,0,447,132,132,0,315,0,122868.9,5.061,False,190,False
2024-12-02,KNI-005,315,0,72,72,0,243,0,94784.58,3.897,False,190,False
2024-12-09,KNI-005,243,0,115,115,0,128,472,49927.68,2.049,False,190,True
2024-12-16,KNI-005,128,0,70,70,0,58,472,22623.48,0.927,False,190,False
2024-12-23,KNI-005,58,0,121,58,63,0,472,0.0,0.0,True,190,False
2024-12-30,KNI-005,0,469,118,118,0,351,0,136911.06,5.59,False,190,False
2025-01-06,KNI-005,351,0,90,90,0,261,0,101805.66,4.149,False,190,False
2025-01-13,KNI-005,261,0,111,111,0,150,452,58509.0,2.38,False,190,True
2025-01-20,KNI-005,150,0,107,107,0,43,452,16772.58,0.681,False,190,False
2025-01-27,KNI-005,43,0,72,43,29,0,452,0.0,0.0,True,190,False
2025-02-03,KNI-005,0,0,73,0,73,0,452,0.0,0.0,True,190,False
2025-02-10,KNI-005,0,442,76,76,0,366,0,142761.96,5.768,False,190,False
2025-02-17,KNI-005,366,0,81,81,0,285,0,111167.1,4.483,False,190,False
2025-02-24,KNI-005,285,0,73,73,0,212,0,82692.72,3.329,False,190,False
2025-03-03,KNI-005,212,0,100,100,0,112,488,43686.72,1.756,False,190,True
2025-03-10,KNI-005,112,0,60,60,0,52,488,20283.12,0.814,False,190,False
2025-03-17,KNI-005,52,0,71,52,19,0,488,0.0,0.0,True,190,False
2025-03-24,KNI-005,0,486,60,60,0,426,0,166165.56,6.644,False,190,False
2025-03-31,KNI-005,426,0,83,83,0,343,0,133790.58,5.34,False,190,False
2025-04-07,KNI-005,343,0,53,53,0,290,0,113117.4,4.507,False,190,False
2025-04-14,KNI-005,290,0,67,67,0,223,0,86983.38,3.46,False,190,False
2025-04-21,KNI-005,223,0,63,63,0,160,440,62409.6,2.478,False,190,True
2025-04-28,KNI-005,160,0,51,51,0,109,440,42516.54,1.685,False,190,False
2025-05-05,KNI-005,109,0,36,36,0,73,440,28474.38,1.127,False,190,False
2025-05-12,KNI-005,73,437,38,38,0,472,0,184108.32,7.274,False,190,False
2025-05-19,KNI-005,472,0,37,37,0,435,0,169676.1,6.692,False,190,False
2025-05-26,KNI-005,435,0,38,38,0,397,0,154853.82,6.097,False,190,False
2025-06-02,KNI-005,397,0,45,45,0,352,0,137301.12,5.397,False,190,False
2025-06-09,KNI-005,352,0,74,74,0,278,0,108436.68,4.255,False,190,False
2025-06-16,KNI-005,278,0,36,36,0,242,0,94394.52,3.698,False,190,False
2025-06-23,KNI-005,242,0,43,43,0,199,0,77621.94,3.036,False,190,False
2025-06-30,KNI-005,199,0,45,45,0,154,448,60069.24,2.345,False,190,True
2025-07-07,KNI-005,154,0,31,31,0,123,448,47977.38,1.87,False,190,False
2025-07-14,KNI-005,123,0,44,44,0,79,448,30814.74,1.199,False,190,False
2025-07-21,KNI-005,79,439,63,63,0,455,0,177477.3,6.894,False,190,False
2025-07-28,KNI-005,455,0,35,35,0,420,0,163825.2,6.354,False,190,False
2025-08-04,KNI-005,420,0,34,34,0,386,0,150563.16,5.829,False,190,False
2025-08-11,KNI-005,386,0,44,44,0,342,0,133400.52,5.156,False,190,False
2025-08-18,KNI-005,342,0,69,69,0,273,0,106486.38,4.109,False,190,False
2025-08-25,KNI-005,273,0,52,52,0,221,0,86203.26,3.321,False,190,False
2025-09-01,KNI-005,221,0,44,44,0,177,424,69040.62,2.655,False,190,True
2025-09-08,KNI-005,177,0,74,74,0,103,424,40176.18,1.543,False,190,False
2025-09-15,KNI-005,103,0,66,66,0,37,424,14432.22,0.553,False,190,False
2025-09-22,KNI-005,37,417,73,73,0,381,0,148612.86,5.688,False,190,False
2025-09-29,KNI-005,381,0,63,63,0,318,0,124039.08,4.739,False,190,False
2025-10-06,KNI-005,318,0,75,75,0,243,0,94784.58,3.616,False,190,False
2025-10-13,KNI-005,243,0,60,60,0,183,420,71380.98,2.718,False,190,True
2025-10-20,KNI-005,183,0,61,61,0,122,420,47587.32,1.809,False,190,False
2025-10-27,KNI-005,122,0,56,56,0,66,420,25743.96,0.977,False,190,False
2025-11-03,KNI-005,66,415,131,131,0,350,0,136521.0,5.174,False,190,False
2025-11-10,KNI-005,350,0,82,82,0,268,0,104536.08,3.955,False,190,False
2025-11-17,KNI-005,268,0,125,125,0,143,460,55778.58,2.107,False,190,True
2025-11-24,KNI-005,143,0,187,143,44,0,460,0.0,0.0,True,190,False
2025-12-01,KNI-005,0,0,131,0,131,0,460,0.0,0.0,True,190,False
2025-12-08,KNI-005,0,453,96,96,0,357,0,139251.42,5.234,False,190,False
2025-12-15,KNI-005,357,0,134,134,0,223,0,86983.38,3.264,False,190,False
2025-12-22,KNI-005,223,0,108,108,0,115,488,44856.9,1.681,False,190,True
2025-12-29,KNI-005,115,483,74,74,0,524,0,204391.44,7.646,False,190,False
2023-01-02,KNI-006,340,0,56,56,0,284,0,131403.96,8.246,False,89,False
2023-01-09,KNI-006,284,0,53,53,0,231,0,106881.39,6.693,False,89,False
2023-01-16,KNI-006,231,0,66,66,0,165,0,76343.85,4.77,False,89,False
2023-01-23,KNI-006,165,0,23,23,0,142,0,65701.98,4.097,False,89,False
2023-01-30,KNI-006,142,0,39,39,0,103,0,47657.07,2.965,False,89,False
2023-02-06,KNI-006,103,0,46,46,0,57,310,26373.33,1.637,False,89,True
2023-02-13,KNI-006,57,0,51,51,0,6,310,2776.14,0.172,False,89,False
2023-02-20,KNI-006,6,308,46,46,0,268,0,124000.92,7.666,False,89,False
2023-02-27,KNI-006,268,0,41,41,0,227,0,105030.63,6.48,False,89,False
2023-03-06,KNI-006,227,0,46,46,0,181,0,83746.89,5.156,False,89,False
2023-03-13,KNI-006,181,0,38,38,0,143,0,66164.67,4.065,False,89,False
2023-03-20,KNI-006,143,0,37,37,0,106,0,49045.14,3.007,False,89,False
2023-03-27,KNI-006,106,0,46,46,0,60,310,27761.4,1.698,False,89,True
2023-04-03,KNI-006,60,0,37,37,0,23,310,10641.87,0.65,False,89,False
2023-04-10,KNI-006,23,302,51,51,0,274,0,126777.06,7.723,False,89,False
2023-04-17,KNI-006,274,0,31,31,0,243,0,112433.67,6.835,False,89,False
2023-04-24,KNI-006,243,0,40,40,0,203,0,93926.07,5.698,False,89,False
2023-05-01,KNI-006,203,0,46,46,0,157,0,72642.33,4.398,False,89,False
2023-05-08,KNI-006,157,0,39,39,0,118,0,54597.42,3.299,False,89,False
2023-05-15,KNI-006,118,0,23,23,0,95,0,43955.55,2.65,False,89,False
2023-05-22,KNI-006,95,0,23,23,0,72,310,33313.68,2.004,False,89,True
2023-05-29,KNI-006,72,0,24,24,0,48,310,22209.12,1.334,False,89,False
2023-06-05,KNI-006,48,309,25,25,0,332,0,153613.08,9.205,False,89,False
2023-06-12,KNI-006,332,0,32,32,0,300,0,138807.0,8.3,False,89,False
2023-06-19,KNI-006,300,0,25,25,0,275,0,127239.75,7.593,False,89,False
2023-06-26,KNI-006,275,0,28,28,0,247,0,114284.43,6.806,False,89,False
2023-07-03,KNI-006,247,0,25,25,0,222,0,102717.18,6.105,False,89,False
2023-07-10,KNI-006,222,0,33,33,0,189,0,87448.41,5.187,False,89,False
2023-07-17,KNI-006,189,0,23,23,0,166,0,76806.54,4.546,False,89,False
2023-07-24,KNI-006,166,0,33,33,0,133,0,61537.77,3.635,False,89,False
2023-07-31,KNI-006,133,0,26,26,0,107,0,49507.83,2.919,False,89,False
2023-08-07,KNI-006,107,0,30,30,0,77,310,35627.13,2.096,False,89,True
2023-08-14,KNI-006,77,0,20,20,0,57,310,26373.33,1.549,False,89,False
2023-08-21,KNI-006,57,303,24,24,0,336,0,155463.84,9.11,False,89,False
2023-08-28,KNI-006,336,0,26,26,0,310,0,143433.9,8.388,False,89,False
2023-09-04,KNI-006,310,0,34,34,0,276,0,127702.44,7.453,False,89,False
2023-09-11,KNI-006,276,0,45,45,0,231,0,106881.39,6.225,False,89,False
2023-09-18,KNI-006,231,0,34,34,0,197,0,91149.93,5.299,False,89,False
2023-09-25,KNI-006,197,0,49,49,0,148,0,68478.12,3.973,False,89,False
2023-10-02,KNI-006,148,0,26,26,0,122,0,56448.18,3.268,False,89,False
2023-10-09,KNI-006,122,0,49,49,0,73,310,33776.37,1.952,False,89,True
2023-10-16,KNI-006,73,0,36,36,0,37,310,17119.53,0.987,False,89,False
2023-10-23,KNI-006,37,303,47,47,0,293,0,135568.17,7.803,False,89,False
2023-10-30,KNI-006,293,0,51,51,0,242,0,111970.98,6.432,False,89,False
2023-11-06,KNI-006,242,0,61,61,0,181,0,83746.89,4.801,False,89,False
2023-11-13,KNI-006,181,0,52,52,0,129,0,59687.01,3.415,False,89,False
2023-11-20,KNI-006,129,0,87,87,0,42,330,19432.98,1.11,False,89,True
2023-11-27,KNI-006,42,0,99,42,57,0,330,0.0,0.0,True,89,False
2023-12-04,KNI-006,0,324,40,40,0,284,0,131403.96,7.475,False,89,False
2023-12-11,KNI-006,284,0,73,73,0,211,0,97627.59,5.543,False,89,False
2023-12-18,KNI-006,211,0,65,65,0,146,0,67552.74,3.828,False,89,False
2023-12-25,KNI-006,146,0,85,85,0,61,310,28224.09,1.596,False,89,True
2024-01-01,KNI-006,61,0,45,45,0,16,310,7403.04,0.418,False,89,False
2024-01-08,KNI-006,16,307,63,63,0,260,0,120299.4,6.777,False,89,False
2024-01-15,KNI-006,260,0,54,54,0,206,0,95314.14,5.359,False,89,False
2024-01-22,KNI-006,206,0,58,58,0,148,0,68478.12,3.843,False,89,False
2024-01-29,KNI-006,148,0,50,50,0,98,0,45343.62,2.54,False,89,False
2024-02-05,KNI-006,98,0,59,59,0,39,330,18044.91,1.009,False,89,True
2024-02-12,KNI-006,39,0,39,39,0,0,330,0.0,0.0,False,89,False
2024-02-19,KNI-006,0,322,59,59,0,263,0,121687.47,6.777,False,89,False
2024-02-26,KNI-006,263,0,47,47,0,216,0,99941.04,5.555,False,89,False
2024-03-04,KNI-006,216,0,63,63,0,153,0,70791.57,3.927,False,89,False
2024-03-11,KNI-006,153,0,67,67,0,86,310,39791.34,2.203,False,89,True
2024-03-18,KNI-006,86,0,51,51,0,35,310,16194.15,0.895,False,89,False
2024-03-25,KNI-006,35,302,42,42,0,295,0,136493.55,7.53,False,89,False
2024-04-01,KNI-006,295,0,33,33,0,262,0,121224.78,6.675,False,89,False
2024-04-08,KNI-006,262,0,34,34,0,228,0,105493.32,5.798,False,89,False
2024-04-15,KNI-006,228,0,37,37,0,191,0,88373.79,4.848,False,89,False
2024-04-22,KNI-006,191,0,50,50,0,141,0,65239.29,3.572,False,89,False
2024-04-29,KNI-006,141,0,27,27,0,114,0,52746.66,2.882,False,89,False
2024-05-06,KNI-006,114,0,25,25,0,89,310,41179.41,2.246,False,89,True
2024-05-13,KNI-006,89,0,22,22,0,67,310,31000.23,1.688,False,89,False
2024-05-20,KNI-006,67,302,27,27,0,342,0,158239.98,8.599,False,89,False
2024-05-27,KNI-006,342,0,31,31,0,311,0,143896.59,7.805,False,89,False
2024-06-03,KNI-006,311,0,34,34,0,277,0,128165.13,6.939,False,89,False
2024-06-10,KNI-006,277,0,36,36,0,241,0,111508.29,6.026,False,89,False
2024-06-17,KNI-006,241,0,17,17,0,224,0,103642.56,5.591,False,89,False
2024-06-24,KNI-006,224,0,19,19,0,205,0,94851.45,5.107,False,89,False
2024-07-01,KNI-006,205,0,30,30,0,175,0,80970.75,4.352,False,89,False
2024-07-08,KNI-006,175,0,21,21,0,154,0,71254.26,3.822,False,89,False
2024-07-15,KNI-006,154,0,39,39,0,115,0,53209.35,2.849,False,89,False
2024-07-22,KNI-006,115,0,41,41,0,74,310,34239.06,1.83,False,89,True
2024-07-29,KNI-006,74,0,21,21,0,53,310,24522.57,1.308,False,89,False
2024-08-05,KNI-006,53,307,21,21,0,339,0,156851.91,8.353,False,89,False
2024-08-12,KNI-006,339,0,34,34,0,305,0,141120.45,7.501,False,89,False
2024-08-19,KNI-006,305,0,33,33,0,272,0,125851.68,6.677,False,89,False
2024-08-26,KNI-006,272,0,40,40,0,232,0,107344.08,5.685,False,89,False
2024-09-02,KNI-006,232,0,44,44,0,188,0,86985.72,4.599,False,89,False
2024-09-09,KNI-006,188,0,39,39,0,149,0,68940.81,3.638,False,89,False
2024-09-16,KNI-006,149,0,37,37,0,112,0,51821.28,2.73,False,89,False
2024-09-23,KNI-006,112,0,39,39,0,73,310,33776.37,1.776,False,89,True
2024-09-30,KNI-006,73,0,27,27,0,46,310,21283.74,1.117,False,89,False
2024-10-07,KNI-006,46,307,52,52,0,301,0,139269.69,7.297,False,89,False
2024-10-14,KNI-006,301,0,42,42,0,259,0,119836.71,6.267,False,89,False
2024-10-21,KNI-006,259,0,47,47,0,212,0,98090.28,5.121,False,89,False
2024-10-28,KNI-006,212,0,62,62,0,150,0,69403.5,3.617,False,89,False
2024-11-04,KNI-006,150,0,70,70,0,80,310,37015.2,1.925,False,89,True
2024-11-11,KNI-006,80,0,50,50,0,30,310,13880.7,0.721,False,89,False
2024-11-18,KNI-006,30,302,135,135,0,197,0,91149.93,4.725,False,89,False
2024-11-25,KNI-006,197,0,76,76,0,121,0,55985.49,2.897,False,89,False
2024-12-02,KNI-006,121,0,44,44,0,77,310,35627.13,1.84,False,89,True
2024-12-09,KNI-006,77,0,66,66,0,11,310,5089.59,0.262,False,89,False
2024-12-16,KNI-006,11,304,81,81,0,234,0,108269.46,5.572,False,89,False
2024-12-23,KNI-006,234,0,86,86,0,148,0,68478.12,3.518,False,89,False
2024-12-30,KNI-006,148,0,46,46,0,102,0,47194.38,2.42,False,89,False
2025-01-06,KNI-006,102,0,67,67,0,35,330,16194.15,0.829,False,89,True
2025-01-13,KNI-006,35,0,83,35,48,0,330,0.0,0.0,True,89,False
2025-01-20,KNI-006,0,322,53,53,0,269,0,124463.61,6.35,False,89,False
2025-01-27,KNI-006,269,0,50,50,0,219,0,101329.11,5.161,False,89,False
2025-02-03,KNI-006,219,0,48,48,0,171,0,79119.99,4.022,False,89,False
2025-02-10,KNI-006,171,0,40,40,0,131,0,60612.39,3.076,False,89,False
2025-02-17,KNI-006,131,0,45,45,0,86,310,39791.34,2.016,False,89,True
2025-02-24,KNI-006,86,0,51,51,0,35,310,16194.15,0.819,False,89,False
2025-03-03,KNI-006,35,310,75,75,0,270,0,124926.3,6.307,False,89,False
2025-03-10,KNI-006,270,0,54,54,0,216,0,99941.04,5.037,False,89,False
2025-03-17,KNI-006,216,0,47,47,0,169,0,78194.61,3.934,False,89,False
2025-03-24,KNI-006,169,0,34,34,0,135,0,62463.15,3.137,False,89,False
2025-03-31,KNI-006,135,0,44,44,0,91,0,42104.79,2.111,False,89,False
2025-04-07,KNI-006,91,0,39,39,0,52,320,24059.88,1.204,False,89,True
2025-04-14,KNI-006,52,0,43,43,0,9,320,4164.21,0.208,False,89,False
2025-04-21,KNI-006,9,319,52,52,0,276,0,127702.44,6.37,False,89,False
2025-04-28,KNI-006,276,0,30,30,0,246,0,113821.74,5.668,False,89,False
2025-05-05,KNI-006,246,0,21,21,0,225,0,104105.25,5.176,False,89,False
2025-05-12,KNI-006,225,0,24,24,0,201,0,93000.69,4.616,False,89,False
2025-05-19,KNI-006,201,0,31,31,0,170,0,78657.3,3.897,False,89,False
2025-05-26,KNI-006,170,0,17,17,0,153,0,70791.57,3.501,False,89,False
2025-06-02,KNI-006,153,0,28,28,0,125,0,57836.25,2.856,False,89,False
2025-06-09,KNI-006,125,0,32,32,0,93,0,43030.17,2.121,False,89,False
2025-06-16,KNI-006,93,0,30,30,0,63,310,29149.47,1.434,False,89,True
2025-06-23,KNI-006,63,0,19,19,0,44,310,20358.36,1.0,False,89,False
2025-06-30,KNI-006,44,304,33,33,0,315,0,145747.35,7.148,False,89,False
2025-07-07,KNI-006,315,0,30,30,0,285,0,131866.65,6.457,False,89,False
2025-07-14,KNI-006,285,0,25,25,0,260,0,120299.4,5.88,False,89,False
2025-07-21,KNI-006,260,0,51,51,0,209,0,96702.21,4.719,False,89,False
2025-07-28,KNI-006,209,0,31,31,0,178,0,82358.82,4.012,False,89,False
2025-08-04,KNI-006,178,0,25,25,0,153,0,70791.57,3.443,False,89,False
2025-08-11,KNI-006,153,0,30,30,0,123,0,56910.87,2.763,False,89,False
2025-08-18,KNI-006,123,0,29,29,0,94,0,43492.86,2.108,False,89,False
2025-08-25,KNI-006,94,0,36,36,0,58,310,26836.02,1.299,False,89,True
2025-09-01,KNI-006,58,0,44,44,0,14,310,6477.66,0.313,False,89,False
2025-09-08,KNI-006,14,306,39,39,0,281,0,130015.89,6.271,False,89,False
2025-09-15,KNI-006,281,0,59,59,0,222,0,102717.18,4.946,False,89,False
2025-09-22,KNI-006,222,0,49,49,0,173,0,80045.37,3.848,False,89,False
2025-09-29,KNI-006,173,0,55,55,0,118,0,54597.42,2.621,False,89,False
2025-10-06,KNI-006,118,0,51,51,0,67,310,31000.23,1.486,False,89,True
2025-10-13,KNI-006,67,0,45,45,0,22,310,10179.18,0.487,False,89,False
2025-10-20,KNI-006,22,306,42,42,0,286,0,132329.34,6.32,False,89,False
2025-10-27,KNI-006,286,0,52,52,0,234,0,108269.46,5.163,False,89,False
2025-11-03,KNI-006,234,0,76,76,0,158,0,73105.02,3.48,False,89,False
2025-11-10,KNI-006,158,0,71,71,0,87,310,40254.03,1.913,False,89,True
2025-11-17,KNI-006,87,307,101,101,0,293,0,135568.17,6.433,False,89,False
2025-11-24,KNI-006,293,0,102,102,0,191,0,88373.79,4.187,False,89,False
2025-12-01,KNI-006,191,0,54,54,0,137,0,63388.53,2.998,False,89,False
2025-12-08,KNI-006,137,0,66,66,0,71,310,32850.99,1.551,False,89,True
2025-12-15,KNI-006,71,0,73,71,2,0,310,0.0,0.0,True,89,False
2025-12-22,KNI-006,0,304,54,54,0,250,0,115672.5,5.445,False,89,False
2025-12-29,KNI-006,250,0,84,84,0,166,0,76806.54,3.609,False,89,False
2023-01-02,KNI-007,558,0,69,69,0,489,0,350461.41,8.349,False,82,False
2023-01-09,KNI-007,489,0,115,115,0,374,0,268042.06,6.372,False,82,False
2023-01-16,KNI-007,374,0,106,106,0,268,0,192072.92,4.556,False,82,False
2023-01-23,KNI-007,268,0,80,80,0,188,0,134737.72,3.189,False,82,False
2023-01-30,KNI-007,188,0,91,91,0,97,0,69518.93,1.642,False,82,False
2023-02-06,KNI-007,97,0,77,77,0,20,534,14333.8,0.338,False,82,True
2023-02-13,KNI-007,20,527,67,67,0,480,0,344011.2,8.091,False,82,False
2023-02-20,KNI-007,480,0,49,49,0,431,0,308893.39,7.25,False,82,False
2023-02-27,KNI-007,431,0,51,51,0,380,0,272342.2,6.378,False,82,False
2023-03-06,KNI-007,380,0,59,59,0,321,0,230057.49,5.377,False,82,False
2023-03-13,KNI-007,321,0,40,40,0,281,0,201389.89,4.697,False,82,False
2023-03-20,KNI-007,281,0,72,72,0,209,0,149788.21,3.486,False,82,False
2023-03-27,KNI-007,209,0,68,68,0,141,0,101053.29,2.347,False,82,False
2023-04-03,KNI-007,141,0,59,59,0,82,474,58768.58,1.362,False,82,True
2023-04-10,KNI-007,82,462,52,52,0,492,0,352611.48,8.155,False,82,False
2023-04-17,KNI-007,492,0,57,57,0,435,0,311760.15,7.195,False,82,False
2023-04-24,KNI-007,435,0,55,55,0,380,0,272342.2,6.272,False,82,False
2023-05-01,KNI-007,380,0,46,46,0,334,0,239374.46,5.501,False,82,False
2023-05-08,KNI-007,334,0,29,29,0,305,0,218590.45,5.013,False,82,False
2023-05-15,KNI-007,305,0,44,44,0,261,0,187056.09,4.281,False,82,False
2023-05-22,KNI-007,261,0,47,47,0,214,0,153371.66,3.503,False,82,False
2023-05-29,KNI-007,214,0,47,47,0,167,0,119687.23,2.728,False,82,False
2023-06-05,KNI-007,167,0,33,33,0,134,0,96036.46,2.185,False,82,False
2023-06-12,KNI-007,134,0,53,53,0,81,474,58051.89,1.318,False,82,True
2023-06-19,KNI-007,81,470,65,65,0,486,0,348311.34,7.891,False,82,False
2023-06-26,KNI-007,486,0,40,40,0,446,0,319643.74,7.226,False,82,False
2023-07-03,KNI-007,446,0,43,43,0,403,0,288826.07,6.516,False,82,False
2023-07-10,KNI-007,403,0,40,40,0,363,0,260158.47,5.858,False,82,False
2023-07-17,KNI-007,363,0,46,46,0,317,0,227190.73,5.105,False,82,False
2023-07-24,KNI-007,317,0,48,48,0,269,0,192789.61,4.323,False,82,False
2023-07-31,KNI-007,269,0,43,43,0,226,0,161971.94,3.625,False,82,False
2023-08-07,KNI-007,226,0,49,49,0,177,0,126854.13,2.833,False,82,False
2023-08-14,KNI-007,177,0,53,53,0,124,0,88869.56,1.981,False,82,False
2023-08-21,KNI-007,124,0,42,42,0,82,474,58768.58,1.307,False,82,True
2023-08-28,KNI-007,82,470,51,51,0,501,0,359061.69,7.971,False,82,False
2023-09-04,KNI-007,501,0,49,49,0,452,0,323943.88,7.177,False,82,False
2023-09-11,KNI-007,452,0,71,71,0,381,0,273058.89,6.038,False,82,False
2023-09-18,KNI-007,381,0,50,50,0,331,0,237224.39,5.235,False,82,False
2023-09-25,KNI-007,331,0,70,70,0,261,0,187056.09,4.12,False,82,False
2023-10-02,KNI-007,261,0,52,52,0,209,0,149788.21,3.292,False,82,False
2023-10-09,KNI-007,209,0,82,82,0,127,0,91019.63,1.997,False,82,False
2023-10-16,KNI-007,127,0,68,68,0,59,492,42284.71,0.926,False,82,True
2023-10-23,KNI-007,59,0,78,59,19,0,492,0.0,0.0,True,82,False
2023-10-30,KNI-007,0,478,81,81,0,397,0,284525.93,6.205,False,82,False
2023-11-06,KNI-007,397,0,102,102,0,295,0,211423.55,4.601,False,82,False
2023-11-13,KNI-007,295,0,58,58,0,237,0,169855.53,3.689,False,82,False
2023-11-20,KNI-007,237,0,170,170,0,67,486,48018.23,1.041,False,82,True
2023-11-27,KNI-007,67,474,174,174,0,367,0,263025.23,5.691,False,82,False
2023-12-04,KNI-007,367,0,79,79,0,288,0,206406.72,4.457,False,82,False
2023-12-11,KNI-007,288,0,76,76,0,212,0,151938.28,3.275,False,82,False
2023-12-18,KNI-007,212,0,96,96,0,116,0,83136.04,1.788,False,82,False
2023-12-25,KNI-007,116,0,89,89,0,27,528,19350.63,0.415,False,82,True
2024-01-01,KNI-007,27,513,72,72,0,468,0,335410.92,7.187,False,82,False
2024-01-08,KNI-007,468,0,123,123,0,345,0,247258.05,5.288,False,82,False
2024-01-15,KNI-007,345,0,92,92,0,253,0,181322.57,3.87,False,82,False
2024-01-22,KNI-007,253,0,90,90,0,163,0,116820.47,2.489,False,82,False
2024-01-29,KNI-007,163,0,90,90,0,73,480,52318.37,1.112,False,82,True
2024-02-05,KNI-007,73,474,73,73,0,474,0,339711.06,7.209,False,82,False
2024-02-12,KNI-007,474,0,75,75,0,399,0,285959.31,6.057,False,82,False
2024-02-19,KNI-007,399,0,87,87,0,312,0,223607.28,4.727,False,82,False
2024-02-26,KNI-007,312,0,52,52,0,260,0,186339.4,3.932,False,82,False
2024-03-04,KNI-007,260,0,105,105,0,155,0,111086.95,2.34,False,82,False
2024-03-11,KNI-007,155,0,81,81,0,74,480,53035.06,1.115,False,82,True
2024-03-18,KNI-007,74,467,88,88,0,453,0,324660.57,6.812,False,82,False
2024-03-25,KNI-007,453,0,73,73,0,380,0,272342.2,5.703,False,82,False
2024-04-01,KNI-007,380,0,71,71,0,309,0,221457.21,4.629,False,82,False
2024-04-08,KNI-007,309,0,72,72,0,237,0,169855.53,3.544,False,82,False
2024-04-15,KNI-007,237,0,41,41,0,196,0,140471.24,2.925,False,82,False
2024-04-22,KNI-007,196,0,61,61,0,135,0,96753.15,2.011,False,82,False
2024-04-29,KNI-007,135,0,62,62,0,73,480,52318.37,1.085,False,82,True
2024-05-06,KNI-007,73,470,48,48,0,495,0,354761.55,7.346,False,82,False
2024-05-13,KNI-007,495,0,62,62,0,433,0,310326.77,6.414,False,82,False
2024-05-20,KNI-007,433,0,58,58,0,375,0,268758.75,5.544,False,82,False
2024-05-27,KNI-007,375,0,49,49,0,326,0,233640.94,4.811,False,82,False
2024-06-03,KNI-007,326,0,45,45,0,281,0,201389.89,4.139,False,82,False
2024-06-10,KNI-007,281,0,48,48,0,233,0,166988.77,3.426,False,82,False
2024-06-17,KNI-007,233,0,44,44,0,189,0,135454.41,2.774,False,82,False
2024-06-24,KNI-007,189,0,42,42,0,147,0,105353.43,2.153,False,82,False
2024-07-01,KNI-007,147,0,56,56,0,91,0,65218.79,1.331,False,82,False
2024-07-08,KNI-007,91,0,47,47,0,44,510,31534.36,0.642,False,82,True
2024-07-15,KNI-007,44,0,39,39,0,5,510,3583.45,0.073,False,82,False
2024-07-22,KNI-007,5,0,36,5,31,0,510,0.0,0.0,True,82,False
2024-07-29,KNI-007,0,0,50,0,50,0,510,0.0,0.0,True,82,False
2024-08-05,KNI-007,0,0,34,0,34,0,510,0.0,0.0,True,82,False
2024-08-12,KNI-007,0,0,49,0,49,0,510,0.0,0.0,True,82,False
2024-08-19,KNI-007,0,0,47,0,47,0,510,0.0,0.0,True,82,False
2024-08-26,KNI-007,0,0,56,0,56,0,510,0.0,0.0,True,82,False
2024-09-02,KNI-007,0,0,58,0,58,0,510,0.0,0.0,True,82,False
2024-09-09,KNI-007,0,0,64,0,64,0,510,0.0,0.0,True,82,False
2024-09-16,KNI-007,0,0,78,0,78,0,510,0.0,0.0,True,82,False
2024-09-23,KNI-007,0,0,65,0,65,0,510,0.0,0.0,True,82,False
2024-09-30,KNI-007,0,0,46,0,46,0,510,0.0,0.0,True,82,False
2024-10-07,KNI-007,0,0,61,0,61,0,510,0.0,0.0,True,82,False
2024-10-14,KNI-007,0,0,66,0,66,0,510,0.0,0.0,True,82,False
2024-10-21,KNI-007,0,0,65,0,65,0,510,0.0,0.0,True,82,False
2024-10-28,KNI-007,0,0,105,0,105,0,510,0.0,0.0,True,82,False
2024-11-04,KNI-007,0,0,143,0,143,0,510,0.0,0.0,True,82,False
2024-11-11,KNI-007,0,0,104,0,104,0,510,0.0,0.0,True,82,False
2024-11-18,KNI-007,0,0,170,0,170,0,510,0.0,0.0,True,82,False
2024-11-25,KNI-007,0,0,157,0,157,0,510,0.0,0.0,True,82,False
2024-12-02,KNI-007,0,0,112,0,112,0,510,0.0,0.0,True,82,False
2024-12-09,KNI-007,0,0,104,0,104,0,510,0.0,0.0,True,82,False
2024-12-16,KNI-007,0,0,142,0,142,0,510,0.0,0.0,True,82,False
2024-12-23,KNI-007,0,0,107,0,107,0,510,0.0,0.0,True,82,False
2024-12-30,KNI-007,0,0,95,0,95,0,510,0.0,0.0,True,82,False
2025-01-06,KNI-007,0,0,150,0,150,0,510,0.0,0.0,True,82,False
2025-01-13,KNI-007,0,0,123,0,123,0,510,0.0,0.0,True,82,False
2025-01-20,KNI-007,0,0,98,0,98,0,510,0.0,0.0,True,82,False
2025-01-27,KNI-007,0,0,105,0,105,0,510,0.0,0.0,True,82,False
2025-02-03,KNI-007,0,0,76,0,76,0,510,0.0,0.0,True,82,False
2025-02-10,KNI-007,0,0,106,0,106,0,510,0.0,0.0,True,82,False
2025-02-17,KNI-007,0,0,115,0,115,0,510,0.0,0.0,True,82,False
2025-02-24,KNI-007,0,0,71,0,71,0,510,0.0,0.0,True,82,False
2025-03-03,KNI-007,0,0,112,0,112,0,510,0.0,0.0,True,82,False
2025-03-10,KNI-007,0,0,70,0,70,0,510,0.0,0.0,True,82,False
2025-03-17,KNI-007,0,0,114,0,114,0,510,0.0,0.0,True,82,False
2025-03-24,KNI-007,0,0,65,0,65,0,510,0.0,0.0,True,82,False
2025-03-31,KNI-007,0,0,103,0,103,0,510,0.0,0.0,True,82,False
2025-04-07,KNI-007,0,0,76,0,76,0,510,0.0,0.0,True,82,False
2025-04-14,KNI-007,0,0,67,0,67,0,510,0.0,0.0,True,82,False
2025-04-21,KNI-007,0,0,68,0,68,0,510,0.0,0.0,True,82,False
2025-04-28,KNI-007,0,0,62,0,62,0,510,0.0,0.0,True,82,False
2025-05-05,KNI-007,0,0,63,0,63,0,510,0.0,0.0,True,82,False
2025-05-12,KNI-007,0,0,48,0,48,0,510,0.0,0.0,True,82,False
2025-05-19,KNI-007,0,0,42,0,42,0,510,0.0,0.0,True,82,False
2025-05-26,KNI-007,0,0,40,0,40,0,510,0.0,0.0,True,82,False
2025-06-02,KNI-007,0,0,54,0,54,0,510,0.0,0.0,True,82,False
2025-06-09,KNI-007,0,0,66,0,66,0,510,0.0,0.0,True,82,False
2025-06-16,KNI-007,0,0,34,0,34,0,510,0.0,0.0,True,82,False
2025-06-23,KNI-007,0,0,50,0,50,0,510,0.0,0.0,True,82,False
2025-06-30,KNI-007,0,0,63,0,63,0,510,0.0,0.0,True,82,False
2025-07-07,KNI-007,0,0,58,0,58,0,510,0.0,0.0,True,82,False
2025-07-14,KNI-007,0,0,53,0,53,0,510,0.0,0.0,True,82,False
2025-07-21,KNI-007,0,0,66,0,66,0,510,0.0,0.0,True,82,False
2025-07-28,KNI-007,0,0,78,0,78,0,510,0.0,0.0,True,82,False
2025-08-04,KNI-007,0,0,47,0,47,0,510,0.0,0.0,True,82,False
2025-08-11,KNI-007,0,0,49,0,49,0,510,0.0,0.0,True,82,False
2025-08-18,KNI-007,0,0,59,0,59,0,510,0.0,0.0,True,82,False
2025-08-25,KNI-007,0,0,54,0,54,0,510,0.0,0.0,True,82,False
2025-09-01,KNI-007,0,0,40,0,40,0,510,0.0,0.0,True,82,False
2025-09-08,KNI-007,0,0,70,0,70,0,510,0.0,0.0,True,82,False
2025-09-15,KNI-007,0,0,60,0,60,0,510,0.0,0.0,True,82,False
2025-09-22,KNI-007,0,0,75,0,75,0,510,0.0,0.0,True,82,False
2025-09-29,KNI-007,0,0,88,0,88,0,510,0.0,0.0,True,82,False
2025-10-06,KNI-007,0,0,76,0,76,0,510,0.0,0.0,True,82,False
2025-10-13,KNI-007,0,0,80,0,80,0,510,0.0,0.0,True,82,False
2025-10-20,KNI-007,0,0,94,0,94,0,510,0.0,0.0,True,82,False
2025-10-27,KNI-007,0,0,83,0,83,0,510,0.0,0.0,True,82,False
2025-11-03,KNI-007,0,0,121,0,121,0,510,0.0,0.0,True,82,False
2025-11-10,KNI-007,0,0,93,0,93,0,510,0.0,0.0,True,82,False
2025-11-17,KNI-007,0,0,158,0,158,0,510,0.0,0.0,True,82,False
2025-11-24,KNI-007,0,0,188,0,188,0,510,0.0,0.0,True,82,False
2025-12-01,KNI-007,0,0,103,0,103,0,510,0.0,0.0,True,82,False
2025-12-08,KNI-007,0,0,147,0,147,0,510,0.0,0.0,True,82,False
2025-12-15,KNI-007,0,0,137,0,137,0,510,0.0,0.0,True,82,False
2025-12-22,KNI-007,0,0,129,0,129,0,510,0.0,0.0,True,82,False
2025-12-29,KNI-007,0,0,108,0,108,0,510,0.0,0.0,True,82,False
2023-01-02,KNI-008,568,0,66,66,0,502,0,223490.4,10.555,False,280,False
2023-01-09,KNI-008,502,0,85,85,0,417,0,185648.4,8.749,False,280,False
2023-01-16,KNI-008,417,0,99,99,0,318,0,141573.6,6.658,False,280,False
2023-01-23,KNI-008,318,0,84,84,0,234,428,104176.8,4.889,False,280,True
2023-01-30,KNI-008,234,0,78,78,0,156,428,69451.2,3.252,False,280,False
2023-02-06,KNI-008,156,0,67,67,0,89,428,39622.8,1.851,False,280,False
2023-02-13,KNI-008,89,0,49,49,0,40,428,17808.0,0.83,False,280,False
2023-02-20,KNI-008,40,0,43,40,3,0,428,0.0,0.0,True,280,False
2023-02-27,KNI-008,0,418,56,56,0,362,0,161162.4,7.483,False,280,False
2023-03-06,KNI-008,362,0,71,71,0,291,0,129553.2,6.002,False,280,False
2023-03-13,KNI-008,291,0,59,59,0,232,432,103286.4,4.775,False,280,True
2023-03-20,KNI-008,232,0,62,62,0,170,432,75684.0,3.492,False,280,False
2023-03-27,KNI-008,170,0,54,54,0,116,432,51643.2,2.378,False,280,False
2023-04-03,KNI-008,116,0,39,39,0,77,432,34280.4,1.575,False,280,False
2023-04-10,KNI-008,77,0,50,50,0,27,432,12020.4,0.551,False,280,False
2023-04-17,KNI-008,27,421,49,49,0,399,0,177634.8,8.127,False,280,False
2023-04-24,KNI-008,399,0,59,59,0,340,0,151368.0,6.911,False,280,False
2023-05-01,KNI-008,340,0,43,43,0,297,0,132224.4,6.025,False,280,False
2023-05-08,KNI-008,297,0,31,31,0,266,396,118423.2,5.385,False,280,True
2023-05-15,KNI-008,266,0,45,45,0,221,396,98389.2,4.464,False,280,False
2023-05-22,KNI-008,221,0,32,32,0,189,396,84142.8,3.81,False,280,False
2023-05-29,KNI-008,189,0,49,49,0,140,396,62328.0,2.816,False,280,False
2023-06-05,KNI-008,140,0,29,29,0,111,396,49417.2,2.228,False,280,False
2023-06-12,KNI-008,111,387,43,43,0,455,0,202566.0,9.116,False,280,False
2023-06-19,KNI-008,455,0,30,30,0,425,0,189210.0,8.498,False,280,False
2023-06-26,KNI-008,425,0,30,30,0,395,0,175854.0,7.882,False,280,False
2023-07-03,KNI-008,395,0,22,22,0,373,0,166059.6,7.428,False,280,False
2023-07-10,KNI-008,373,0,32,32,0,341,0,151813.2,6.777,False,280,False
2023-07-17,KNI-008,341,0,33,33,0,308,0,137121.6,6.108,False,280,False
2023-07-24,KNI-008,308,0,23,23,0,285,0,126882.0,5.641,False,280,False
2023-07-31,KNI-008,285,0,44,44,0,241,420,107293.2,4.76,False,280,True
2023-08-07,KNI-008,241,0,38,38,0,203,420,90375.6,4.002,False,280,False
2023-08-14,KNI-008,203,0,35,35,0,168,420,74793.6,3.305,False,280,False
2023-08-21,KNI-008,168,0,38,38,0,130,420,57876.0,2.552,False,280,False
2023-08-28,KNI-008,130,0,36,36,0,94,420,41848.8,1.842,False,280,False
2023-09-04,KNI-008,94,419,43,43,0,470,0,209244.0,9.191,False,280,False
2023-09-11,KNI-008,470,0,52,52,0,418,0,186093.6,8.158,False,280,False
2023-09-18,KNI-008,418,0,42,42,0,376,0,167395.2,7.323,False,280,False
2023-09-25,KNI-008,376,0,52,52,0,324,0,144244.8,6.298,False,280,False
2023-10-02,KNI-008,324,0,39,39,0,285,0,126882.0,5.529,False,280,False
2023-10-09,KNI-008,285,0,56,56,0,229,432,101950.8,4.434,False,280,True
2023-10-16,KNI-008,229,0,49,49,0,180,432,80136.0,3.478,False,280,False
2023-10-23,KNI-008,180,0,54,54,0,126,432,56095.2,2.43,False,280,False
2023-10-30,KNI-008,126,0,67,67,0,59,432,26266.8,1.136,False,280,False
2023-11-06,KNI-008,59,0,64,59,5,0,432,0.0,0.0,True,280,False
2023-11-13,KNI-008,0,420,62,62,0,358,0,159381.6,6.863,False,280,False
2023-11-20,KNI-008,358,0,136,136,0,222,440,98834.4,4.248,False,280,True
2023-11-27,KNI-008,222,0,132,132,0,90,440,40068.0,1.719,False,280,False
2023-12-04,KNI-008,90,0,90,90,0,0,440,0.0,0.0,False,280,False
2023-12-11,KNI-008,0,0,58,0,58,0,440,0.0,0.0,True,280,False
2023-12-18,KNI-008,0,0,130,0,130,0,440,0.0,0.0,True,280,False
2023-12-25,KNI-008,0,427,104,104,0,323,0,143799.6,6.12,False,280,False
2024-01-01,KNI-008,323,0,65,65,0,258,404,114861.6,4.879,False,280,True
2024-01-08,KNI-008,258,0,106,106,0,152,404,67670.4,2.869,False,280,False
2024-01-15,KNI-008,152,0,123,123,0,29,404,12910.8,0.546,False,280,False
2024-01-22,KNI-008,29,0,84,29,55,0,404,0.0,0.0,True,280,False
2024-01-29,KNI-008,0,0,80,0,80,0,404,0.0,0.0,True,280,False
2024-02-05,KNI-008,0,401,79,79,0,322,0,143354.4,6.031,False,280,False
2024-02-12,KNI-008,322,0,48,48,0,274,388,121984.8,5.122,False,280,True
2024-02-19,KNI-008,274,0,74,74,0,200,388,89040.0,3.732,False,280,False
2024-02-26,KNI-008,200,0,41,41,0,159,388,70786.8,2.961,False,280,False
2024-03-04,KNI-008,159,0,110,110,0,49,388,21814.8,0.911,False,280,False
2024-03-11,KNI-008,49,0,73,49,24,0,388,0.0,0.0,True,280,False
2024-03-18,KNI-008,0,385,81,81,0,304,0,135340.8,5.629,False,280,False
2024-03-25,KNI-008,304,0,51,51,0,253,408,112635.6,4.676,False,280,True
2024-04-01,KNI-008,253,0,66,66,0,187,408,83252.4,3.45,False,280,False
2024-04-08,KNI-008,187,0,41,41,0,146,408,64999.2,2.688,False,280,False
2024-04-15,KNI-008,146,0,39,39,0,107,408,47636.4,1.967,False,280,False
2024-04-22,KNI-008,107,0,44,44,0,63,408,28047.6,1.156,False,280,False
2024-04-29,KNI-008,63,406,50,50,0,419,0,186538.8,7.672,False,280,False
2024-05-06,KNI-008,419,0,34,34,0,385,0,171402.0,7.036,False,280,False
2024-05-13,KNI-008,385,0,45,45,0,340,0,151368.0,6.202,False,280,False
2024-05-20,KNI-008,340,0,39,39,0,301,0,134005.2,5.48,False,280,False
2024-05-27,KNI-008,301,0,37,37,0,264,400,117532.8,4.798,False,280,True
2024-06-03,KNI-008,264,0,42,42,0,222,400,98834.4,4.027,False,280,False
2024-06-10,KNI-008,222,0,49,49,0,173,400,77019.6,3.132,False,280,False
2024-06-17,KNI-008,173,0,34,34,0,139,400,61882.8,2.512,False,280,False
2024-06-24,KNI-008,139,0,55,55,0,84,400,37396.8,1.515,False,280,False
2024-07-01,KNI-008,84,395,48,48,0,431,0,191881.2,7.761,False,280,False
2024-07-08,KNI-008,431,0,36,36,0,395,0,175854.0,7.099,False,280,False
2024-07-15,KNI-008,395,0,29,29,0,366,0,162943.2,6.566,False,280,False
2024-07-22,KNI-008,366,0,59,59,0,307,0,136676.4,5.498,False,280,False
2024-07-29,KNI-008,307,0,44,44,0,263,400,117087.6,4.701,False,280,True
2024-08-05,KNI-008,263,0,33,33,0,230,400,102396.0,4.104,False,280,False
2024-08-12,KNI-008,230,0,57,57,0,173,400,77019.6,3.081,False,280,False
2024-08-19,KNI-008,173,0,45,45,0,128,400,56985.6,2.275,False,280,False
2024-08-26,KNI-008,128,0,59,59,0,69,400,30718.8,1.224,False,280,False
2024-09-02,KNI-008,69,390,44,44,0,415,0,184758.0,7.351,False,280,False
2024-09-09,KNI-008,415,0,53,53,0,362,0,161162.4,6.4,False,280,False
2024-09-16,KNI-008,362,0,71,71,0,291,0,129553.2,5.136,False,280,False
2024-09-23,KNI-008,291,0,58,58,0,233,428,103731.6,4.105,False,280,True
2024-09-30,KNI-008,233,0,57,57,0,176,428,78355.2,3.095,False,280,False
2024-10-07,KNI-008,176,0,57,57,0,119,428,52978.8,2.089,False,280,False
2024-10-14,KNI-008,119,0,67,67,0,52,428,23150.4,0.911,False,280,False
2024-10-21,KNI-008,52,0,79,52,27,0,428,0.0,0.0,True,280,False
2024-10-28,KNI-008,0,426,54,54,0,372,0,165614.4,6.495,False,280,False
2024-11-04,KNI-008,372,0,96,96,0,276,388,122875.2,4.81,False,280,True
2024-11-11,KNI-008,276,0,73,73,0,203,388,90375.6,3.532,False,280,False
2024-11-18,KNI-008,203,0,152,152,0,51,388,22705.2,0.886,False,280,False
2024-11-25,KNI-008,51,0,124,51,73,0,388,0.0,0.0,True,280,False
2024-12-02,KNI-008,0,0,57,0,57,0,388,0.0,0.0,True,280,False
2024-12-09,KNI-008,0,377,84,84,0,293,0,130443.6,5.062,False,280,False
2024-12-16,KNI-008,293,0,92,92,0,201,460,89485.2,3.466,False,280,True
2024-12-23,KNI-008,201,0,86,86,0,115,460,51198.0,1.98,False,280,False
2024-12-30,KNI-008,115,0,68,68,0,47,460,20924.4,0.808,False,280,False
2025-01-06,KNI-008,47,0,111,47,64,0,460,0.0,0.0,True,280,False
2025-01-13,KNI-008,0,0,117,0,117,0,460,0.0,0.0,True,280,False
2025-01-20,KNI-008,0,449,54,54,0,395,0,175854.0,6.752,False,280,False
2025-01-27,KNI-008,395,0,81,81,0,314,0,139792.8,5.358,False,280,False
2025-02-03,KNI-008,314,0,68,68,0,246,416,109519.2,4.19,False,280,True
2025-02-10,KNI-008,246,0,89,89,0,157,416,69896.4,2.67,False,280,False
2025-02-17,KNI-008,157,0,75,75,0,82,416,36506.4,1.392,False,280,False
2025-02-24,KNI-008,82,0,76,76,0,6,416,2671.2,0.102,False,280,False
2025-03-03,KNI-008,6,0,78,6,72,0,416,0.0,0.0,True,280,False
2025-03-10,KNI-008,0,413,62,62,0,351,0,156265.2,5.927,False,280,False
2025-03-17,KNI-008,351,0,78,78,0,273,388,121539.6,4.602,False,280,True
2025-03-24,KNI-008,273,0,73,73,0,200,388,89040.0,3.366,False,280,False
2025-03-31,KNI-008,200,0,79,79,0,121,388,53869.2,2.033,False,280,False
2025-04-07,KNI-008,121,0,61,61,0,60,388,26712.0,1.006,False,280,False
2025-04-14,KNI-008,60,0,58,58,0,2,388,890.4,0.033,False,280,False
2025-04-21,KNI-008,2,387,56,56,0,333,0,148251.6,5.566,False,280,False
2025-04-28,KNI-008,333,0,52,52,0,281,0,125101.2,4.689,False,280,False
2025-05-05,KNI-008,281,0,38,38,0,243,420,108183.6,4.048,False,280,True
2025-05-12,KNI-008,243,0,53,53,0,190,420,84588.0,3.159,False,280,False
2025-05-19,KNI-008,190,0,49,49,0,141,420,62773.2,2.341,False,280,False
2025-05-26,KNI-008,141,0,49,49,0,92,420,40958.4,1.525,False,280,False
2025-06-02,KNI-008,92,0,41,41,0,51,420,22705.2,0.844,False,280,False
2025-06-09,KNI-008,51,416,38,38,0,429,0,190990.8,7.085,False,280,False
2025-06-16,KNI-008,429,0,46,46,0,383,0,170511.6,6.315,False,280,False
2025-06-23,KNI-008,383,0,42,42,0,341,0,151813.2,5.613,False,280,False
2025-06-30,KNI-008,341,0,54,54,0,287,0,127772.4,4.716,False,280,False
2025-07-07,KNI-008,287,0,39,39,0,248,416,110409.6,4.069,False,280,True
2025-07-14,KNI-008,248,0,44,44,0,204,416,90820.8,3.341,False,280,False
2025-07-21,KNI-008,204,0,41,41,0,163,416,72567.6,2.665,False,280,False
2025-07-28,KNI-008,163,0,69,69,0,94,416,41848.8,1.534,False,280,False
2025-08-04,KNI-008,94,0,64,64,0,30,416,13356.0,0.489,False,280,False
2025-08-11,KNI-008,30,411,55,55,0,386,0,171847.2,6.28,False,280,False
2025-08-18,KNI-008,386,0,44,44,0,342,0,152258.4,5.555,False,280,False
2025-08-25,KNI-008,342,0,44,44,0,298,0,132669.6,4.832,False,280,False
2025-09-01,KNI-008,298,0,58,58,0,240,424,106848.0,3.885,False,280,True
2025-09-08,KNI-008,240,0,56,56,0,184,424,81916.8,2.974,False,280,False
2025-09-15,KNI-008,184,0,47,47,0,137,424,60992.4,2.21,False,280,False
2025-09-22,KNI-008,137,0,46,46,0,91,424,40513.2,1.466,False,280,False
2025-09-29,KNI-008,91,0,51,51,0,40,424,17808.0,0.643,False,280,False
2025-10-06,KNI-008,40,420,59,59,0,401,0,178525.2,6.438,False,280,False
2025-10-13,KNI-008,401,0,78,78,0,323,0,143799.6,5.177,False,280,False
2025-10-20,KNI-008,323,0,82,82,0,241,420,107293.2,3.857,False,280,True
2025-10-27,KNI-008,241,0,50,50,0,191,420,85033.2,3.052,False,280,False
2025-11-03,KNI-008,191,0,66,66,0,125,420,55650.0,1.994,False,280,False
2025-11-10,KNI-008,125,0,83,83,0,42,420,18698.4,0.669,False,280,False
2025-11-17,KNI-008,42,0,169,42,127,0,420,0.0,0.0,True,280,False
2025-11-24,KNI-008,0,414,197,197,0,217,444,96608.4,3.444,False,280,True
2025-12-01,KNI-008,217,0,77,77,0,140,444,62328.0,2.219,False,280,False
2025-12-08,KNI-008,140,0,101,101,0,39,444,17362.8,0.617,False,280,False
2025-12-15,KNI-008,39,0,110,39,71,0,444,0.0,0.0,True,280,False
2025-12-22,KNI-008,0,0,125,0,125,0,444,0.0,0.0,True,280,False
2025-12-29,KNI-008,0,433,84,84,0,349,0,155374.8,5.495,False,280,False
2023-01-02,KNI-009,468,0,85,85,0,383,0,169975.4,7.996,False,177,False
2023-01-09,KNI-009,383,0,67,67,0,316,0,140240.8,6.583,False,177,False
2023-01-16,KNI-009,316,0,95,95,0,221,0,98079.8,4.594,False,177,False
2023-01-23,KNI-009,221,0,60,60,0,161,408,71451.8,3.34,False,177,True
2023-01-30,KNI-009,161,0,61,61,0,100,408,44380.0,2.07,False,177,False
2023-02-06,KNI-009,100,0,47,47,0,53,408,23521.4,1.095,False,177,False
2023-02-13,KNI-009,53,403,52,52,0,404,0,179295.2,8.327,False,177,False
2023-02-20,KNI-009,404,0,86,86,0,318,0,141128.4,6.54,False,177,False
2023-02-27,KNI-009,318,0,50,50,0,268,0,118938.4,5.5,False,177,False
2023-03-06,KNI-009,268,0,85,85,0,183,0,81215.4,3.748,False,177,False
2023-03-13,KNI-009,183,0,45,45,0,138,432,61244.4,2.82,False,177,True
2023-03-20,KNI-009,138,0,57,57,0,81,432,35947.8,1.652,False,177,False
2023-03-27,KNI-009,81,0,43,43,0,38,432,16864.4,0.773,False,177,False
2023-04-03,KNI-009,38,419,52,52,0,405,0,179739.0,8.225,False,177,False
2023-04-10,KNI-009,405,0,53,53,0,352,0,156217.6,7.134,False,177,False
2023-04-17,KNI-009,352,0,46,46,0,306,0,135802.8,6.189,False,177,False
2023-04-24,KNI-009,306,0,29,29,0,277,0,122932.6,5.591,False,177,False
2023-05-01,KNI-009,277,0,37,37,0,240,0,106512.0,4.834,False,177,False
2023-05-08,KNI-009,240,0,35,35,0,205,0,90979.0,4.12,False,177,False
2023-05-15,KNI-009,205,0,33,33,0,172,396,76333.6,3.45,False,177,True
2023-05-22,KNI-009,172,0,47,47,0,125,396,55475.0,2.502,False,177,False
2023-05-29,KNI-009,125,0,31,31,0,94,396,41717.2,1.878,False,177,False
2023-06-05,KNI-009,94,387,36,36,0,445,0,197491.0,8.871,False,177,False
2023-06-12,KNI-009,445,0,45,45,0,400,0,177520.0,7.957,False,177,False
2023-06-19,KNI-009,400,0,34,34,0,366,0,162430.8,7.266,False,177,False
2023-06-26,KNI-009,366,0,28,28,0,338,0,150004.4,6.696,False,177,False
2023-07-03,KNI-009,338,0,38,38,0,300,0,133140.0,5.931,False,177,False
2023-07-10,KNI-009,300,0,33,33,0,267,0,118494.6,5.268,False,177,False
2023-07-17,KNI-009,267,0,45,45,0,222,0,98523.6,4.371,False,177,False
2023-07-24,KNI-009,222,0,42,42,0,180,0,79884.0,3.537,False,177,False
2023-07-31,KNI-009,180,0,37,37,0,143,420,63463.4,2.804,False,177,True
2023-08-07,KNI-009,143,0,29,29,0,114,420,50593.2,2.231,False,177,False
2023-08-14,KNI-009,114,0,34,34,0,80,420,35504.0,1.563,False,177,False
2023-08-21,KNI-009,80,416,39,39,0,457,0,202816.6,8.909,False,177,False
2023-08-28,KNI-009,457,0,39,39,0,418,0,185508.4,8.132,False,177,False
2023-09-04,KNI-009,418,0,46,46,0,372,0,165093.6,7.223,False,177,False
2023-09-11,KNI-009,372,0,53,53,0,319,0,141572.2,6.181,False,177,False
2023-09-18,KNI-009,319,0,42,42,0,277,0,122932.6,5.357,False,177,False
2023-09-25,KNI-009,277,0,72,72,0,205,0,90979.0,3.957,False,177,False
2023-10-02,KNI-009,205,0,54,54,0,151,420,67013.8,2.909,False,177,True
2023-10-09,KNI-009,151,0,52,52,0,99,420,43936.2,1.903,False,177,False
2023-10-16,KNI-009,99,0,53,53,0,46,420,20414.8,0.883,False,177,False
2023-10-23,KNI-009,46,411,63,63,0,394,0,174857.2,7.544,False,177,False
2023-10-30,KNI-009,394,0,52,52,0,342,0,151779.6,6.536,False,177,False
2023-11-06,KNI-009,342,0,84,84,0,258,0,114500.4,4.921,False,177,False
2023-11-13,KNI-009,258,0,71,71,0,187,0,82990.6,3.56,False,177,False
2023-11-20,KNI-009,187,0,103,103,0,84,480,37279.2,1.596,False,177,True
2023-11-27,KNI-009,84,0,152,84,68,0,480,0.0,0.0,True,177,False
2023-12-04,KNI-009,0,476,34,34,0,442,0,196159.6,8.364,False,177,False
2023-12-11,KNI-009,442,0,52,52,0,390,0,173082.0,7.366,False,177,False
2023-12-18,KNI-009,390,0,108,108,0,282,0,125151.6,5.316,False,177,False
2023-12-25,KNI-009,282,0,94,94,0,188,0,83434.4,3.537,False,177,False
2024-01-01,KNI-009,188,0,68,68,0,120,444,53256.0,2.253,False,177,True
2024-01-08,KNI-009,120,0,80,80,0,40,444,17752.0,0.75,False,177,False
2024-01-15,KNI-009,40,0,111,40,71,0,444,0.0,0.0,True,177,False
2024-01-22,KNI-009,0,440,27,27,0,413,0,183289.4,7.71,False,177,False
2024-01-29,KNI-009,413,0,69,69,0,344,0,152667.2,6.41,False,177,False
2024-02-05,KNI-009,344,0,79,79,0,265,0,117607.0,4.928,False,177,False
2024-02-12,KNI-009,265,0,76,76,0,189,0,83878.2,3.508,False,177,False
2024-02-19,KNI-009,189,0,71,71,0,118,444,52368.4,2.186,False,177,True
2024-02-26,KNI-009,118,0,82,82,0,36,444,15976.8,0.666,False,177,False
2024-03-04,KNI-009,36,0,74,36,38,0,444,0.0,0.0,True,177,False
2024-03-11,KNI-009,0,441,54,54,0,387,0,171750.6,7.129,False,177,False
2024-03-18,KNI-009,387,0,98,98,0,289,0,128258.2,5.314,False,177,False
2024-03-25,KNI-009,289,0,63,63,0,226,0,100298.8,4.147,False,177,False
2024-04-01,KNI-009,226,0,62,62,0,164,396,72783.2,3.004,False,177,True
2024-04-08,KNI-009,164,0,51,51,0,113,396,50149.4,2.066,False,177,False
2024-04-15,KNI-009,113,0,45,45,0,68,396,30178.4,1.241,False,177,False
2024-04-22,KNI-009,68,393,36,36,0,425,0,188615.0,7.741,False,177,False
2024-04-29,KNI-009,425,0,52,52,0,373,0,165537.4,6.781,False,177,False
2024-05-06,KNI-009,373,0,43,43,0,330,0,146454.0,5.988,False,177,False
2024-05-13,KNI-009,330,0,45,45,0,285,0,126483.0,5.162,False,177,False
2024-05-20,KNI-009,285,0,29,29,0,256,0,113612.8,4.628,False,177,False
2024-05-27,KNI-009,256,0,39,39,0,217,0,96304.6,3.916,False,177,False
2024-06-03,KNI-009,217,0,35,35,0,182,0,80771.6,3.278,False,177,False
2024-06-10,KNI-009,182,0,43,43,0,139,432,61688.2,2.499,False,177,True
2024-06-17,KNI-009,139,0,24,24,0,115,432,51037.0,2.064,False,177,False
2024-06-24,KNI-009,115,0,47,47,0,68,432,30178.4,1.218,False,177,False
2024-07-01,KNI-009,68,424,39,39,0,453,0,201041.4,8.099,False,177,False
2024-07-08,KNI-009,453,0,37,37,0,416,0,184620.8,7.424,False,177,False
2024-07-15,KNI-009,416,0,23,23,0,393,0,174413.4,7.001,False,177,False
2024-07-22,KNI-009,393,0,41,41,0,352,0,156217.6,6.259,False,177,False
2024-07-29,KNI-009,352,0,39,39,0,313,0,138909.4,5.555,False,177,False
2024-08-05,KNI-009,313,0,42,42,0,271,0,120269.8,4.801,False,177,False
2024-08-12,KNI-009,271,0,43,43,0,228,0,101186.4,4.032,False,177,False
2024-08-19,KNI-009,228,0,47,47,0,181,0,80327.8,3.195,False,177,False
2024-08-26,KNI-009,181,0,54,54,0,127,444,56362.6,2.238,False,177,True
2024-09-02,KNI-009,127,0,34,34,0,93,444,41273.4,1.636,False,177,False
2024-09-09,KNI-009,93,443,41,41,0,495,0,219681.0,8.69,False,177,False
2024-09-16,KNI-009,495,0,76,76,0,419,0,185952.2,7.342,False,177,False
2024-09-23,KNI-009,419,0,48,48,0,371,0,164649.8,6.49,False,177,False
2024-09-30,KNI-009,371,0,49,49,0,322,0,142903.6,5.622,False,177,False
2024-10-07,KNI-009,322,0,69,69,0,253,0,112281.4,4.41,False,177,False
2024-10-14,KNI-009,253,0,47,47,0,206,0,91422.8,3.584,False,177,False
2024-10-21,KNI-009,206,0,56,56,0,150,420,66570.0,2.605,False,177,True
2024-10-28,KNI-009,150,0,58,58,0,92,420,40829.6,1.595,False,177,False
2024-11-04,KNI-009,92,408,89,89,0,411,0,182401.8,7.112,False,177,False
2024-11-11,KNI-009,411,0,53,53,0,358,0,158880.4,6.184,False,177,False
2024-11-18,KNI-009,358,0,163,163,0,195,0,86541.0,3.363,False,177,False
2024-11-25,KNI-009,195,0,147,147,0,48,516,21302.4,0.826,False,177,True
2024-12-02,KNI-009,48,0,64,48,16,0,516,0.0,0.0,True,177,False
2024-12-09,KNI-009,0,0,79,0,79,0,516,0.0,0.0,True,177,False
2024-12-16,KNI-009,0,508,104,104,0,404,0,179295.2,6.917,False,177,False
2024-12-23,KNI-009,404,0,95,95,0,309,0,137134.2,5.281,False,177,False
2024-12-30,KNI-009,309,0,74,74,0,235,0,104293.0,4.01,False,177,False
2025-01-06,KNI-009,235,0,103,103,0,132,432,58581.6,2.248,False,177,True
2025-01-13,KNI-009,132,0,74,74,0,58,432,25740.4,0.986,False,177,False
2025-01-20,KNI-009,58,0,84,58,26,0,432,0.0,0.0,True,177,False
2025-01-27,KNI-009,0,430,92,92,0,338,0,150004.4,5.727,False,177,False
2025-02-03,KNI-009,338,0,69,69,0,269,0,119382.2,4.55,False,177,False
2025-02-10,KNI-009,269,0,71,71,0,198,0,87872.4,3.343,False,177,False
2025-02-17,KNI-009,198,0,78,78,0,120,444,53256.0,2.023,False,177,True
2025-02-24,KNI-009,120,0,77,77,0,43,444,19083.4,0.723,False,177,False
2025-03-03,KNI-009,43,0,100,43,57,0,444,0.0,0.0,True,177,False
2025-03-10,KNI-009,0,431,79,79,0,352,0,156217.6,5.902,False,177,False
2025-03-17,KNI-009,352,0,99,99,0,253,0,112281.4,4.235,False,177,False
2025-03-24,KNI-009,253,0,76,76,0,177,384,78552.6,2.958,False,177,True
2025-03-31,KNI-009,177,0,77,77,0,100,384,44380.0,1.668,False,177,False
2025-04-07,KNI-009,100,0,66,66,0,34,384,15089.2,0.566,False,177,False
2025-04-14,KNI-009,34,383,49,49,0,368,0,163318.4,6.118,False,177,False
2025-04-21,KNI-009,368,0,47,47,0,321,0,142459.8,5.327,False,177,False
2025-04-28,KNI-009,321,0,36,36,0,285,0,126483.0,4.722,False,177,False
2025-05-05,KNI-009,285,0,31,31,0,254,0,112725.2,4.201,False,177,False
2025-05-12,KNI-009,254,0,43,43,0,211,0,93641.8,3.484,False,177,False
2025-05-19,KNI-009,211,0,40,40,0,171,396,75889.8,2.819,False,177,True
2025-05-26,KNI-009,171,0,44,44,0,127,396,56362.6,2.09,False,177,False
2025-06-02,KNI-009,127,0,36,36,0,91,396,40385.8,1.495,False,177,False
2025-06-09,KNI-009,91,391,52,52,0,430,0,190834.0,7.052,False,177,False
2025-06-16,KNI-009,430,0,37,37,0,393,0,174413.4,6.434,False,177,False
2025-06-23,KNI-009,393,0,46,46,0,347,0,153998.6,5.671,False,177,False
2025-06-30,KNI-009,347,0,52,52,0,295,0,130921.0,4.813,False,177,False
2025-07-07,KNI-009,295,0,56,56,0,239,0,106068.2,3.893,False,177,False
2025-07-14,KNI-009,239,0,29,29,0,210,0,93198.0,3.415,False,177,False
2025-07-21,KNI-009,210,0,53,53,0,157,408,69676.6,2.549,False,177,True
2025-07-28,KNI-009,157,0,50,50,0,107,408,47486.6,1.734,False,177,False
2025-08-04,KNI-009,107,0,51,51,0,56,408,24852.8,0.906,False,177,False
2025-08-11,KNI-009,56,401,31,31,0,426,0,189058.8,6.881,False,177,False
2025-08-18,KNI-009,426,0,56,56,0,370,0,164206.0,5.967,False,177,False
2025-08-25,KNI-009,370,0,38,38,0,332,0,147341.6,5.345,False,177,False
2025-09-01,KNI-009,332,0,49,49,0,283,0,125595.4,4.549,False,177,False
2025-09-08,KNI-009,283,0,44,44,0,239,0,106068.2,3.835,False,177,False
2025-09-15,KNI-009,239,0,45,45,0,194,0,86097.2,3.108,False,177,False
2025-09-22,KNI-009,194,0,79,79,0,115,456,51037.0,1.839,False,177,True
2025-09-29,KNI-009,115,0,58,58,0,57,456,25296.6,0.91,False,177,False
2025-10-06,KNI-009,57,0,79,57,22,0,456,0.0,0.0,True,177,False
2025-10-13,KNI-009,0,449,57,57,0,392,0,173969.6,6.239,False,177,False
2025-10-20,KNI-009,392,0,74,74,0,318,0,141128.4,5.053,False,177,False
2025-10-27,KNI-009,318,0,77,77,0,241,0,106955.8,3.823,False,177,False
2025-11-03,KNI-009,241,0,129,129,0,112,456,49705.6,1.774,False,177,True
2025-11-10,KNI-009,112,0,70,70,0,42,456,18639.6,0.664,False,177,False
2025-11-17,KNI-009,42,0,122,42,80,0,456,0.0,0.0,True,177,False
2025-11-24,KNI-009,0,454,164,164,0,290,0,128702.0,4.57,False,177,False
2025-12-01,KNI-009,290,0,83,83,0,207,0,91866.6,3.257,False,177,False
2025-12-08,KNI-009,207,0,91,91,0,116,444,51480.8,1.822,False,177,True
2025-12-15,KNI-009,116,0,109,109,0,7,444,3106.6,0.11,False,177,False
2025-12-22,KNI-009,7,443,102,102,0,348,0,154442.4,5.449,False,177,False
2025-12-29,KNI-009,348,0,103,103,0,245,0,108731.0,3.83,False,177,False
2023-01-02,KNI-010,403,0,62,62,0,341,0,129133.29,7.969,False,206,False
2023-01-09,KNI-010,341,0,86,86,0,255,0,96565.95,5.947,False,206,False
2023-01-16,KNI-010,255,0,74,74,0,181,372,68542.89,4.212,False,206,True
2023-01-23,KNI-010,181,0,54,54,0,127,372,48093.63,2.949,False,206,False
2023-01-30,KNI-010,127,0,78,78,0,49,372,18555.81,1.135,False,206,False
2023-02-06,KNI-010,49,0,57,49,8,0,372,0.0,0.0,True,206,False
2023-02-13,KNI-010,0,370,59,59,0,311,0,117772.59,7.175,False,206,False
2023-02-20,KNI-010,311,0,35,35,0,276,0,104518.44,6.354,False,206,False
2023-02-27,KNI-010,276,0,40,40,0,236,0,89370.84,5.422,False,206,False
2023-03-06,KNI-010,236,0,54,54,0,182,366,68921.58,4.173,False,206,True
2023-03-13,KNI-010,182,0,33,33,0,149,366,56424.81,3.409,False,206,False
2023-03-20,KNI-010,149,0,63,63,0,86,366,32567.34,1.963,False,206,False
2023-03-27,KNI-010,86,0,42,42,0,44,366,16662.36,1.002,False,206,False
2023-04-03,KNI-010,44,360,57,57,0,347,0,131405.43,7.889,False,206,False
2023-04-10,KNI-010,347,0,39,39,0,308,0,116636.52,6.988,False,206,False
2023-04-17,KNI-010,308,0,38,38,0,270,0,102246.3,6.113,False,206,False
2023-04-24,KNI-010,270,0,33,33,0,237,0,89749.53,5.354,False,206,False
2023-05-01,KNI-010,237,0,49,49,0,188,360,71193.72,4.239,False,206,True
2023-05-08,KNI-010,188,0,28,28,0,160,360,60590.4,3.6,False,206,False
2023-05-15,KNI-010,160,0,27,27,0,133,360,50365.77,2.986,False,206,False
2023-05-22,KNI-010,133,0,40,40,0,93,360,35218.17,2.084,False,206,False
2023-05-29,KNI-010,93,355,32,32,0,416,0,157535.04,9.302,False,206,False
2023-06-05,KNI-010,416,0,28,28,0,388,0,146931.72,8.658,False,206,False
2023-06-12,KNI-010,388,0,43,43,0,345,0,130648.05,7.683,False,206,False
2023-06-19,KNI-010,345,0,26,26,0,319,0,120802.11,7.089,False,206,False
2023-06-26,KNI-010,319,0,24,24,0,295,0,111713.55,6.542,False,206,False
2023-07-03,KNI-010,295,0,31,31,0,264,0,99974.16,5.843,False,206,False
2023-07-10,KNI-010,264,0,28,28,0,236,0,89370.84,5.213,False,206,False
2023-07-17,KNI-010,236,0,39,39,0,197,354,74601.93,4.342,False,206,True
2023-07-24,KNI-010,197,0,35,35,0,162,354,61347.78,3.564,False,206,False
2023-07-31,KNI-010,162,0,30,30,0,132,354,49987.08,2.898,False,206,False
2023-08-07,KNI-010,132,0,34,34,0,98,354,37111.62,2.147,False,206,False
2023-08-14,KNI-010,98,345,34,34,0,409,0,154884.21,8.943,False,206,False
2023-08-21,KNI-010,409,0,36,36,0,373,0,141251.37,8.139,False,206,False
2023-08-28,KNI-010,373,0,31,31,0,342,0,129511.98,7.448,False,206,False
2023-09-04,KNI-010,342,0,29,29,0,313,0,118529.97,6.803,False,206,False
2023-09-11,KNI-010,313,0,44,44,0,269,0,101867.61,5.835,False,206,False
2023-09-18,KNI-010,269,0,46,46,0,223,0,84447.87,4.827,False,206,False
2023-09-25,KNI-010,223,0,65,65,0,158,390,59833.02,3.414,False,206,True
2023-10-02,KNI-010,158,0,64,64,0,94,390,35596.86,2.027,False,206,False
2023-10-09,KNI-010,94,0,36,36,0,58,390,21964.02,1.248,False,206,False
2023-10-16,KNI-010,58,0,44,44,0,14,390,5301.66,0.301,False,206,False
2023-10-23,KNI-010,14,390,55,55,0,349,0,132162.81,7.481,False,206,False
2023-10-30,KNI-010,349,0,57,57,0,292,0,110577.48,6.247,False,206,False
2023-11-06,KNI-010,292,0,75,75,0,217,0,82175.73,4.633,False,206,False
2023-11-13,KNI-010,217,0,55,55,0,162,390,61347.78,3.452,False,206,True
2023-11-20,KNI-010,162,0,103,103,0,59,390,22342.71,1.255,False,206,False
2023-11-27,KNI-010,59,0,127,59,68,0,390,0.0,0.0,True,206,False
2023-12-04,KNI-010,0,388,52,52,0,336,0,127239.84,7.118,False,206,False
2023-12-11,KNI-010,336,0,83,83,0,253,0,95808.57,5.349,False,206,False
2023-12-18,KNI-010,253,0,74,74,0,179,372,67785.51,3.777,False,206,True
2023-12-25,KNI-010,179,0,69,69,0,110,372,41655.9,2.317,False,206,False
2024-01-01,KNI-010,110,0,59,59,0,51,372,19313.19,1.072,False,206,False
2024-01-08,KNI-010,51,0,72,51,21,0,372,0.0,0.0,True,206,False
2024-01-15,KNI-010,0,370,44,44,0,326,0,123452.94,6.826,False,206,False
2024-01-22,KNI-010,326,0,70,70,0,256,0,96944.64,5.35,False,206,False
2024-01-29,KNI-010,256,0,52,52,0,204,348,77252.76,4.255,False,206,True
2024-02-05,KNI-010,204,0,59,59,0,145,348,54910.05,3.019,False,206,False
2024-02-12,KNI-010,145,0,54,54,0,91,348,34460.79,1.891,False,206,False
2024-02-19,KNI-010,91,0,55,55,0,36,348,13632.84,0.747,False,206,False
2024-02-26,KNI-010,36,342,57,57,0,321,0,121559.49,6.645,False,206,False
2024-03-04,KNI-010,321,0,68,68,0,253,0,95808.57,5.227,False,206,False
2024-03-11,KNI-010,253,0,46,46,0,207,0,78388.83,4.269,False,206,False
2024-03-18,KNI-010,207,0,64,64,0,143,408,54152.67,2.943,False,206,True
2024-03-25,KNI-010,143,0,50,50,0,93,408,35218.17,1.911,False,206,False
2024-04-01,KNI-010,93,0,43,43,0,50,408,18934.5,1.025,False,206,False
2024-04-08,KNI-010,50,0,54,50,4,0,408,0.0,0.0,True,206,False
2024-04-15,KNI-010,0,0,45,0,45,0,408,0.0,0.0,True,206,False
2024-04-22,KNI-010,0,398,31,31,0,367,0,138979.23,7.483,False,206,False
2024-04-29,KNI-010,367,0,38,38,0,329,0,124589.01,6.695,False,206,False
2024-05-06,KNI-010,329,0,17,17,0,312,0,118151.28,6.338,False,206,False
2024-05-13,KNI-010,312,0,39,39,0,273,0,103382.37,5.535,False,206,False
2024-05-20,KNI-010,273,0,28,28,0,245,0,92779.05,4.958,False,206,False
2024-05-27,KNI-010,245,0,37,37,0,208,0,78767.52,4.202,False,206,False
2024-06-03,KNI-010,208,0,41,41,0,167,384,63241.23,3.367,False,206,True
2024-06-10,KNI-010,167,0,52,52,0,115,384,43549.35,2.314,False,206,False
2024-06-17,KNI-010,115,0,35,35,0,80,384,30295.2,1.607,False,206,False
2024-06-24,KNI-010,80,0,24,24,0,56,384,21206.64,1.123,False,206,False
2024-07-01,KNI-010,56,0,41,41,0,15,384,5680.35,0.3,False,206,False
2024-07-08,KNI-010,15,380,33,33,0,362,0,137085.78,7.232,False,206,False
2024-07-15,KNI-010,362,0,42,42,0,320,0,121180.8,6.381,False,206,False
2024-07-22,KNI-010,320,0,42,42,0,278,0,105275.82,5.533,False,206,False
2024-07-29,KNI-010,278,0,40,40,0,238,0,90128.22,4.728,False,206,False
2024-08-05,KNI-010,238,0,36,36,0,202,348,76495.38,4.006,False,206,True
2024-08-12,KNI-010,202,0,37,37,0,165,348,62483.85,3.266,False,206,False
2024-08-19,KNI-010,165,0,43,43,0,122,348,46200.18,2.411,False,206,False
2024-08-26,KNI-010,122,0,42,42,0,80,348,30295.2,1.578,False,206,False
2024-09-02,KNI-010,80,341,31,31,0,390,0,147689.1,7.678,False,206,False
2024-09-09,KNI-010,390,0,65,65,0,325,0,123074.25,6.387,False,206,False
2024-09-16,KNI-010,325,0,44,44,0,281,0,106411.89,5.512,False,206,False
2024-09-23,KNI-010,281,0,80,80,0,201,348,76116.69,3.936,False,206,True
2024-09-30,KNI-010,201,0,80,80,0,121,348,45821.49,2.365,False,206,False
2024-10-07,KNI-010,121,0,53,53,0,68,348,25750.92,1.327,False,206,False
2024-10-14,KNI-010,68,0,41,41,0,27,348,10224.63,0.526,False,206,False
2024-10-21,KNI-010,27,346,64,64,0,309,0,117015.21,6.007,False,206,False
2024-10-28,KNI-010,309,0,51,51,0,258,0,97702.02,5.007,False,206,False
2024-11-04,KNI-010,258,0,73,73,0,185,366,70057.65,3.584,False,206,True
2024-11-11,KNI-010,185,0,80,80,0,105,366,39762.45,2.03,False,206,False
2024-11-18,KNI-010,105,0,103,103,0,2,366,757.38,0.039,False,206,False
2024-11-25,KNI-010,2,0,127,2,125,0,366,0.0,0.0,True,206,False
2024-12-02,KNI-010,0,361,65,65,0,296,0,112092.24,5.693,False,206,False
2024-12-09,KNI-010,296,0,67,67,0,229,0,86720.01,4.397,False,206,False
2024-12-16,KNI-010,229,0,83,83,0,146,402,55288.74,2.798,False,206,True
2024-12-23,KNI-010,146,0,90,90,0,56,402,21206.64,1.071,False,206,False
2024-12-30,KNI-010,56,0,41,41,0,15,402,5680.35,0.286,False,206,False
2025-01-06,KNI-010,15,0,77,15,62,0,402,0.0,0.0,True,206,False
2025-01-13,KNI-010,0,394,85,85,0,309,0,117015.21,5.881,False,206,False
2025-01-20,KNI-010,309,0,79,79,0,230,0,87098.7,4.37,False,206,False
2025-01-27,KNI-010,230,0,69,69,0,161,390,60969.09,3.054,False,206,True
2025-02-03,KNI-010,161,0,74,74,0,87,390,32946.03,1.647,False,206,False
2025-02-10,KNI-010,87,0,68,68,0,19,390,7195.11,0.359,False,206,False
2025-02-17,KNI-010,19,0,70,19,51,0,390,0.0,0.0,True,206,False
2025-02-24,KNI-010,0,386,57,57,0,329,0,124589.01,6.197,False,206,False
2025-03-03,KNI-010,329,0,78,78,0,251,0,95051.19,4.719,False,206,False
2025-03-10,KNI-010,251,0,59,59,0,192,360,72708.48,3.604,False,206,True
2025-03-17,KNI-010,192,0,60,60,0,132,360,49987.08,2.473,False,206,False
2025-03-24,KNI-010,132,0,61,61,0,71,360,26886.99,1.328,False,206,False
2025-03-31,KNI-010,71,0,78,71,7,0,360,0.0,0.0,True,206,False
2025-04-07,KNI-010,0,0,47,0,47,0,360,0.0,0.0,True,206,False
2025-04-14,KNI-010,0,350,50,50,0,300,0,113607.0,5.583,False,206,False
2025-04-21,KNI-010,300,0,53,53,0,247,0,93536.43,4.589,False,206,False
2025-04-28,KNI-010,247,0,42,42,0,205,348,77631.45,3.802,False,206,True
2025-05-05,KNI-010,205,0,50,50,0,155,348,58696.95,2.87,False,206,False
2025-05-12,KNI-010,155,0,46,46,0,109,348,41277.21,2.015,False,206,False
2025-05-19,KNI-010,109,0,45,45,0,64,348,24236.16,1.181,False,206,False
2025-05-26,KNI-010,64,345,47,47,0,362,0,137085.78,6.668,False,206,False
2025-06-02,KNI-010,362,0,39,39,0,323,0,122316.87,5.939,False,206,False
2025-06-09,KNI-010,323,0,55,55,0,268,0,101488.92,4.92,False,206,False
2025-06-16,KNI-010,268,0,47,47,0,221,0,83690.49,4.05,False,206,False
2025-06-23,KNI-010,221,0,35,35,0,186,366,70436.34,3.403,False,206,True
2025-06-30,KNI-010,186,0,37,37,0,149,366,56424.81,2.721,False,206,False
2025-07-07,KNI-010,149,0,28,28,0,121,366,45821.49,2.206,False,206,False
2025-07-14,KNI-010,121,0,43,43,0,78,366,29537.82,1.42,False,206,False
2025-07-21,KNI-010,78,360,42,42,0,396,0,149961.24,7.197,False,206,False
2025-07-28,KNI-010,396,0,31,31,0,365,0,138221.85,6.622,False,206,False
2025-08-04,KNI-010,365,0,33,33,0,332,0,125725.08,6.013,False,206,False
2025-08-11,KNI-010,332,0,36,36,0,296,0,112092.24,5.352,False,206,False
2025-08-18,KNI-010,296,0,41,41,0,255,0,96565.95,4.603,False,206,False
2025-08-25,KNI-010,255,0,44,44,0,211,0,79903.59,3.803,False,206,False
2025-09-01,KNI-010,211,0,52,52,0,159,390,60211.71,2.861,False,206,True
2025-09-08,KNI-010,159,0,71,71,0,88,390,33324.72,1.581,False,206,False
2025-09-15,KNI-010,88,0,45,45,0,43,390,16283.67,0.771,False,206,False
2025-09-22,KNI-010,43,0,54,43,11,0,390,0.0,0.0,True,206,False
2025-09-29,KNI-010,0,384,64,64,0,320,0,121180.8,5.72,False,206,False
2025-10-06,KNI-010,320,0,65,65,0,255,0,96565.95,4.551,False,206,False
2025-10-13,KNI-010,255,0,62,62,0,193,360,73087.17,3.438,False,206,True
2025-10-20,KNI-010,193,0,66,66,0,127,360,48093.63,2.259,False,206,False
2025-10-27,KNI-010,127,0,65,65,0,62,360,23478.78,1.101,False,206,False
2025-11-03,KNI-010,62,0,92,62,30,0,360,0.0,0.0,True,206,False
2025-11-10,KNI-010,0,0,57,0,57,0,360,0.0,0.0,True,206,False
2025-11-17,KNI-010,0,349,128,128,0,221,0,83690.49,3.905,False,206,False
2025-11-24,KNI-010,221,0,98,98,0,123,426,46578.87,2.17,False,206,True
2025-12-01,KNI-010,123,0,60,60,0,63,426,23857.47,1.11,False,206,False
2025-12-08,KNI-010,63,0,104,63,41,0,426,0.0,0.0,True,206,False
2025-12-15,KNI-010,0,0,105,0,105,0,426,0.0,0.0,True,206,False
2025-12-22,KNI-010,0,415,95,95,0,320,0,121180.8,5.609,False,206,False
2025-12-29,KNI-010,320,0,85,85,0,235,0,88992.15,4.113,False,206,False
2023-01-02,OUT-001,264,0,28,28,0,236,0,197631.12,9.895,False,34,False
2023-01-09,OUT-001,236,0,38,38,0,198,0,165809.16,8.284,False,34,False
2023-01-16,OUT-001,198,0,41,41,0,157,0,131474.94,6.555,False,34,False
2023-01-23,OUT-001,157,0,25,25,0,132,0,110539.44,5.499,False,34,False
2023-01-30,OUT-001,132,0,34,34,0,98,0,82067.16,4.074,False,34,False
2023-02-06,OUT-001,98,0,34,34,0,64,0,53594.88,2.655,False,34,False
2023-02-13,OUT-001,64,0,37,37,0,27,200,22610.34,1.118,False,34,True
2023-02-20,OUT-001,27,197,29,29,0,195,0,163296.9,8.055,False,34,False
2023-02-27,OUT-001,195,0,25,25,0,170,0,142361.4,7.007,False,34,False
2023-03-06,OUT-001,170,0,47,47,0,123,0,103002.66,5.059,False,34,False
2023-03-13,OUT-001,123,0,34,34,0,89,0,74530.38,3.653,False,34,False
2023-03-20,OUT-001,89,0,24,24,0,65,0,54432.3,2.662,False,34,False
2023-03-27,OUT-001,65,0,33,33,0,32,200,26797.44,1.308,False,34,True
2023-04-03,OUT-001,32,194,20,20,0,206,0,172508.52,8.402,False,34,False
2023-04-10,OUT-001,206,0,22,22,0,184,0,154085.28,7.489,False,34,False
2023-04-17,OUT-001,184,0,20,20,0,164,0,137336.88,6.661,False,34,False
2023-04-24,OUT-001,164,0,19,19,0,145,0,121425.9,5.877,False,34,False
2023-05-01,OUT-001,145,0,20,20,0,125,0,104677.5,5.056,False,34,False
2023-05-08,OUT-001,125,0,14,14,0,111,0,92953.62,4.481,False,34,False
2023-05-15,OUT-001,111,0,22,22,0,89,0,74530.38,3.585,False,34,False
2023-05-22,OUT-001,89,0,17,17,0,72,0,60294.24,2.894,False,34,False
2023-05-29,OUT-001,72,0,14,14,0,58,0,48570.36,2.327,False,34,False
2023-06-05,OUT-001,58,0,15,15,0,43,0,36009.06,1.722,False,34,False
2023-06-12,OUT-001,43,0,16,16,0,27,200,22610.34,1.079,False,34,True
2023-06-19,OUT-001,27,199,10,10,0,216,0,180882.72,8.612,False,34,False
2023-06-26,OUT-001,216,0,19,19,0,197,0,164971.74,7.839,False,34,False
2023-07-03,OUT-001,197,0,13,13,0,184,0,154085.28,7.306,False,34,False
2023-07-10,OUT-001,184,0,16,16,0,168,0,140686.56,6.658,False,34,False
2023-07-17,OUT-001,168,0,12,12,0,156,0,130637.52,6.169,False,34,False
2023-07-24,OUT-001,156,0,13,13,0,143,0,119751.06,5.644,False,34,False
2023-07-31,OUT-001,143,0,16,16,0,127,0,106352.34,5.002,False,34,False
2023-08-07,OUT-001,127,0,28,28,0,99,0,82904.58,3.892,False,34,False
2023-08-14,OUT-001,99,0,25,25,0,74,0,61969.08,2.903,False,34,False
2023-08-21,OUT-001,74,0,27,27,0,47,0,39358.74,1.84,False,34,False
2023-08-28,OUT-001,47,0,23,23,0,24,210,20098.08,0.938,False,34,True
2023-09-04,OUT-001,24,209,28,28,0,205,0,171671.1,7.994,False,34,False
2023-09-11,OUT-001,205,0,28,28,0,177,0,148223.34,6.888,False,34,False
2023-09-18,OUT-001,177,0,30,30,0,147,0,123100.74,5.709,False,34,False
2023-09-25,OUT-001,147,0,26,26,0,121,0,101327.82,4.69,False,34,False
2023-10-02,OUT-001,121,0,30,30,0,91,0,76205.22,3.52,False,34,False
2023-10-09,OUT-001,91,0,22,22,0,69,0,57781.98,2.664,False,34,False
2023-10-16,OUT-001,69,0,41,41,0,28,200,23447.76,1.079,False,34,True
2023-10-23,OUT-001,28,0,35,28,7,0,200,0.0,0.0,True,34,False
2023-10-30,OUT-001,0,0,30,0,30,0,200,0.0,0.0,True,34,False
2023-11-06,OUT-001,0,0,45,0,45,0,200,0.0,0.0,True,34,False
2023-11-13,OUT-001,0,0,24,0,24,0,200,0.0,0.0,True,34,False
2023-11-20,OUT-001,0,0,45,0,45,0,200,0.0,0.0,True,34,False
2023-11-27,OUT-001,0,0,57,0,57,0,200,0.0,0.0,True,34,False
2023-12-04,OUT-001,0,0,30,0,30,0,200,0.0,0.0,True,34,False
2023-12-11,OUT-001,0,0,46,0,46,0,200,0.0,0.0,True,34,False
2023-12-18,OUT-001,0,0,36,0,36,0,200,0.0,0.0,True,34,False
2023-12-25,OUT-001,0,0,45,0,45,0,200,0.0,0.0,True,34,False
2024-01-01,OUT-001,0,0,41,0,41,0,200,0.0,0.0,True,34,False
2024-01-08,OUT-001,0,0,35,0,35,0,200,0.0,0.0,True,34,False
2024-01-15,OUT-001,0,0,40,0,40,0,200,0.0,0.0,True,34,False
2024-01-22,OUT-001,0,0,22,0,22,0,200,0.0,0.0,True,34,False
2024-01-29,OUT-001,0,0,39,0,39,0,200,0.0,0.0,True,34,False
2024-02-05,OUT-001,0,0,24,0,24,0,200,0.0,0.0,True,34,False
2024-02-12,OUT-001,0,0,43,0,43,0,200,0.0,0.0,True,34,False
2024-02-19,OUT-001,0,0,33,0,33,0,200,0.0,0.0,True,34,False
2024-02-26,OUT-001,0,0,46,0,46,0,200,0.0,0.0,True,34,False
2024-03-04,OUT-001,0,0,30,0,30,0,200,0.0,0.0,True,34,False
2024-03-11,OUT-001,0,0,29,0,29,0,200,0.0,0.0,True,34,False
2024-03-18,OUT-001,0,0,41,0,41,0,200,0.0,0.0,True,34,False
2024-03-25,OUT-001,0,0,26,0,26,0,200,0.0,0.0,True,34,False
2024-04-01,OUT-001,0,0,25,0,25,0,200,0.0,0.0,True,34,False
2024-04-08,OUT-001,0,0,31,0,31,0,200,0.0,0.0,True,34,False
2024-04-15,OUT-001,0,0,21,0,21,0,200,0.0,0.0,True,34,False
2024-04-22,OUT-001,0,0,18,0,18,0,200,0.0,0.0,True,34,False
2024-04-29,OUT-001,0,0,27,0,27,0,200,0.0,0.0,True,34,False
2024-05-06,OUT-001,0,0,12,0,12,0,200,0.0,0.0,True,34,False
2024-05-13,OUT-001,0,0,17,0,17,0,200,0.0,0.0,True,34,False
2024-05-20,OUT-001,0,0,18,0,18,0,200,0.0,0.0,True,34,False
2024-05-27,OUT-001,0,0,15,0,15,0,200,0.0,0.0,True,34,False
2024-06-03,OUT-001,0,0,18,0,18,0,200,0.0,0.0,True,34,False
2024-06-10,OUT-001,0,0,22,0,22,0,200,0.0,0.0,True,34,False
2024-06-17,OUT-001,0,0,25,0,25,0,200,0.0,0.0,True,34,False
2024-06-24,OUT-001,0,0,15,0,15,0,200,0.0,0.0,True,34,False
2024-07-01,OUT-001,0,0,20,0,20,0,200,0.0,0.0,True,34,False
2024-07-08,OUT-001,0,0,19,0,19,0,200,0.0,0.0,True,34,False
2024-07-15,OUT-001,0,0,21,0,21,0,200,0.0,0.0,True,34,False
2024-07-22,OUT-001,0,0,28,0,28,0,200,0.0,0.0,True,34,False
2024-07-29,OUT-001,0,0,16,0,16,0,200,0.0,0.0,True,34,False
2024-08-05,OUT-001,0,0,17,0,17,0,200,0.0,0.0,True,34,False
2024-08-12,OUT-001,0,0,11,0,11,0,200,0.0,0.0,True,34,False
2024-08-19,OUT-001,0,0,24,0,24,0,200,0.0,0.0,True,34,False
2024-08-26,OUT-001,0,0,21,0,21,0,200,0.0,0.0,True,34,False
2024-09-02,OUT-001,0,0,28,0,28,0,200,0.0,0.0,True,34,False
2024-09-09,OUT-001,0,0,21,0,21,0,200,0.0,0.0,True,34,False
2024-09-16,OUT-001,0,0,27,0,27,0,200,0.0,0.0,True,34,False
2024-09-23,OUT-001,0,0,34,0,34,0,200,0.0,0.0,True,34,False
2024-09-30,OUT-001,0,0,16,0,16,0,200,0.0,0.0,True,34,False
2024-10-07,OUT-001,0,0,18,0,18,0,200,0.0,0.0,True,34,False
2024-10-14,OUT-001,0,0,38,0,38,0,200,0.0,0.0,True,34,False
2024-10-21,OUT-001,0,0,25,0,25,0,200,0.0,0.0,True,34,False
2024-10-28,OUT-001,0,0,24,0,24,0,200,0.0,0.0,True,34,False
2024-11-04,OUT-001,0,0,52,0,52,0,200,0.0,0.0,True,34,False
2024-11-11,OUT-001,0,0,37,0,37,0,200,0.0,0.0,True,34,False
2024-11-18,OUT-001,0,0,58,0,58,0,200,0.0,0.0,True,34,False
2024-11-25,OUT-001,0,0,62,0,62,0,200,0.0,0.0,True,34,False
2024-12-02,OUT-001,0,0,36,0,36,0,200,0.0,0.0,True,34,False
2024-12-09,OUT-001,0,0,48,0,48,0,200,0.0,0.0,True,34,False
2024-12-16,OUT-001,0,0,37,0,37,0,200,0.0,0.0,True,34,False
2024-12-23,OUT-001,0,0,54,0,54,0,200,0.0,0.0,True,34,False
2024-12-30,OUT-001,0,0,41,0,41,0,200,0.0,0.0,True,34,False
2025-01-06,OUT-001,0,0,54,0,54,0,200,0.0,0.0,True,34,False
2025-01-13,OUT-001,0,0,53,0,53,0,200,0.0,0.0,True,34,False
2025-01-20,OUT-001,0,0,42,0,42,0,200,0.0,0.0,True,34,False
2025-01-27,OUT-001,0,0,36,0,36,0,200,0.0,0.0,True,34,False
2025-02-03,OUT-001,0,0,43,0,43,0,200,0.0,0.0,True,34,False
2025-02-10,OUT-001,0,0,42,0,42,0,200,0.0,0.0,True,34,False
2025-02-17,OUT-001,0,0,34,0,34,0,200,0.0,0.0,True,34,False
2025-02-24,OUT-001,0,0,27,0,27,0,200,0.0,0.0,True,34,False
2025-03-03,OUT-001,0,0,30,0,30,0,200,0.0,0.0,True,34,False
2025-03-10,OUT-001,0,0,32,0,32,0,200,0.0,0.0,True,34,False
2025-03-17,OUT-001,0,0,44,0,44,0,200,0.0,0.0,True,34,False
2025-03-24,OUT-001,0,0,27,0,27,0,200,0.0,0.0,True,34,False
2025-03-31,OUT-001,0,0,50,0,50,0,200,0.0,0.0,True,34,False
2025-04-07,OUT-001,0,0,22,0,22,0,200,0.0,0.0,True,34,False
2025-04-14,OUT-001,0,0,39,0,39,0,200,0.0,0.0,True,34,False
2025-04-21,OUT-001,0,0,33,0,33,0,200,0.0,0.0,True,34,False
2025-04-28,OUT-001,0,0,33,0,33,0,200,0.0,0.0,True,34,False
2025-05-05,OUT-001,0,0,29,0,29,0,200,0.0,0.0,True,34,False
2025-05-12,OUT-001,0,0,27,0,27,0,200,0.0,0.0,True,34,False
2025-05-19,OUT-001,0,0,18,0,18,0,200,0.0,0.0,True,34,False
2025-05-26,OUT-001,0,0,21,0,21,0,200,0.0,0.0,True,34,False
2025-06-02,OUT-001,0,0,18,0,18,0,200,0.0,0.0,True,34,False
2025-06-09,OUT-001,0,0,26,0,26,0,200,0.0,0.0,True,34,False
2025-06-16,OUT-001,0,0,23,0,23,0,200,0.0,0.0,True,34,False
2025-06-23,OUT-001,0,0,11,0,11,0,200,0.0,0.0,True,34,False
2025-06-30,OUT-001,0,0,21,0,21,0,200,0.0,0.0,True,34,False
2025-07-07,OUT-001,0,0,21,0,21,0,200,0.0,0.0,True,34,False
2025-07-14,OUT-001,0,0,21,0,21,0,200,0.0,0.0,True,34,False
2025-07-21,OUT-001,0,0,17,0,17,0,200,0.0,0.0,True,34,False
2025-07-28,OUT-001,0,0,22,0,22,0,200,0.0,0.0,True,34,False
2025-08-04,OUT-001,0,0,16,0,16,0,200,0.0,0.0,True,34,False
2025-08-11,OUT-001,0,0,28,0,28,0,200,0.0,0.0,True,34,False
2025-08-18,OUT-001,0,0,20,0,20,0,200,0.0,0.0,True,34,False
2025-08-25,OUT-001,0,0,26,0,26,0,200,0.0,0.0,True,34,False
2025-09-01,OUT-001,0,0,37,0,37,0,200,0.0,0.0,True,34,False
2025-09-08,OUT-001,0,0,44,0,44,0,200,0.0,0.0,True,34,False
2025-09-15,OUT-001,0,0,24,0,24,0,200,0.0,0.0,True,34,False
2025-09-22,OUT-001,0,0,32,0,32,0,200,0.0,0.0,True,34,False
2025-09-29,OUT-001,0,0,37,0,37,0,200,0.0,0.0,True,34,False
2025-10-06,OUT-001,0,0,34,0,34,0,200,0.0,0.0,True,34,False
2025-10-13,OUT-001,0,0,28,0,28,0,200,0.0,0.0,True,34,False
2025-10-20,OUT-001,0,0,36,0,36,0,200,0.0,0.0,True,34,False
2025-10-27,OUT-001,0,0,45,0,45,0,200,0.0,0.0,True,34,False
2025-11-03,OUT-001,0,0,52,0,52,0,200,0.0,0.0,True,34,False
2025-11-10,OUT-001,0,0,41,0,41,0,200,0.0,0.0,True,34,False
2025-11-17,OUT-001,0,0,63,0,63,0,200,0.0,0.0,True,34,False
2025-11-24,OUT-001,0,0,60,0,60,0,200,0.0,0.0,True,34,False
2025-12-01,OUT-001,0,0,33,0,33,0,200,0.0,0.0,True,34,False
2025-12-08,OUT-001,0,0,44,0,44,0,200,0.0,0.0,True,34,False
2025-12-15,OUT-001,0,0,47,0,47,0,200,0.0,0.0,True,34,False
2025-12-22,OUT-001,0,0,50,0,50,0,200,0.0,0.0,True,34,False
2025-12-29,OUT-001,0,0,35,0,35,0,200,0.0,0.0,True,34,False
2023-01-02,OUT-002,324,0,61,61,0,263,0,371511.17,6.751,False,100,False
2023-01-09,OUT-002,263,0,67,67,0,196,0,276867.64,5.02,False,100,False
2023-01-16,OUT-002,196,0,68,68,0,128,0,180811.52,3.271,False,100,False
2023-01-23,OUT-002,128,0,56,56,0,72,342,101706.48,1.836,False,100,True
2023-01-30,OUT-002,72,0,48,48,0,24,342,33902.16,0.611,False,100,False
2023-02-06,OUT-002,24,337,50,50,0,311,0,439315.49,7.898,False,100,False
2023-02-13,OUT-002,311,0,50,50,0,261,0,368685.99,6.614,False,100,False
2023-02-20,OUT-002,261,0,29,29,0,232,0,327720.88,5.867,False,100,False
2023-02-27,OUT-002,232,0,41,41,0,191,0,269804.69,4.82,False,100,False
2023-03-06,OUT-002,191,0,59,59,0,132,0,186461.88,3.324,False,100,False
2023-03-13,OUT-002,132,0,39,39,0,93,324,131370.87,2.337,False,100,True
2023-03-20,OUT-002,93,0,45,45,0,48,324,67804.32,1.204,False,100,False
2023-03-27,OUT-002,48,321,37,37,0,332,0,468979.88,8.307,False,100,False
2023-04-03,OUT-002,332,0,38,38,0,294,0,415301.46,7.341,False,100,False
2023-04-10,OUT-002,294,0,65,65,0,229,0,323483.11,5.706,False,100,False
2023-04-17,OUT-002,229,0,31,31,0,198,0,279692.82,4.923,False,100,False
2023-04-24,OUT-002,198,0,39,39,0,159,0,224601.81,3.945,False,100,False
2023-05-01,OUT-002,159,0,41,41,0,118,0,166685.62,2.922,False,100,False
2023-05-08,OUT-002,118,0,30,30,0,88,324,124307.92,2.175,False,100,True
2023-05-15,OUT-002,88,0,22,22,0,66,324,93230.94,1.628,False,100,False
2023-05-22,OUT-002,66,318,26,26,0,358,0,505707.22,8.81,False,100,False
2023-05-29,OUT-002,358,0,32,32,0,326,0,460504.34,8.006,False,100,False
2023-06-05,OUT-002,326,0,24,24,0,302,0,426602.18,7.401,False,100,False
2023-06-12,OUT-002,302,0,30,30,0,272,0,384224.48,6.653,False,100,False
2023-06-19,OUT-002,272,0,33,33,0,239,0,337609.01,5.833,False,100,False
2023-06-26,OUT-002,239,0,19,19,0,220,0,310769.8,5.359,False,100,False
2023-07-03,OUT-002,220,0,43,43,0,177,0,250028.43,4.303,False,100,False
2023-07-10,OUT-002,177,0,22,22,0,155,0,218951.45,3.76,False,100,False
2023-07-17,OUT-002,155,0,24,24,0,131,0,185049.29,3.171,False,100,False
2023-07-24,OUT-002,131,0,32,32,0,99,318,139846.41,2.392,False,100,True
2023-07-31,OUT-002,99,0,20,20,0,79,318,111594.61,1.905,False,100,False
2023-08-07,OUT-002,79,0,30,30,0,49,318,69216.91,1.179,False,100,False
2023-08-14,OUT-002,49,317,35,35,0,331,0,467567.29,7.949,False,100,False
2023-08-21,OUT-002,331,0,35,35,0,296,0,418126.64,7.094,False,100,False
2023-08-28,OUT-002,296,0,39,39,0,257,0,363035.63,6.147,False,100,False
2023-09-04,OUT-002,257,0,31,31,0,226,0,319245.34,5.395,False,100,False
2023-09-11,OUT-002,226,0,40,40,0,186,0,262741.74,4.431,False,100,False
2023-09-18,OUT-002,186,0,32,32,0,154,0,217538.86,3.661,False,100,False
2023-09-25,OUT-002,154,0,52,52,0,102,0,144084.18,2.42,False,100,False
2023-10-02,OUT-002,102,0,37,37,0,65,348,91818.35,1.539,False,100,True
2023-10-09,OUT-002,65,0,36,36,0,29,348,40965.11,0.685,False,100,False
2023-10-16,OUT-002,29,344,34,34,0,339,0,478868.01,7.996,False,100,False
2023-10-23,OUT-002,339,0,48,48,0,291,0,411063.69,6.851,False,100,False
2023-10-30,OUT-002,291,0,72,72,0,219,0,309357.21,5.145,False,100,False
2023-11-06,OUT-002,219,0,57,57,0,162,0,228839.58,3.799,False,100,False
2023-11-13,OUT-002,162,0,46,46,0,116,0,163860.44,2.715,False,100,False
2023-11-20,OUT-002,116,0,111,111,0,5,408,7062.95,0.117,False,100,True
2023-11-27,OUT-002,5,0,94,5,89,0,408,0.0,0.0,True,100,False
2023-12-04,OUT-002,0,400,62,62,0,338,0,477455.42,7.864,False,100,False
2023-12-11,OUT-002,338,0,67,67,0,271,0,382811.89,6.293,False,100,False
2023-12-18,OUT-002,271,0,80,80,0,191,0,269804.69,4.427,False,100,False
2023-12-25,OUT-002,191,0,68,68,0,123,0,173748.57,2.845,False,100,False
2024-01-01,OUT-002,123,0,48,48,0,75,342,105944.25,1.731,False,100,True
2024-01-08,OUT-002,75,0,79,75,4,0,342,0.0,0.0,True,100,False
2024-01-15,OUT-002,0,0,67,0,67,0,342,0.0,0.0,True,100,False
2024-01-22,OUT-002,0,335,45,45,0,290,0,409651.1,6.656,False,100,False
2024-01-29,OUT-002,290,0,68,68,0,222,0,313594.98,5.086,False,100,False
2024-02-05,OUT-002,222,0,56,56,0,166,0,234489.94,3.796,False,100,False
2024-02-12,OUT-002,166,0,45,45,0,121,0,170923.39,2.761,False,100,False
2024-02-19,OUT-002,121,0,56,56,0,65,348,91818.35,1.481,False,100,True
2024-02-26,OUT-002,65,0,59,59,0,6,348,8475.54,0.136,False,100,False
2024-03-04,OUT-002,6,347,42,42,0,311,0,439315.49,7.057,False,100,False
2024-03-11,OUT-002,311,0,32,32,0,279,0,394112.61,6.319,False,100,False
2024-03-18,OUT-002,279,0,59,59,0,220,0,310769.8,4.973,False,100,False
2024-03-25,OUT-002,220,0,50,50,0,170,0,240140.3,3.836,False,100,False
2024-04-01,OUT-002,170,0,41,41,0,129,0,182224.11,2.905,False,100,False
2024-04-08,OUT-002,129,0,37,37,0,92,324,129958.28,2.068,False,100,True
2024-04-15,OUT-002,92,0,35,35,0,57,324,80517.63,1.279,False,100,False
2024-04-22,OUT-002,57,321,44,44,0,334,0,471805.06,7.479,False,100,False
2024-04-29,OUT-002,334,0,42,42,0,292,0,412476.28,6.527,False,100,False
2024-05-06,OUT-002,292,0,38,38,0,254,0,358797.86,5.667,False,100,False
2024-05-13,OUT-002,254,0,41,41,0,213,0,300881.67,4.743,False,100,False
2024-05-20,OUT-002,213,0,42,42,0,171,0,241552.89,3.801,False,100,False
2024-05-27,OUT-002,171,0,30,30,0,141,0,199175.19,3.128,False,100,False
2024-06-03,OUT-002,141,0,25,25,0,116,0,163860.44,2.569,False,100,False
2024-06-10,OUT-002,116,0,35,35,0,81,336,114419.79,1.79,False,100,True
2024-06-17,OUT-002,81,0,34,34,0,47,336,66391.73,1.037,False,100,False
2024-06-24,OUT-002,47,331,27,27,0,351,0,495819.09,7.73,False,100,False
2024-07-01,OUT-002,351,0,17,17,0,334,0,471805.06,7.342,False,100,False
2024-07-08,OUT-002,334,0,26,26,0,308,0,435077.72,6.758,False,100,False
2024-07-15,OUT-002,308,0,35,35,0,273,0,385637.07,5.979,False,100,False
2024-07-22,OUT-002,273,0,40,40,0,233,0,329133.47,5.093,False,100,False
2024-07-29,OUT-002,233,0,25,25,0,208,0,293818.72,4.539,False,100,False
2024-08-05,OUT-002,208,0,52,52,0,156,0,220364.04,3.398,False,100,False
2024-08-12,OUT-002,156,0,37,37,0,119,0,168098.21,2.587,False,100,False
2024-08-19,OUT-002,119,0,30,30,0,89,324,125720.51,1.931,False,100,True
2024-08-26,OUT-002,89,0,36,36,0,53,324,74867.27,1.148,False,100,False
2024-09-02,OUT-002,53,319,36,36,0,336,0,474630.24,7.265,False,100,False
2024-09-09,OUT-002,336,0,31,31,0,305,0,430839.95,6.583,False,100,False
2024-09-16,OUT-002,305,0,38,38,0,267,0,377161.53,5.752,False,100,False
2024-09-23,OUT-002,267,0,50,50,0,217,0,306532.03,4.667,False,100,False
2024-09-30,OUT-002,217,0,53,53,0,164,0,231664.76,3.521,False,100,False
2024-10-07,OUT-002,164,0,48,48,0,116,0,163860.44,2.486,False,100,False
2024-10-14,OUT-002,116,0,55,55,0,61,354,86167.99,1.305,False,100,True
2024-10-21,OUT-002,61,0,47,47,0,14,354,19776.26,0.299,False,100,False
2024-10-28,OUT-002,14,347,46,46,0,315,0,444965.85,6.714,False,100,False
2024-11-04,OUT-002,315,0,63,63,0,252,0,355972.68,5.362,False,100,False
2024-11-11,OUT-002,252,0,57,57,0,195,0,275455.05,4.141,False,100,False
2024-11-18,OUT-002,195,0,85,85,0,110,0,155384.9,2.332,False,100,False
2024-11-25,OUT-002,110,0,98,98,0,12,402,16951.08,0.254,False,100,True
2024-12-02,OUT-002,12,0,52,12,40,0,402,0.0,0.0,True,100,False
2024-12-09,OUT-002,0,393,60,60,0,333,0,470392.47,7.022,False,100,False
2024-12-16,OUT-002,333,0,66,66,0,267,0,377161.53,5.621,False,100,False
2024-12-23,OUT-002,267,0,85,85,0,182,0,257091.38,3.825,False,100,False
2024-12-30,OUT-002,182,0,67,67,0,115,0,162447.85,2.412,False,100,False
2025-01-06,OUT-002,115,0,99,99,0,16,396,22601.44,0.335,False,100,True
2025-01-13,OUT-002,16,0,73,16,57,0,396,0.0,0.0,True,100,False
2025-01-20,OUT-002,0,393,83,83,0,310,0,437902.9,6.469,False,100,False
2025-01-27,OUT-002,310,0,42,42,0,268,0,378574.12,5.583,False,100,False
2025-02-03,OUT-002,268,0,45,45,0,223,0,315007.57,4.637,False,100,False
2025-02-10,OUT-002,223,0,59,59,0,164,0,231664.76,3.404,False,100,False
2025-02-17,OUT-002,164,0,51,51,0,113,0,159622.67,2.342,False,100,False
2025-02-24,OUT-002,113,0,46,46,0,67,348,94643.53,1.386,False,100,True
2025-03-03,OUT-002,67,0,72,67,5,0,348,0.0,0.0,True,100,False
2025-03-10,OUT-002,0,345,57,57,0,288,0,406825.92,5.937,False,100,False
2025-03-17,OUT-002,288,0,59,59,0,229,0,323483.11,4.713,False,100,False
2025-03-24,OUT-002,229,0,32,32,0,197,0,278280.23,4.047,False,100,False
2025-03-31,OUT-002,197,0,60,60,0,137,0,193524.83,2.81,False,100,False
2025-04-07,OUT-002,137,0,39,39,0,98,318,138433.82,2.006,False,100,True
2025-04-14,OUT-002,98,0,41,41,0,57,318,80517.63,1.165,False,100,False
2025-04-21,OUT-002,57,317,48,48,0,326,0,460504.34,6.651,False,100,False
2025-04-28,OUT-002,326,0,45,45,0,281,0,396937.79,5.724,False,100,False
2025-05-05,OUT-002,281,0,34,34,0,247,0,348909.73,5.022,False,100,False
2025-05-12,OUT-002,247,0,27,27,0,220,0,310769.8,4.466,False,100,False
2025-05-19,OUT-002,220,0,35,35,0,185,0,261329.15,3.749,False,100,False
2025-05-26,OUT-002,185,0,34,34,0,151,0,213301.09,3.055,False,100,False
2025-06-02,OUT-002,151,0,34,34,0,117,0,165273.03,2.363,False,100,False
2025-06-09,OUT-002,117,0,33,33,0,84,330,118657.56,1.694,False,100,True
2025-06-16,OUT-002,84,0,25,25,0,59,330,83342.81,1.188,False,100,False
2025-06-23,OUT-002,59,326,25,25,0,360,0,508532.4,7.234,False,100,False
2025-06-30,OUT-002,360,0,43,43,0,317,0,447791.03,6.359,False,100,False
2025-07-07,OUT-002,317,0,40,40,0,277,0,391287.43,5.547,False,100,False
2025-07-14,OUT-002,277,0,33,33,0,244,0,344671.96,4.878,False,100,False
2025-07-21,OUT-002,244,0,50,50,0,194,0,274042.46,3.872,False,100,False
2025-07-28,OUT-002,194,0,37,37,0,157,0,221776.63,3.128,False,100,False
2025-08-04,OUT-002,157,0,39,39,0,118,0,166685.62,2.347,False,100,False
2025-08-11,OUT-002,118,0,40,40,0,78,336,110182.02,1.549,False,100,True
2025-08-18,OUT-002,78,0,32,32,0,46,336,64979.14,0.912,False,100,False
2025-08-25,OUT-002,46,331,46,46,0,331,0,467567.29,6.552,False,100,False
2025-09-01,OUT-002,331,0,44,44,0,287,0,405413.33,5.672,False,100,False
2025-09-08,OUT-002,287,0,37,37,0,250,0,353147.5,4.932,False,100,False
2025-09-15,OUT-002,250,0,45,45,0,205,0,289580.95,4.038,False,100,False
2025-09-22,OUT-002,205,0,69,69,0,136,0,192112.24,2.674,False,100,False
2025-09-29,OUT-002,136,0,40,40,0,96,318,135608.64,1.885,False,100,True
2025-10-06,OUT-002,96,313,44,44,0,365,0,515595.35,7.154,False,100,False
2025-10-13,OUT-002,365,0,81,81,0,284,0,401175.56,5.557,False,100,False
2025-10-20,OUT-002,284,0,63,63,0,221,0,312182.39,4.317,False,100,False
2025-10-27,OUT-002,221,0,75,75,0,146,0,206238.14,2.847,False,100,False
2025-11-03,OUT-002,146,0,92,92,0,54,360,76279.86,1.051,False,100,True
2025-11-10,OUT-002,54,0,54,54,0,0,360,0.0,0.0,False,100,False
2025-11-17,OUT-002,0,352,91,91,0,261,0,368685.99,5.066,False,100,False
2025-11-24,OUT-002,261,0,116,116,0,145,0,204825.55,2.81,False,100,False
2025-12-01,OUT-002,145,0,67,67,0,78,336,110182.02,1.509,False,100,True
2025-12-08,OUT-002,78,333,79,79,0,332,0,468979.88,6.412,False,100,False
2025-12-15,OUT-002,332,0,78,78,0,254,0,358797.86,4.898,False,100,False
2025-12-22,OUT-002,254,0,87,87,0,167,0,235902.53,3.215,False,100,False
2025-12-29,OUT-002,167,0,88,88,0,79,336,111594.61,1.518,False,100,True
2023-01-02,OUT-003,267,0,27,27,0,240,0,240568.8,10.336,False,86,False
2023-01-09,OUT-003,240,0,43,43,0,197,0,197466.89,8.466,False,86,False
2023-01-16,OUT-003,197,0,51,51,0,146,0,146346.02,6.261,False,86,False
2023-01-23,OUT-003,146,0,33,33,0,113,0,113267.81,4.835,False,86,False
2023-01-30,OUT-003,113,0,39,39,0,74,200,74175.38,3.16,False,86,True
2023-02-06,OUT-003,74,0,34,34,0,40,200,40094.8,1.704,False,86,False
2023-02-13,OUT-003,40,0,35,35,0,5,200,5011.85,0.213,False,86,False
2023-02-20,OUT-003,5,195,32,32,0,168,0,168398.16,7.128,False,86,False
2023-02-27,OUT-003,168,0,29,29,0,139,0,139329.43,5.885,False,86,False
2023-03-06,OUT-003,139,0,33,33,0,106,0,106251.22,4.478,False,86,False
2023-03-13,OUT-003,106,0,34,34,0,72,200,72170.64,3.036,False,86,True
2023-03-20,OUT-003,72,0,29,29,0,43,200,43101.91,1.809,False,86,False
2023-03-27,OUT-003,43,0,29,29,0,14,200,14033.18,0.588,False,86,False
2023-04-03,OUT-003,14,197,31,31,0,180,0,180426.6,7.541,False,86,False
2023-04-10,OUT-003,180,0,29,29,0,151,0,151357.87,6.313,False,86,False
2023-04-17,OUT-003,151,0,21,21,0,130,0,130308.1,5.424,False,86,False
2023-04-24,OUT-003,130,0,17,17,0,113,0,113267.81,4.705,False,86,False
2023-05-01,OUT-003,113,0,17,17,0,96,0,96227.52,3.989,False,86,False
2023-05-08,OUT-003,96,0,29,29,0,67,210,67158.79,2.778,False,86,True
2023-05-15,OUT-003,67,0,21,21,0,46,210,46109.02,1.903,False,86,False
2023-05-22,OUT-003,46,0,19,19,0,27,210,27063.99,1.115,False,86,False
2023-05-29,OUT-003,27,206,17,17,0,216,0,216511.92,8.9,False,86,False
2023-06-05,OUT-003,216,0,12,12,0,204,0,204483.48,8.389,False,86,False
2023-06-12,OUT-003,204,0,19,19,0,185,0,185438.45,7.592,False,86,False
2023-06-19,OUT-003,185,0,13,13,0,172,0,172407.64,7.044,False,86,False
2023-06-26,OUT-003,172,0,18,18,0,154,0,154364.98,6.294,False,86,False
2023-07-03,OUT-003,154,0,20,20,0,134,0,134317.58,5.465,False,86,False
2023-07-10,OUT-003,134,0,19,19,0,115,0,115272.55,4.681,False,86,False
2023-07-17,OUT-003,115,0,18,18,0,97,0,97229.89,3.94,False,86,False
2023-07-24,OUT-003,97,0,25,25,0,72,200,72170.64,2.919,False,86,True
2023-07-31,OUT-003,72,0,14,14,0,58,200,58137.46,2.346,False,86,False
2023-08-07,OUT-003,58,0,16,16,0,42,200,42099.54,1.696,False,86,False
2023-08-14,OUT-003,42,0,12,12,0,30,200,30071.1,1.209,False,86,False
2023-08-21,OUT-003,30,195,20,20,0,205,0,205485.85,8.244,False,86,False
2023-08-28,OUT-003,205,0,14,14,0,191,0,191452.67,7.665,False,86,False
2023-09-04,OUT-003,191,0,20,20,0,171,0,171405.27,6.849,False,86,False
2023-09-11,OUT-003,171,0,30,30,0,141,0,141334.17,5.636,False,86,False
2023-09-18,OUT-003,141,0,18,18,0,123,0,123291.51,4.907,False,86,False
2023-09-25,OUT-003,123,0,27,27,0,96,0,96227.52,3.822,False,86,False
2023-10-02,OUT-003,96,0,37,37,0,59,220,59139.83,2.344,False,86,True
2023-10-09,OUT-003,59,0,21,21,0,38,220,38090.06,1.507,False,86,False
2023-10-16,OUT-003,38,0,35,35,0,3,220,3007.11,0.119,False,86,False
2023-10-23,OUT-003,3,218,33,33,0,188,0,188445.56,7.426,False,86,False
2023-10-30,OUT-003,188,0,18,18,0,170,0,170402.9,6.702,False,86,False
2023-11-06,OUT-003,170,0,27,27,0,143,0,143338.91,5.626,False,86,False
2023-11-13,OUT-003,143,0,23,23,0,120,0,120284.4,4.712,False,86,False
2023-11-20,OUT-003,120,0,62,62,0,58,220,58137.46,2.273,False,86,True
2023-11-27,OUT-003,58,0,32,32,0,26,220,26061.62,1.017,False,86,False
2023-12-04,OUT-003,26,0,23,23,0,3,220,3007.11,0.117,False,86,False
2023-12-11,OUT-003,3,219,40,40,0,182,0,182431.34,7.091,False,86,False
2023-12-18,OUT-003,182,0,40,40,0,142,0,142336.54,5.522,False,86,False
2023-12-25,OUT-003,142,0,45,45,0,97,0,97229.89,3.765,False,86,False
2024-01-01,OUT-003,97,0,43,43,0,54,220,54127.98,2.092,False,86,True
2024-01-08,OUT-003,54,0,37,37,0,17,220,17040.29,0.657,False,86,False
2024-01-15,OUT-003,17,0,39,17,22,0,220,0.0,0.0,True,86,False
2024-01-22,OUT-003,0,0,29,0,29,0,220,0.0,0.0,True,86,False
2024-01-29,OUT-003,0,214,32,32,0,182,0,182431.34,6.996,False,86,False
2024-02-05,OUT-003,182,0,37,37,0,145,0,145343.65,5.563,False,86,False
2024-02-12,OUT-003,145,0,33,33,0,112,0,112265.44,4.289,False,86,False
2024-02-19,OUT-003,112,0,30,30,0,82,190,82194.34,3.134,False,86,True
2024-02-26,OUT-003,82,0,42,42,0,40,190,40094.8,1.526,False,86,False
2024-03-04,OUT-003,40,0,32,32,0,8,190,8018.96,0.305,False,86,False
2024-03-11,OUT-003,8,186,25,25,0,169,0,169400.53,6.422,False,86,False
2024-03-18,OUT-003,169,0,33,33,0,136,0,136322.32,5.158,False,86,False
2024-03-25,OUT-003,136,0,32,32,0,104,0,104246.48,3.937,False,86,False
2024-04-01,OUT-003,104,0,26,26,0,78,200,78184.86,2.947,False,86,True
2024-04-08,OUT-003,78,0,22,22,0,56,200,56132.72,2.112,False,86,False
2024-04-15,OUT-003,56,0,30,30,0,26,200,26061.62,0.979,False,86,False
2024-04-22,OUT-003,26,198,18,18,0,206,0,206488.22,7.74,False,86,False
2024-04-29,OUT-003,206,0,17,17,0,189,0,189447.93,7.088,False,86,False
2024-05-06,OUT-003,189,0,19,19,0,170,0,170402.9,6.364,False,86,False
2024-05-13,OUT-003,170,0,23,23,0,147,0,147348.39,5.492,False,86,False
2024-05-20,OUT-003,147,0,9,9,0,138,0,138327.06,5.146,False,86,False
2024-05-27,OUT-003,138,0,14,14,0,124,0,124293.88,4.616,False,86,False
2024-06-03,OUT-003,124,0,18,18,0,106,0,106251.22,3.938,False,86,False
2024-06-10,OUT-003,106,0,20,20,0,86,190,86203.82,3.189,False,86,True
2024-06-17,OUT-003,86,0,12,12,0,74,190,74175.38,2.739,False,86,False
2024-06-24,OUT-003,74,0,16,16,0,58,190,58137.46,2.143,False,86,False
2024-07-01,OUT-003,58,186,24,24,0,220,0,220521.4,8.114,False,86,False
2024-07-08,OUT-003,220,0,24,24,0,196,0,196464.52,7.215,False,86,False
2024-07-15,OUT-003,196,0,24,24,0,172,0,172407.64,6.32,False,86,False
2024-07-22,OUT-003,172,0,28,28,0,144,0,144341.28,5.282,False,86,False
2024-07-29,OUT-003,144,0,24,24,0,120,0,120284.4,4.393,False,86,False
2024-08-05,OUT-003,120,0,23,23,0,97,0,97229.89,3.545,False,86,False
2024-08-12,OUT-003,97,0,18,18,0,79,200,79187.23,2.882,False,86,True
2024-08-19,OUT-003,79,0,26,26,0,53,200,53125.61,1.93,False,86,False
2024-08-26,OUT-003,53,0,14,14,0,39,200,39092.43,1.417,False,86,False
2024-09-02,OUT-003,39,198,25,25,0,212,0,212502.44,7.691,False,86,False
2024-09-09,OUT-003,212,0,31,31,0,181,0,181428.97,6.555,False,86,False
2024-09-16,OUT-003,181,0,16,16,0,165,0,165391.05,5.965,False,86,False
2024-09-23,OUT-003,165,0,35,35,0,130,0,130308.1,4.691,False,86,False
2024-09-30,OUT-003,130,0,29,29,0,101,0,101239.37,3.638,False,86,False
2024-10-07,OUT-003,101,0,40,40,0,61,220,61144.57,2.193,False,86,True
2024-10-14,OUT-003,61,0,26,26,0,35,220,35082.95,1.256,False,86,False
2024-10-21,OUT-003,35,0,34,34,0,1,220,1002.37,0.036,False,86,False
2024-10-28,OUT-003,1,218,24,24,0,195,0,195462.15,6.974,False,86,False
2024-11-04,OUT-003,195,0,37,37,0,158,0,158374.46,5.64,False,86,False
2024-11-11,OUT-003,158,0,36,36,0,122,0,122289.14,4.347,False,86,False
2024-11-18,OUT-003,122,0,65,65,0,57,220,57135.09,2.028,False,86,True
2024-11-25,OUT-003,57,0,73,57,16,0,220,0.0,0.0,True,86,False
2024-12-02,OUT-003,0,0,34,0,34,0,220,0.0,0.0,True,86,False
2024-12-09,OUT-003,0,216,42,42,0,174,0,174412.38,6.157,False,86,False
2024-12-16,OUT-003,174,0,32,32,0,142,0,142336.54,5.016,False,86,False
2024-12-23,OUT-003,142,0,49,49,0,93,0,93220.41,3.279,False,86,False
2024-12-30,OUT-003,93,0,51,51,0,42,230,42099.54,1.478,False,86,True
2025-01-06,OUT-003,42,0,47,42,5,0,230,0.0,0.0,True,86,False
2025-01-13,OUT-003,0,0,41,0,41,0,230,0.0,0.0,True,86,False
2025-01-20,OUT-003,0,229,44,44,0,185,0,185438.45,6.477,False,86,False
2025-01-27,OUT-003,185,0,42,42,0,143,0,143338.91,4.998,False,86,False
2025-02-03,OUT-003,143,0,41,41,0,102,0,102241.74,3.559,False,86,False
2025-02-10,OUT-003,102,0,27,27,0,75,200,75177.75,2.612,False,86,True
2025-02-17,OUT-003,75,0,44,44,0,31,200,31073.47,1.078,False,86,False
2025-02-24,OUT-003,31,0,29,29,0,2,200,2004.74,0.069,False,86,False
2025-03-03,OUT-003,2,197,36,36,0,163,0,163386.31,5.648,False,86,False
2025-03-10,OUT-003,163,0,27,27,0,136,0,136322.32,4.704,False,86,False
2025-03-17,OUT-003,136,0,29,29,0,107,0,107253.59,3.695,False,86,False
2025-03-24,OUT-003,107,0,30,30,0,77,200,77182.49,2.654,False,86,True
2025-03-31,OUT-003,77,0,39,39,0,38,200,38090.06,1.308,False,86,False
2025-04-07,OUT-003,38,0,20,20,0,18,200,18042.66,0.618,False,86,False
2025-04-14,OUT-003,18,195,34,34,0,179,0,179424.23,6.138,False,86,False
2025-04-21,OUT-003,179,0,30,30,0,149,0,149353.13,5.101,False,86,False
2025-04-28,OUT-003,149,0,17,17,0,132,0,132312.84,4.511,False,86,False
2025-05-05,OUT-003,132,0,25,25,0,107,0,107253.59,3.651,False,86,False
2025-05-12,OUT-003,107,0,26,26,0,81,200,81191.97,2.759,False,86,True
2025-05-19,OUT-003,81,0,23,23,0,58,200,58137.46,1.972,False,86,False
2025-05-26,OUT-003,58,0,24,24,0,34,200,34080.58,1.154,False,86,False
2025-06-02,OUT-003,34,199,21,21,0,212,0,212502.44,7.184,False,86,False
2025-06-09,OUT-003,212,0,23,23,0,189,0,189447.93,6.394,False,86,False
2025-06-16,OUT-003,189,0,24,24,0,165,0,165391.05,5.572,False,86,False
2025-06-23,OUT-003,165,0,18,18,0,147,0,147348.39,4.956,False,86,False
2025-06-30,OUT-003,147,0,25,25,0,122,0,122289.14,4.106,False,86,False
2025-07-07,OUT-003,122,0,26,26,0,96,0,96227.52,3.226,False,86,False
2025-07-14,OUT-003,96,0,13,13,0,83,190,83196.71,2.784,False,86,True
2025-07-21,OUT-003,83,0,33,33,0,50,190,50118.5,1.674,False,86,False
2025-07-28,OUT-003,50,0,23,23,0,27,190,27063.99,0.903,False,86,False
2025-08-04,OUT-003,27,186,13,13,0,200,0,200474.0,6.676,False,86,False
2025-08-11,OUT-003,200,0,27,27,0,173,0,173410.01,5.765,False,86,False
2025-08-18,OUT-003,173,0,20,20,0,153,0,153362.61,5.09,False,86,False
2025-08-25,OUT-003,153,0,18,18,0,135,0,135319.95,4.484,False,86,False
2025-09-01,OUT-003,135,0,13,13,0,122,0,122289.14,4.045,False,86,False
2025-09-08,OUT-003,122,0,22,22,0,100,0,100237.0,3.31,False,86,False
2025-09-15,OUT-003,100,0,23,23,0,77,200,77182.49,2.545,False,86,True
2025-09-22,OUT-003,77,0,27,27,0,50,200,50118.5,1.65,False,86,False
2025-09-29,OUT-003,50,0,22,22,0,28,200,28066.36,0.922,False,86,False
2025-10-06,OUT-003,28,195,27,27,0,196,0,196464.52,6.445,False,86,False
2025-10-13,OUT-003,196,0,40,40,0,156,0,156369.72,5.122,False,86,False
2025-10-20,OUT-003,156,0,29,29,0,127,0,127300.99,4.163,False,86,False
2025-10-27,OUT-003,127,0,37,37,0,90,0,90213.3,2.945,False,86,False
2025-11-03,OUT-003,90,0,45,45,0,45,230,45106.65,1.47,False,86,True
2025-11-10,OUT-003,45,0,43,43,0,2,230,2004.74,0.065,False,86,False
2025-11-17,OUT-003,2,0,71,2,69,0,230,0.0,0.0,True,86,False
2025-11-24,OUT-003,0,225,77,77,0,148,0,148350.76,4.812,False,86,False
2025-12-01,OUT-003,148,0,49,49,0,99,0,99234.63,3.213,False,86,False
2025-12-08,OUT-003,99,0,51,51,0,48,230,48113.76,1.556,False,86,True
2025-12-15,OUT-003,48,0,44,44,0,4,230,4009.48,0.129,False,86,False
2025-12-22,OUT-003,4,0,42,4,38,0,230,0.0,0.0,True,86,False
2025-12-29,OUT-003,0,229,36,36,0,193,0,193457.41,6.224,False,86,False
2023-01-02,OUT-004,251,0,47,47,0,204,0,317322.0,9.555,False,55,False
2023-01-09,OUT-004,204,0,43,43,0,161,0,250435.5,7.525,False,55,False
2023-01-16,OUT-004,161,0,49,49,0,112,0,174216.0,5.223,False,55,False
2023-01-23,OUT-004,112,0,34,34,0,78,0,121329.0,3.63,False,55,False
2023-01-30,OUT-004,78,0,16,16,0,62,0,96441.0,2.879,False,55,False
2023-02-06,OUT-004,62,0,26,26,0,36,192,55998.0,1.668,False,55,True
2023-02-13,OUT-004,36,0,26,26,0,10,192,15555.0,0.462,False,55,False
2023-02-20,OUT-004,10,190,18,18,0,182,0,283101.0,8.398,False,55,False
2023-02-27,OUT-004,182,0,31,31,0,151,0,234880.5,6.953,False,55,False
2023-03-06,OUT-004,151,0,29,29,0,122,0,189771.0,5.606,False,55,False
2023-03-13,OUT-004,122,0,17,17,0,105,0,163327.5,4.815,False,55,False
2023-03-20,OUT-004,105,0,26,26,0,79,0,122884.5,3.615,False,55,False
2023-03-27,OUT-004,79,0,27,27,0,52,174,80886.0,2.374,False,55,True
2023-04-03,OUT-004,52,170,26,26,0,196,0,304878.0,8.931,False,55,False
2023-04-10,OUT-004,196,0,24,24,0,172,0,267546.0,7.821,False,55,False
2023-04-17,OUT-004,172,0,19,19,0,153,0,237991.5,6.942,False,55,False
2023-04-24,OUT-004,153,0,20,20,0,133,0,206881.5,6.022,False,55,False
2023-05-01,OUT-004,133,0,23,23,0,110,0,171105.0,4.971,False,55,False
2023-05-08,OUT-004,110,0,25,25,0,85,0,132217.5,3.833,False,55,False
2023-05-15,OUT-004,85,0,13,13,0,72,0,111996.0,3.24,False,55,False
2023-05-22,OUT-004,72,0,19,19,0,53,174,82441.5,2.38,False,55,True
2023-05-29,OUT-004,53,0,10,10,0,43,174,66886.5,1.927,False,55,False
2023-06-05,OUT-004,43,169,12,12,0,200,0,311100.0,8.945,False,55,False
2023-06-12,OUT-004,200,0,21,21,0,179,0,278434.5,7.989,False,55,False
2023-06-19,OUT-004,179,0,11,11,0,168,0,261324.0,7.483,False,55,False
2023-06-26,OUT-004,168,0,25,25,0,143,0,222436.5,6.356,False,55,False
2023-07-03,OUT-004,143,0,9,9,0,134,0,208437.0,5.944,False,55,False
2023-07-10,OUT-004,134,0,17,17,0,117,0,181993.5,5.179,False,55,False
2023-07-17,OUT-004,117,0,17,17,0,100,0,155550.0,4.418,False,55,False
2023-07-24,OUT-004,100,0,15,15,0,85,0,132217.5,3.748,False,55,False
2023-07-31,OUT-004,85,0,26,26,0,59,0,91774.5,2.596,False,55,False
2023-08-07,OUT-004,59,0,19,19,0,40,186,62220.0,1.756,False,55,True
2023-08-14,OUT-004,40,0,16,16,0,24,186,37332.0,1.052,False,55,False
2023-08-21,OUT-004,24,185,17,17,0,192,0,298656.0,8.397,False,55,False
2023-08-28,OUT-004,192,0,15,15,0,177,0,275323.5,7.726,False,55,False
2023-09-04,OUT-004,177,0,12,12,0,165,0,256657.5,7.187,False,55,False
2023-09-11,OUT-004,165,0,30,30,0,135,0,209992.5,5.869,False,55,False
2023-09-18,OUT-004,135,0,11,11,0,124,0,192882.0,5.38,False,55,False
2023-09-25,OUT-004,124,0,26,26,0,98,0,152439.0,4.243,False,55,False
2023-10-02,OUT-004,98,0,27,27,0,71,0,110440.5,3.068,False,55,False
2023-10-09,OUT-004,71,0,22,22,0,49,180,76219.5,2.113,False,55,True
2023-10-16,OUT-004,49,0,28,28,0,21,180,32665.5,0.904,False,55,False
2023-10-23,OUT-004,21,179,25,25,0,175,0,272212.5,7.518,False,55,False
2023-10-30,OUT-004,175,0,28,28,0,147,0,228658.5,6.303,False,55,False
2023-11-06,OUT-004,147,0,38,38,0,109,0,169549.5,4.664,False,55,False
2023-11-13,OUT-004,109,0,27,27,0,82,0,127551.0,3.502,False,55,False
2023-11-20,OUT-004,82,0,55,55,0,27,204,41998.5,1.151,False,55,True
2023-11-27,OUT-004,27,0,59,27,32,0,204,0.0,0.0,True,55,False
2023-12-04,OUT-004,0,200,24,24,0,176,0,273768.0,7.472,False,55,False
2023-12-11,OUT-004,176,0,35,35,0,141,0,219325.5,5.975,False,55,False
2023-12-18,OUT-004,141,0,44,44,0,97,0,150883.5,4.102,False,55,False
2023-12-25,OUT-004,97,0,48,48,0,49,180,76219.5,2.068,False,55,True
2024-01-01,OUT-004,49,0,36,36,0,13,180,20221.5,0.548,False,55,False
2024-01-08,OUT-004,13,177,36,36,0,154,0,239547.0,6.475,False,55,False
2024-01-15,OUT-004,154,0,40,40,0,114,0,177327.0,4.784,False,55,False
2024-01-22,OUT-004,114,0,42,42,0,72,0,111996.0,3.016,False,55,False
2024-01-29,OUT-004,72,0,29,29,0,43,186,66886.5,1.798,False,55,True
2024-02-05,OUT-004,43,0,27,27,0,16,186,24888.0,0.668,False,55,False
2024-02-12,OUT-004,16,182,31,31,0,167,0,259768.5,6.955,False,55,False
2024-02-19,OUT-004,167,0,30,30,0,137,0,213103.5,5.695,False,55,False
2024-02-26,OUT-004,137,0,26,26,0,111,0,172660.5,4.605,False,55,False
2024-03-04,OUT-004,111,0,32,32,0,79,0,122884.5,3.271,False,55,False
2024-03-11,OUT-004,79,0,23,23,0,56,0,87108.0,2.314,False,55,False
2024-03-18,OUT-004,56,0,43,43,0,13,216,20221.5,0.536,False,55,True
2024-03-25,OUT-004,13,0,26,13,13,0,216,0.0,0.0,True,55,False
2024-04-01,OUT-004,0,211,22,22,0,189,0,293989.5,7.767,False,55,False
2024-04-08,OUT-004,189,0,16,16,0,173,0,269101.5,7.096,False,55,False
2024-04-15,OUT-004,173,0,19,19,0,154,0,239547.0,6.305,False,55,False
2024-04-22,OUT-004,154,0,18,18,0,136,0,211548.0,5.558,False,55,False
2024-04-29,OUT-004,136,0,22,22,0,114,0,177327.0,4.65,False,55,False
2024-05-06,OUT-004,114,0,14,14,0,100,0,155550.0,4.071,False,55,False
2024-05-13,OUT-004,100,0,35,35,0,65,0,101107.5,2.641,False,55,False
2024-05-20,OUT-004,65,0,20,20,0,45,186,69997.5,1.825,False,55,True
2024-05-27,OUT-004,45,0,18,18,0,27,186,41998.5,1.093,False,55,False
2024-06-03,OUT-004,27,185,17,17,0,195,0,303322.5,7.88,False,55,False
2024-06-10,OUT-004,195,0,16,16,0,179,0,278434.5,7.22,False,55,False
2024-06-17,OUT-004,179,0,15,15,0,164,0,255102.0,6.603,False,55,False
2024-06-24,OUT-004,164,0,24,24,0,140,0,217770.0,5.626,False,55,False
2024-07-01,OUT-004,140,0,19,19,0,121,0,188215.5,4.854,False,55,False
2024-07-08,OUT-004,121,0,20,20,0,101,0,157105.5,4.044,False,55,False
2024-07-15,OUT-004,101,0,15,15,0,86,0,133773.0,3.437,False,55,False
2024-07-22,OUT-004,86,0,30,30,0,56,0,87108.0,2.234,False,55,False
2024-07-29,OUT-004,56,0,25,25,0,31,198,48220.5,1.234,False,55,True
2024-08-05,OUT-004,31,0,7,7,0,24,198,37332.0,0.954,False,55,False
2024-08-12,OUT-004,24,192,27,27,0,189,0,293989.5,7.498,False,55,False
2024-08-19,OUT-004,189,0,17,17,0,172,0,267546.0,6.811,False,55,False
2024-08-26,OUT-004,172,0,14,14,0,158,0,245769.0,6.246,False,55,False
2024-09-02,OUT-004,158,0,28,28,0,130,0,202215.0,5.13,False,55,False
2024-09-09,OUT-004,130,0,22,22,0,108,0,167994.0,4.254,False,55,False
2024-09-16,OUT-004,108,0,15,15,0,93,0,144661.5,3.656,False,55,False
2024-09-23,OUT-004,93,0,23,23,0,70,0,108885.0,2.747,False,55,False
2024-09-30,OUT-004,70,0,24,24,0,46,180,71553.0,1.802,False,55,True
2024-10-07,OUT-004,46,0,28,28,0,18,180,27999.0,0.704,False,55,False
2024-10-14,OUT-004,18,180,33,33,0,165,0,256657.5,6.441,False,55,False
2024-10-21,OUT-004,165,0,32,32,0,133,0,206881.5,5.182,False,55,False
2024-10-28,OUT-004,133,0,26,26,0,107,0,166438.5,4.162,False,55,False
2024-11-04,OUT-004,107,0,39,39,0,68,0,105774.0,2.64,False,55,False
2024-11-11,OUT-004,68,0,30,30,0,38,192,59109.0,1.473,False,55,True
2024-11-18,OUT-004,38,0,58,38,20,0,192,0.0,0.0,True,55,False
2024-11-25,OUT-004,0,187,50,50,0,137,0,213103.5,5.291,False,55,False
2024-12-02,OUT-004,137,0,36,36,0,101,0,157105.5,3.894,False,55,False
2024-12-09,OUT-004,101,0,33,33,0,68,0,105774.0,2.617,False,55,False
2024-12-16,OUT-004,68,0,42,42,0,26,204,40443.0,0.999,False,55,True
2024-12-23,OUT-004,26,0,49,26,23,0,204,0.0,0.0,True,55,False
2024-12-30,OUT-004,0,201,35,35,0,166,0,258213.0,6.354,False,55,False
2025-01-06,OUT-004,166,0,42,42,0,124,0,192882.0,4.738,False,55,False
2025-01-13,OUT-004,124,0,41,41,0,83,0,129106.5,3.166,False,55,False
2025-01-20,OUT-004,83,0,32,32,0,51,180,79330.5,1.942,False,55,True
2025-01-27,OUT-004,51,0,34,34,0,17,180,26443.5,0.646,False,55,False
2025-02-03,OUT-004,17,176,36,36,0,157,0,244213.5,5.957,False,55,False
2025-02-10,OUT-004,157,0,31,31,0,126,0,195993.0,4.773,False,55,False
2025-02-17,OUT-004,126,0,31,31,0,95,0,147772.5,3.592,False,55,False
2025-02-24,OUT-004,95,0,31,31,0,64,0,99552.0,2.416,False,55,False
2025-03-03,OUT-004,64,0,30,30,0,34,192,52887.0,1.281,False,55,True
2025-03-10,OUT-004,34,0,37,34,3,0,192,0.0,0.0,True,55,False
2025-03-17,OUT-004,0,189,48,48,0,141,0,219325.5,5.295,False,55,False
2025-03-24,OUT-004,141,0,24,24,0,117,0,181993.5,4.386,False,55,False
2025-03-31,OUT-004,117,0,28,28,0,89,0,138439.5,3.331,False,55,False
2025-04-07,OUT-004,89,0,31,31,0,58,0,90219.0,2.167,False,55,False
2025-04-14,OUT-004,58,0,37,37,0,21,210,32665.5,0.783,False,55,True
2025-04-21,OUT-004,21,0,22,21,1,0,210,0.0,0.0,True,55,False
2025-04-28,OUT-004,0,204,22,22,0,182,0,283101.0,6.765,False,55,False
2025-05-05,OUT-004,182,0,19,19,0,163,0,253546.5,6.048,False,55,False
2025-05-12,OUT-004,163,0,16,16,0,147,0,228658.5,5.445,False,55,False
2025-05-19,OUT-004,147,0,27,27,0,120,0,186660.0,4.438,False,55,False
2025-05-26,OUT-004,120,0,28,28,0,92,0,143106.0,3.396,False,55,False
2025-06-02,OUT-004,92,0,18,18,0,74,0,115107.0,2.727,False,55,False
2025-06-09,OUT-004,74,0,16,16,0,58,0,90219.0,2.134,False,55,False
2025-06-16,OUT-004,58,0,18,18,0,40,186,62220.0,1.469,False,55,True
2025-06-23,OUT-004,40,0,15,15,0,25,186,38887.5,0.917,False,55,False
2025-06-30,OUT-004,25,184,23,23,0,186,0,289323.0,6.809,False,55,False
2025-07-07,OUT-004,186,0,18,18,0,168,0,261324.0,6.14,False,55,False
2025-07-14,OUT-004,168,0,20,20,0,148,0,230214.0,5.4,False,55,False
2025-07-21,OUT-004,148,0,21,21,0,127,0,197548.5,4.626,False,55,False
2025-07-28,OUT-004,127,0,21,21,0,106,0,164883.0,3.854,False,55,False
2025-08-04,OUT-004,106,0,17,17,0,89,0,138439.5,3.231,False,55,False
2025-08-11,OUT-004,89,0,20,20,0,69,0,107329.5,2.501,False,55,False
2025-08-18,OUT-004,69,0,23,23,0,46,180,71553.0,1.664,False,55,True
2025-08-25,OUT-004,46,0,17,17,0,29,180,45109.5,1.048,False,55,False
2025-09-01,OUT-004,29,178,29,29,0,178,0,276879.0,6.419,False,55,False
2025-09-08,OUT-004,178,0,37,37,0,141,0,219325.5,5.076,False,55,False
2025-09-15,OUT-004,141,0,30,30,0,111,0,172660.5,3.99,False,55,False
2025-09-22,OUT-004,111,0,19,19,0,92,0,143106.0,3.301,False,55,False
2025-09-29,OUT-004,92,0,35,35,0,57,0,88663.5,2.042,False,55,False
2025-10-06,OUT-004,57,0,31,31,0,26,204,40443.0,0.93,False,55,True
2025-10-13,OUT-004,26,0,23,23,0,3,204,4666.5,0.107,False,55,False
2025-10-20,OUT-004,3,202,29,29,0,176,0,273768.0,6.274,False,55,False
2025-10-27,OUT-004,176,0,34,34,0,142,0,220881.0,5.054,False,55,False
2025-11-03,OUT-004,142,0,36,36,0,106,0,164883.0,3.766,False,55,False
2025-11-10,OUT-004,106,0,35,35,0,71,0,110440.5,2.519,False,55,False
2025-11-17,OUT-004,71,0,58,58,0,13,216,20221.5,0.46,False,55,True
2025-11-24,OUT-004,13,0,86,13,73,0,216,0.0,0.0,True,55,False
2025-12-01,OUT-004,0,211,41,41,0,170,0,264435.0,6.001,False,55,False
2025-12-08,OUT-004,170,0,31,31,0,139,0,216214.5,4.899,False,55,False
2025-12-15,OUT-004,139,0,35,35,0,104,0,161772.0,3.66,False,55,False
2025-12-22,OUT-004,104,0,36,36,0,68,0,105774.0,2.389,False,55,False
2025-12-29,OUT-004,68,0,35,35,0,33,198,51331.5,1.157,False,55,True
2023-01-02,OUT-005,245,0,36,36,0,209,0,164437.02,8.174,False,36,False
2023-01-09,OUT-005,209,0,41,41,0,168,0,132179.04,6.556,False,36,False
2023-01-16,OUT-005,168,0,39,39,0,129,0,101494.62,5.023,False,36,False
2023-01-23,OUT-005,129,0,37,37,0,92,0,72383.76,3.575,False,36,False
2023-01-30,OUT-005,92,0,49,49,0,43,0,33831.54,1.667,False,36,False
2023-02-06,OUT-005,43,0,37,37,0,6,240,4720.68,0.232,False,36,True
2023-02-13,OUT-005,6,237,35,35,0,208,0,163650.24,8.031,False,36,False
2023-02-20,OUT-005,208,0,44,44,0,164,0,129031.92,6.319,False,36,False
2023-02-27,OUT-005,164,0,29,29,0,135,0,106215.3,5.19,False,36,False
2023-03-06,OUT-005,135,0,32,32,0,103,0,81038.34,3.952,False,36,False
2023-03-13,OUT-005,103,0,33,33,0,70,0,55074.6,2.68,False,36,False
2023-03-20,OUT-005,70,0,29,29,0,41,0,32257.98,1.566,False,36,False
2023-03-27,OUT-005,41,0,21,21,0,20,224,15735.6,0.762,False,36,True
2023-04-03,OUT-005,20,219,36,36,0,203,0,159716.34,7.723,False,36,False
2023-04-10,OUT-005,203,0,26,26,0,177,0,139260.06,6.72,False,36,False
2023-04-17,OUT-005,177,0,27,27,0,150,0,118017.0,5.683,False,36,False
2023-04-24,OUT-005,150,0,21,21,0,129,0,101494.62,4.877,False,36,False
2023-05-01,OUT-005,129,0,21,21,0,108,0,84972.24,4.075,False,36,False
2023-05-08,OUT-005,108,0,19,19,0,89,0,70023.42,3.351,False,36,False
2023-05-15,OUT-005,89,0,10,10,0,79,0,62155.62,2.968,False,36,False
2023-05-22,OUT-005,79,0,21,21,0,58,0,45633.24,2.175,False,36,False
2023-05-29,OUT-005,58,0,15,15,0,43,0,33831.54,1.609,False,36,False
2023-06-05,OUT-005,43,0,25,25,0,18,224,14162.04,0.672,False,36,True
2023-06-12,OUT-005,18,222,30,30,0,210,0,165223.8,7.826,False,36,False
2023-06-19,OUT-005,210,0,11,11,0,199,0,156569.22,7.401,False,36,False
2023-06-26,OUT-005,199,0,15,15,0,184,0,144767.52,6.829,False,36,False
2023-07-03,OUT-005,184,0,22,22,0,162,0,127458.36,6.0,False,36,False
2023-07-10,OUT-005,162,0,21,21,0,141,0,110935.98,5.212,False,36,False
2023-07-17,OUT-005,141,0,25,25,0,116,0,91266.48,4.279,False,36,False
2023-07-24,OUT-005,116,0,20,20,0,96,0,75530.88,3.534,False,36,False
2023-07-31,OUT-005,96,0,27,27,0,69,0,54287.82,2.535,False,36,False
2023-08-07,OUT-005,69,0,16,16,0,53,0,41699.34,1.943,False,36,False
2023-08-14,OUT-005,53,0,19,19,0,34,208,26750.52,1.244,False,36,True
2023-08-21,OUT-005,34,204,18,18,0,220,0,173091.6,8.034,False,36,False
2023-08-28,OUT-005,220,0,29,29,0,191,0,150274.98,6.961,False,36,False
2023-09-04,OUT-005,191,0,12,12,0,179,0,140833.62,6.51,False,36,False
2023-09-11,OUT-005,179,0,18,18,0,161,0,126671.58,5.844,False,36,False
2023-09-18,OUT-005,161,0,20,20,0,141,0,110935.98,5.108,False,36,False
2023-09-25,OUT-005,141,0,33,33,0,108,0,84972.24,3.905,False,36,False
2023-10-02,OUT-005,108,0,25,25,0,83,0,65302.74,2.995,False,36,False
2023-10-09,OUT-005,83,0,34,34,0,49,0,38552.22,1.765,False,36,False
2023-10-16,OUT-005,49,0,27,27,0,22,224,17309.16,0.791,False,36,True
2023-10-23,OUT-005,22,224,34,34,0,212,0,166797.36,7.604,False,36,False
2023-10-30,OUT-005,212,0,44,44,0,168,0,132179.04,6.014,False,36,False
2023-11-06,OUT-005,168,0,31,31,0,137,0,107788.86,4.895,False,36,False
2023-11-13,OUT-005,137,0,28,28,0,109,0,85759.02,3.887,False,36,False
2023-11-20,OUT-005,109,0,43,43,0,66,0,51927.48,2.349,False,36,False
2023-11-27,OUT-005,66,0,57,57,0,9,232,7081.02,0.32,False,36,True
2023-12-04,OUT-005,9,227,36,36,0,200,0,157356.0,7.09,False,36,False
2023-12-11,OUT-005,200,0,44,44,0,156,0,122737.68,5.519,False,36,False
2023-12-18,OUT-005,156,0,41,41,0,115,0,90479.7,4.061,False,36,False
2023-12-25,OUT-005,115,0,44,44,0,71,0,55861.38,2.502,False,36,False
2024-01-01,OUT-005,71,0,56,56,0,15,232,11801.7,0.528,False,36,True
2024-01-08,OUT-005,15,226,37,37,0,204,0,160503.12,7.162,False,36,False
2024-01-15,OUT-005,204,0,52,52,0,152,0,119590.56,5.326,False,36,False
2024-01-22,OUT-005,152,0,36,36,0,116,0,91266.48,4.057,False,36,False
2024-01-29,OUT-005,116,0,44,44,0,72,0,56648.16,2.513,False,36,False
2024-02-05,OUT-005,72,0,32,32,0,40,0,31471.2,1.394,False,36,False
2024-02-12,OUT-005,40,0,24,24,0,16,232,12588.48,0.556,False,36,True
2024-02-19,OUT-005,16,232,38,38,0,210,0,165223.8,7.288,False,36,False
2024-02-26,OUT-005,210,0,29,29,0,181,0,142407.18,6.27,False,36,False
2024-03-04,OUT-005,181,0,45,45,0,136,0,107002.08,4.702,False,36,False
2024-03-11,OUT-005,136,0,20,20,0,116,0,91266.48,4.003,False,36,False
2024-03-18,OUT-005,116,0,51,51,0,65,0,51140.7,2.239,False,36,False
2024-03-25,OUT-005,65,0,20,20,0,45,0,35405.1,1.547,False,36,False
2024-04-01,OUT-005,45,0,24,24,0,21,224,16522.38,0.721,False,36,True
2024-04-08,OUT-005,21,221,31,31,0,211,0,166010.58,7.226,False,36,False
2024-04-15,OUT-005,211,0,27,27,0,184,0,144767.52,6.29,False,36,False
2024-04-22,OUT-005,184,0,23,23,0,161,0,126671.58,5.493,False,36,False
2024-04-29,OUT-005,161,0,36,36,0,125,0,98347.5,4.257,False,36,False
2024-05-06,OUT-005,125,0,16,16,0,109,0,85759.02,3.705,False,36,False
2024-05-13,OUT-005,109,0,25,25,0,84,0,66089.52,2.85,False,36,False
2024-05-20,OUT-005,84,0,27,27,0,57,0,44846.46,1.93,False,36,False
2024-05-27,OUT-005,57,0,17,17,0,40,0,31471.2,1.352,False,36,False
2024-06-03,OUT-005,40,0,16,16,0,24,224,18882.72,0.81,False,36,True
2024-06-10,OUT-005,24,221,32,32,0,213,0,167584.14,7.173,False,36,False
2024-06-17,OUT-005,213,0,16,16,0,197,0,154995.66,6.622,False,36,False
2024-06-24,OUT-005,197,0,25,25,0,172,0,135326.16,5.771,False,36,False
2024-07-01,OUT-005,172,0,19,19,0,153,0,120377.34,5.124,False,36,False
2024-07-08,OUT-005,153,0,18,18,0,135,0,106215.3,4.513,False,36,False
2024-07-15,OUT-005,135,0,17,17,0,118,0,92840.04,3.938,False,36,False
2024-07-22,OUT-005,118,0,19,19,0,99,0,77891.22,3.297,False,36,False
2024-07-29,OUT-005,99,0,26,26,0,73,0,57434.94,2.427,False,36,False
2024-08-05,OUT-005,73,0,21,21,0,52,0,40912.56,1.726,False,36,False
2024-08-12,OUT-005,52,0,28,28,0,24,224,18882.72,0.795,False,36,True
2024-08-19,OUT-005,24,223,24,24,0,223,0,175451.94,7.374,False,36,False
2024-08-26,OUT-005,223,0,27,27,0,196,0,154208.88,6.469,False,36,False
2024-09-02,OUT-005,196,0,29,29,0,167,0,131392.26,5.502,False,36,False
2024-09-09,OUT-005,167,0,34,34,0,133,0,104641.74,4.374,False,36,False
2024-09-16,OUT-005,133,0,19,19,0,114,0,89692.92,3.742,False,36,False
2024-09-23,OUT-005,114,0,37,37,0,77,0,60582.06,2.523,False,36,False
2024-09-30,OUT-005,77,0,36,36,0,41,0,32257.98,1.341,False,36,False
2024-10-07,OUT-005,41,0,37,37,0,4,240,3147.12,0.131,False,36,True
2024-10-14,OUT-005,4,234,32,32,0,206,0,162076.68,6.714,False,36,False
2024-10-21,OUT-005,206,0,49,49,0,157,0,123524.46,5.108,False,36,False
2024-10-28,OUT-005,157,0,23,23,0,134,0,105428.52,4.352,False,36,False
2024-11-04,OUT-005,134,0,53,53,0,81,0,63729.18,2.626,False,36,False
2024-11-11,OUT-005,81,0,41,41,0,40,0,31471.2,1.294,False,36,False
2024-11-18,OUT-005,40,0,60,40,20,0,248,0.0,0.0,True,36,True
2024-11-25,OUT-005,0,245,114,114,0,131,0,103068.18,4.224,False,36,False
2024-12-02,OUT-005,131,0,34,34,0,97,0,76317.66,3.122,False,36,False
2024-12-09,OUT-005,97,0,38,38,0,59,0,46420.02,1.896,False,36,False
2024-12-16,OUT-005,59,0,58,58,0,1,240,786.78,0.032,False,36,True
2024-12-23,OUT-005,1,233,53,53,0,181,0,142407.18,5.795,False,36,False
2024-12-30,OUT-005,181,0,37,37,0,144,0,113296.32,4.602,False,36,False
2025-01-06,OUT-005,144,0,63,63,0,81,0,63729.18,2.584,False,36,False
2025-01-13,OUT-005,81,0,50,50,0,31,216,24390.18,0.987,False,36,True
2025-01-20,OUT-005,31,212,47,47,0,196,0,154208.88,6.232,False,36,False
2025-01-27,OUT-005,196,0,43,43,0,153,0,120377.34,4.856,False,36,False
2025-02-03,OUT-005,153,0,29,29,0,124,0,97560.72,3.929,False,36,False
2025-02-10,OUT-005,124,0,30,30,0,94,0,73957.32,2.973,False,36,False
2025-02-17,OUT-005,94,0,32,32,0,62,0,48780.36,1.958,False,36,False
2025-02-24,OUT-005,62,0,22,22,0,40,0,31471.2,1.261,False,36,False
2025-03-03,OUT-005,40,0,33,33,0,7,240,5507.46,0.22,False,36,True
2025-03-10,OUT-005,7,239,40,40,0,206,0,162076.68,6.47,False,36,False
2025-03-17,OUT-005,206,0,44,44,0,162,0,127458.36,5.08,False,36,False
2025-03-24,OUT-005,162,0,31,31,0,131,0,103068.18,4.101,False,36,False
2025-03-31,OUT-005,131,0,36,36,0,95,0,74744.1,2.969,False,36,False
2025-04-07,OUT-005,95,0,32,32,0,63,0,49567.14,1.965,False,36,False
2025-04-14,OUT-005,63,0,25,25,0,38,0,29897.64,1.183,False,36,False
2025-04-21,OUT-005,38,0,26,26,0,12,232,9441.36,0.373,False,36,True
2025-04-28,OUT-005,12,228,34,34,0,206,0,162076.68,6.393,False,36,False
2025-05-05,OUT-005,206,0,18,18,0,188,0,147914.64,5.825,False,36,False
2025-05-12,OUT-005,188,0,33,33,0,155,0,121950.9,4.794,False,36,False
2025-05-19,OUT-005,155,0,19,19,0,136,0,107002.08,4.199,False,36,False
2025-05-26,OUT-005,136,0,36,36,0,100,0,78678.0,3.082,False,36,False
2025-06-02,OUT-005,100,0,28,28,0,72,0,56648.16,2.216,False,36,False
2025-06-09,OUT-005,72,0,21,21,0,51,0,40125.78,1.567,False,36,False
2025-06-16,OUT-005,51,0,14,14,0,37,0,29110.86,1.135,False,36,False
2025-06-23,OUT-005,37,0,24,24,0,13,232,10228.14,0.398,False,36,True
2025-06-30,OUT-005,13,226,34,34,0,205,0,161289.9,6.266,False,36,False
2025-07-07,OUT-005,205,0,13,13,0,192,0,151061.76,5.859,False,36,False
2025-07-14,OUT-005,192,0,23,23,0,169,0,132965.82,5.148,False,36,False
2025-07-21,OUT-005,169,0,24,24,0,145,0,114083.1,4.41,False,36,False
2025-07-28,OUT-005,145,0,23,23,0,122,0,95987.16,3.704,False,36,False
2025-08-04,OUT-005,122,0,26,26,0,96,0,75530.88,2.91,False,36,False
2025-08-11,OUT-005,96,0,18,18,0,78,0,61368.84,2.36,False,36,False
2025-08-18,OUT-005,78,0,23,23,0,55,0,43272.9,1.662,False,36,False
2025-08-25,OUT-005,55,0,29,29,0,26,216,20456.28,0.784,False,36,True
2025-09-01,OUT-005,26,210,29,29,0,207,0,162863.46,6.233,False,36,False
2025-09-08,OUT-005,207,0,26,26,0,181,0,142407.18,5.441,False,36,False
2025-09-15,OUT-005,181,0,17,17,0,164,0,129031.92,4.922,False,36,False
2025-09-22,OUT-005,164,0,35,35,0,129,0,101494.62,3.865,False,36,False
2025-09-29,OUT-005,129,0,31,31,0,98,0,77104.44,2.931,False,36,False
2025-10-06,OUT-005,98,0,24,24,0,74,0,58221.72,2.21,False,36,False
2025-10-13,OUT-005,74,0,40,40,0,34,208,26750.52,1.014,False,36,True
2025-10-20,OUT-005,34,0,26,26,0,8,208,6294.24,0.238,False,36,False
2025-10-27,OUT-005,8,203,36,36,0,175,0,137686.5,5.2,False,36,False
2025-11-03,OUT-005,175,0,41,41,0,134,0,105428.52,3.976,False,36,False
2025-11-10,OUT-005,134,0,24,24,0,110,0,86545.8,3.258,False,36,False
2025-11-17,OUT-005,110,0,90,90,0,20,224,15735.6,0.591,False,36,True
2025-11-24,OUT-005,20,220,70,70,0,170,0,133752.6,5.019,False,36,False
2025-12-01,OUT-005,170,0,48,48,0,122,0,95987.16,3.596,False,36,False
2025-12-08,OUT-005,122,0,62,62,0,60,0,47206.8,1.766,False,36,False
2025-12-15,OUT-005,60,0,54,54,0,6,240,4720.68,0.176,False,36,True
2025-12-22,OUT-005,6,233,62,62,0,177,0,139260.06,5.192,False,36,False
2025-12-29,OUT-005,177,0,62,62,0,115,0,90479.7,3.368,False,36,False
2023-01-02,OUT-006,246,0,29,29,0,217,0,393644.51,9.472,False,135,False
2023-01-09,OUT-006,217,0,39,39,0,178,0,322897.34,7.753,False,135,False
2023-01-16,OUT-006,178,0,48,48,0,130,190,235823.9,5.65,False,135,True
2023-01-23,OUT-006,130,0,30,30,0,100,190,181403.0,4.337,False,135,False
2023-01-30,OUT-006,100,0,32,32,0,68,190,123354.04,2.943,False,135,False
2023-02-06,OUT-006,68,0,28,28,0,40,190,72561.2,1.727,False,135,False
2023-02-13,OUT-006,40,0,46,40,6,0,190,0.0,0.0,True,135,False
2023-02-20,OUT-006,0,186,31,31,0,155,0,281174.65,6.665,False,135,False
2023-02-27,OUT-006,155,0,33,33,0,122,200,221311.66,5.235,False,135,True
2023-03-06,OUT-006,122,0,32,32,0,90,200,163262.7,3.854,False,135,False
2023-03-13,OUT-006,90,0,24,24,0,66,200,119725.98,2.82,False,135,False
2023-03-20,OUT-006,66,0,44,44,0,22,200,39908.66,0.938,False,135,False
2023-03-27,OUT-006,22,0,19,19,0,3,200,5442.09,0.128,False,135,False
2023-04-03,OUT-006,3,199,18,18,0,184,0,333781.52,7.813,False,135,False
2023-04-10,OUT-006,184,0,22,22,0,162,0,293872.86,6.865,False,135,False
2023-04-17,OUT-006,162,0,31,31,0,131,190,237637.93,5.539,False,135,True
2023-04-24,OUT-006,131,0,28,28,0,103,190,186845.09,4.346,False,135,False
2023-05-01,OUT-006,103,0,15,15,0,88,190,159634.64,3.706,False,135,False
2023-05-08,OUT-006,88,0,15,15,0,73,190,132424.19,3.068,False,135,False
2023-05-15,OUT-006,73,0,21,21,0,52,190,94329.56,2.181,False,135,False
2023-05-22,OUT-006,52,188,17,17,0,223,0,404528.69,9.332,False,135,False
2023-05-29,OUT-006,223,0,19,19,0,204,0,370062.12,8.52,False,135,False
2023-06-05,OUT-006,204,0,20,20,0,184,0,333781.52,7.669,False,135,False
2023-06-12,OUT-006,184,0,14,14,0,170,0,308385.1,7.071,False,135,False
2023-06-19,OUT-006,170,0,9,9,0,161,0,292058.83,6.683,False,135,False
2023-06-26,OUT-006,161,0,21,21,0,140,0,253964.2,5.799,False,135,False
2023-07-03,OUT-006,140,0,19,19,0,121,200,219497.63,5.002,False,135,True
2023-07-10,OUT-006,121,0,15,15,0,106,200,192287.18,4.373,False,135,False
2023-07-17,OUT-006,106,0,11,11,0,95,200,172332.85,3.911,False,135,False
2023-07-24,OUT-006,95,0,27,27,0,68,200,123354.04,2.794,False,135,False
2023-07-31,OUT-006,68,0,14,14,0,54,200,97957.62,2.214,False,135,False
2023-08-07,OUT-006,54,200,25,25,0,229,0,415412.87,9.371,False,135,False
2023-08-14,OUT-006,229,0,12,12,0,217,0,393644.51,8.862,False,135,False
2023-08-21,OUT-006,217,0,23,23,0,194,0,351921.82,7.907,False,135,False
2023-08-28,OUT-006,194,0,15,15,0,179,0,324711.37,7.281,False,135,False
2023-09-04,OUT-006,179,0,10,10,0,169,0,306571.07,6.86,False,135,False
2023-09-11,OUT-006,169,0,21,21,0,148,0,268476.44,5.996,False,135,False
2023-09-18,OUT-006,148,0,28,28,0,120,200,217683.6,4.852,False,135,True
2023-09-25,OUT-006,120,0,39,39,0,81,200,146936.43,3.269,False,135,False
2023-10-02,OUT-006,81,0,26,26,0,55,200,99771.65,2.215,False,135,False
2023-10-09,OUT-006,55,0,27,27,0,28,200,50792.84,1.125,False,135,False
2023-10-16,OUT-006,28,0,26,26,0,2,200,3628.06,0.08,False,135,False
2023-10-23,OUT-006,2,198,33,33,0,167,0,302943.01,6.686,False,135,False
2023-10-30,OUT-006,167,0,32,32,0,135,190,244894.05,5.394,False,135,True
2023-11-06,OUT-006,135,0,33,33,0,102,190,185031.06,4.067,False,135,False
2023-11-13,OUT-006,102,0,34,34,0,68,190,123354.04,2.706,False,135,False
2023-11-20,OUT-006,68,0,36,36,0,32,190,58048.96,1.271,False,135,False
2023-11-27,OUT-006,32,0,51,32,19,0,190,0.0,0.0,True,135,False
2023-12-04,OUT-006,0,189,37,37,0,152,0,275732.56,6.014,False,135,False
2023-12-11,OUT-006,152,0,49,49,0,103,220,186845.09,4.067,False,135,True
2023-12-18,OUT-006,103,0,48,48,0,55,220,99771.65,2.168,False,135,False
2023-12-25,OUT-006,55,0,39,39,0,16,220,29024.48,0.629,False,135,False
2024-01-01,OUT-006,16,0,31,16,15,0,220,0.0,0.0,True,135,False
2024-01-08,OUT-006,0,0,48,0,48,0,220,0.0,0.0,True,135,False
2024-01-15,OUT-006,0,216,39,39,0,177,0,321083.31,6.922,False,135,False
2024-01-22,OUT-006,177,0,20,20,0,157,0,284802.71,6.128,False,135,False
2024-01-29,OUT-006,157,0,38,38,0,119,200,215869.57,4.636,False,135,True
2024-02-05,OUT-006,119,0,26,26,0,93,200,168704.79,3.616,False,135,False
2024-02-12,OUT-006,93,0,24,24,0,69,200,125168.07,2.678,False,135,False
2024-02-19,OUT-006,69,0,29,29,0,40,200,72561.2,1.549,False,135,False
2024-02-26,OUT-006,40,0,27,27,0,13,200,23582.39,0.503,False,135,False
2024-03-04,OUT-006,13,195,43,43,0,165,0,299314.95,6.367,False,135,False
2024-03-11,OUT-006,165,0,19,19,0,146,0,264848.38,5.623,False,135,False
2024-03-18,OUT-006,146,0,26,26,0,120,200,217683.6,4.613,False,135,True
2024-03-25,OUT-006,120,0,32,32,0,88,200,159634.64,3.377,False,135,False
2024-04-01,OUT-006,88,0,22,22,0,66,200,119725.98,2.528,False,135,False
2024-04-08,OUT-006,66,0,17,17,0,49,200,88887.47,1.873,False,135,False
2024-04-15,OUT-006,49,0,20,20,0,29,200,52606.87,1.106,False,135,False
2024-04-22,OUT-006,29,195,16,16,0,208,0,377318.24,7.921,False,135,False
2024-04-29,OUT-006,208,0,21,21,0,187,0,339223.61,7.108,False,135,False
2024-05-06,OUT-006,187,0,31,31,0,156,0,282988.68,5.919,False,135,False
2024-05-13,OUT-006,156,0,23,23,0,133,190,241265.99,5.037,False,135,True
2024-05-20,OUT-006,133,0,17,17,0,116,190,210427.48,4.385,False,135,False
2024-05-27,OUT-006,116,0,16,16,0,100,190,181403.0,3.773,False,135,False
2024-06-03,OUT-006,100,0,19,19,0,81,190,146936.43,3.05,False,135,False
2024-06-10,OUT-006,81,0,12,12,0,69,190,125168.07,2.594,False,135,False
2024-06-17,OUT-006,69,185,17,17,0,237,0,429925.11,8.892,False,135,False
2024-06-24,OUT-006,237,0,14,14,0,223,0,404528.69,8.351,False,135,False
2024-07-01,OUT-006,223,0,19,19,0,204,0,370062.12,7.626,False,135,False
2024-07-08,OUT-006,204,0,19,19,0,185,0,335595.55,6.903,False,135,False
2024-07-15,OUT-006,185,0,10,10,0,175,0,317455.25,6.518,False,135,False
2024-07-22,OUT-006,175,0,21,21,0,154,0,279360.62,5.725,False,135,False
2024-07-29,OUT-006,154,0,19,19,0,135,190,244894.05,5.009,False,135,True
2024-08-05,OUT-006,135,0,19,19,0,116,190,210427.48,4.297,False,135,False
2024-08-12,OUT-006,116,0,14,14,0,102,190,185031.06,3.771,False,135,False
2024-08-19,OUT-006,102,0,25,25,0,77,190,139680.31,2.842,False,135,False
2024-08-26,OUT-006,77,185,25,25,0,237,0,429925.11,8.731,False,135,False
2024-09-02,OUT-006,237,0,17,17,0,220,0,399086.6,8.09,False,135,False
2024-09-09,OUT-006,220,0,17,17,0,203,0,368248.09,7.451,False,135,False
2024-09-16,OUT-006,203,0,34,34,0,169,0,306571.07,6.192,False,135,False
2024-09-23,OUT-006,169,0,39,39,0,130,190,235823.9,4.754,False,135,True
2024-09-30,OUT-006,130,0,21,21,0,109,190,197729.27,3.979,False,135,False
2024-10-07,OUT-006,109,0,30,30,0,79,190,143308.37,2.879,False,135,False
2024-10-14,OUT-006,79,0,22,22,0,57,190,103399.71,2.073,False,135,False
2024-10-21,OUT-006,57,0,31,31,0,26,190,47164.78,0.944,False,135,False
2024-10-28,OUT-006,26,186,22,22,0,190,0,344665.7,6.887,False,135,False
2024-11-04,OUT-006,190,0,51,51,0,139,0,252150.17,5.029,False,135,False
2024-11-11,OUT-006,139,0,42,42,0,97,230,175960.91,3.503,False,135,True
2024-11-18,OUT-006,97,0,50,50,0,47,230,85259.41,1.694,False,135,False
2024-11-25,OUT-006,47,0,53,47,6,0,230,0.0,0.0,True,135,False
2024-12-02,OUT-006,0,0,50,0,50,0,230,0.0,0.0,True,135,False
2024-12-09,OUT-006,0,0,44,0,44,0,230,0.0,0.0,True,135,False
2024-12-16,OUT-006,0,228,40,40,0,188,0,341037.64,6.73,False,135,False
2024-12-23,OUT-006,188,0,32,32,0,156,0,282988.68,5.575,False,135,False
2024-12-30,OUT-006,156,0,27,27,0,129,190,234009.87,4.602,False,135,True
2025-01-06,OUT-006,129,0,28,28,0,101,190,183217.03,3.597,False,135,False
2025-01-13,OUT-006,101,0,56,56,0,45,190,81631.35,1.6,False,135,False
2025-01-20,OUT-006,45,0,53,45,8,0,190,0.0,0.0,True,135,False
2025-01-27,OUT-006,0,0,40,0,40,0,190,0.0,0.0,True,135,False
2025-02-03,OUT-006,0,185,28,28,0,157,0,284802.71,5.552,False,135,False
2025-02-10,OUT-006,157,0,34,34,0,123,200,223125.69,4.342,False,135,True
2025-02-17,OUT-006,123,0,33,33,0,90,200,163262.7,3.172,False,135,False
2025-02-24,OUT-006,90,0,33,33,0,57,200,103399.71,2.005,False,135,False
2025-03-03,OUT-006,57,0,26,26,0,31,200,56234.93,1.089,False,135,False
2025-03-10,OUT-006,31,0,28,28,0,3,200,5442.09,0.105,False,135,False
2025-03-17,OUT-006,3,197,32,32,0,168,0,304757.04,5.879,False,135,False
2025-03-24,OUT-006,168,0,35,35,0,133,190,241265.99,4.646,False,135,True
2025-03-31,OUT-006,133,0,24,24,0,109,190,197729.27,3.801,False,135,False
2025-04-07,OUT-006,109,0,31,31,0,78,190,141494.34,2.716,False,135,False
2025-04-14,OUT-006,78,0,30,30,0,48,190,87073.44,1.668,False,135,False
2025-04-21,OUT-006,48,0,20,20,0,28,190,50792.84,0.972,False,135,False
2025-04-28,OUT-006,28,186,22,22,0,192,0,348293.76,6.65,False,135,False
2025-05-05,OUT-006,192,0,23,23,0,169,0,306571.07,5.844,False,135,False
2025-05-12,OUT-006,169,0,22,22,0,147,0,266662.41,5.074,False,135,False
2025-05-19,OUT-006,147,0,28,28,0,119,200,215869.57,4.101,False,135,True
2025-05-26,OUT-006,119,0,16,16,0,103,200,186845.09,3.544,False,135,False
2025-06-02,OUT-006,103,0,10,10,0,93,200,168704.79,3.194,False,135,False
2025-06-09,OUT-006,93,0,23,23,0,70,200,126982.1,2.4,False,135,False
2025-06-16,OUT-006,70,0,19,19,0,51,200,92515.53,1.746,False,135,False
2025-06-23,OUT-006,51,195,10,10,0,236,0,428111.08,8.064,False,135,False
2025-06-30,OUT-006,236,0,26,26,0,210,0,380946.3,7.164,False,135,False
2025-07-07,OUT-006,210,0,11,11,0,199,0,360991.97,6.777,False,135,False
2025-07-14,OUT-006,199,0,25,25,0,174,0,315641.22,5.916,False,135,False
2025-07-21,OUT-006,174,0,16,16,0,158,0,286616.74,5.363,False,135,False
2025-07-28,OUT-006,158,0,19,19,0,139,0,252150.17,4.71,False,135,False
2025-08-04,OUT-006,139,0,23,23,0,116,210,210427.48,3.924,False,135,True
2025-08-11,OUT-006,116,0,23,23,0,93,210,168704.79,3.141,False,135,False
2025-08-18,OUT-006,93,0,30,30,0,63,210,114283.89,2.124,False,135,False
2025-08-25,OUT-006,63,0,20,20,0,43,210,78003.29,1.447,False,135,False
2025-09-01,OUT-006,43,0,29,29,0,14,210,25396.42,0.47,False,135,False
2025-09-08,OUT-006,14,207,26,26,0,195,0,353735.85,6.542,False,135,False
2025-09-15,OUT-006,195,0,33,33,0,162,0,293872.86,5.426,False,135,False
2025-09-22,OUT-006,162,0,33,33,0,129,190,234009.87,4.314,False,135,True
2025-09-29,OUT-006,129,0,28,28,0,101,190,183217.03,3.372,False,135,False
2025-10-06,OUT-006,101,0,32,32,0,69,190,125168.07,2.3,False,135,False
2025-10-13,OUT-006,69,0,29,29,0,40,190,72561.2,1.331,False,135,False
2025-10-20,OUT-006,40,0,23,23,0,17,190,30838.51,0.565,False,135,False
2025-10-27,OUT-006,17,186,25,25,0,178,0,322897.34,5.904,False,135,False
2025-11-03,OUT-006,178,0,32,32,0,146,0,264848.38,4.834,False,135,False
2025-11-10,OUT-006,146,0,40,40,0,106,220,192287.18,3.504,False,135,True
2025-11-17,OUT-006,106,0,50,50,0,56,220,101585.68,1.848,False,135,False
2025-11-24,OUT-006,56,0,56,56,0,0,220,0.0,0.0,False,135,False
2025-12-01,OUT-006,0,0,29,0,29,0,220,0.0,0.0,True,135,False
2025-12-08,OUT-006,0,0,60,0,60,0,220,0.0,0.0,True,135,False
2025-12-15,OUT-006,0,214,70,70,0,144,0,261220.32,4.722,False,135,False
2025-12-22,OUT-006,144,0,64,64,0,80,240,145122.4,2.619,False,135,True
2025-12-29,OUT-006,80,239,41,41,0,278,0,504300.34,9.087,False,135,False
2023-01-02,OUT-007,373,0,49,49,0,324,0,648810.0,8.826,False,136,False
2023-01-09,OUT-007,324,0,48,48,0,276,0,552690.0,7.502,False,136,False
2023-01-16,OUT-007,276,0,83,83,0,193,0,386482.5,5.235,False,136,False
2023-01-23,OUT-007,193,0,54,54,0,139,0,278347.5,3.762,False,136,False
2023-01-30,OUT-007,139,0,39,39,0,100,336,200250.0,2.701,False,136,True
2023-02-06,OUT-007,100,0,48,48,0,52,336,104130.0,1.401,False,136,False
2023-02-13,OUT-007,52,0,53,52,1,0,336,0.0,0.0,True,136,False
2023-02-20,OUT-007,0,328,48,48,0,280,0,560700.0,7.514,False,136,False
2023-02-27,OUT-007,280,0,39,39,0,241,0,482602.5,6.454,False,136,False
2023-03-06,OUT-007,241,0,46,46,0,195,0,390487.5,5.211,False,136,False
2023-03-13,OUT-007,195,0,50,50,0,145,0,290362.5,3.867,False,136,False
2023-03-20,OUT-007,145,0,55,55,0,90,344,180225.0,2.395,False,136,True
2023-03-27,OUT-007,90,0,37,37,0,53,344,106132.5,1.407,False,136,False
2023-04-03,OUT-007,53,0,32,32,0,21,344,42052.5,0.556,False,136,False
2023-04-10,OUT-007,21,341,36,36,0,326,0,652815.0,8.621,False,136,False
2023-04-17,OUT-007,326,0,16,16,0,310,0,620775.0,8.181,False,136,False
2023-04-24,OUT-007,310,0,38,38,0,272,0,544680.0,7.163,False,136,False
2023-05-01,OUT-007,272,0,22,22,0,250,0,500625.0,6.57,False,136,False
2023-05-08,OUT-007,250,0,24,24,0,226,0,452565.0,5.927,False,136,False
2023-05-15,OUT-007,226,0,22,22,0,204,0,408510.0,5.339,False,136,False
2023-05-22,OUT-007,204,0,22,22,0,182,0,364455.0,4.753,False,136,False
2023-05-29,OUT-007,182,0,29,29,0,153,0,306382.5,3.988,False,136,False
2023-06-05,OUT-007,153,0,25,25,0,128,304,256320.0,3.329,False,136,True
2023-06-12,OUT-007,128,0,30,30,0,98,304,196245.0,2.544,False,136,False
2023-06-19,OUT-007,98,302,26,26,0,374,0,748935.0,9.688,False,136,False
2023-06-26,OUT-007,374,0,17,17,0,357,0,714892.5,9.229,False,136,False
2023-07-03,OUT-007,357,0,39,39,0,318,0,636795.0,8.204,False,136,False
2023-07-10,OUT-007,318,0,14,14,0,304,0,608760.0,7.827,False,136,False
2023-07-17,OUT-007,304,0,35,35,0,269,0,538672.5,6.912,False,136,False
2023-07-24,OUT-007,269,0,26,26,0,243,0,486607.5,6.231,False,136,False
2023-07-31,OUT-007,243,0,26,26,0,217,0,434542.5,5.553,False,136,False
2023-08-07,OUT-007,217,0,28,28,0,189,0,378472.5,4.827,False,136,False
2023-08-14,OUT-007,189,0,25,25,0,164,0,328410.0,4.18,False,136,False
2023-08-21,OUT-007,164,0,31,31,0,133,296,266332.5,3.383,False,136,True
2023-08-28,OUT-007,133,0,27,27,0,106,296,212265.0,2.691,False,136,False
2023-09-04,OUT-007,106,0,33,33,0,73,296,146182.5,1.849,False,136,False
2023-09-11,OUT-007,73,290,48,48,0,315,0,630787.5,7.964,False,136,False
2023-09-18,OUT-007,315,0,32,32,0,283,0,566707.5,7.141,False,136,False
2023-09-25,OUT-007,283,0,30,30,0,253,0,506632.5,6.371,False,136,False
2023-10-02,OUT-007,253,0,45,45,0,208,0,416520.0,5.228,False,136,False
2023-10-09,OUT-007,208,0,43,43,0,165,0,330412.5,4.139,False,136,False
2023-10-16,OUT-007,165,0,41,41,0,124,312,248310.0,3.104,False,136,True
2023-10-23,OUT-007,124,0,49,49,0,75,312,150187.5,1.874,False,136,False
2023-10-30,OUT-007,75,0,54,54,0,21,312,42052.5,0.524,False,136,False
2023-11-06,OUT-007,21,0,61,21,40,0,312,0.0,0.0,True,136,False
2023-11-13,OUT-007,0,304,48,48,0,256,0,512640.0,6.358,False,136,False
2023-11-20,OUT-007,256,0,72,72,0,184,0,368460.0,4.561,False,136,False
2023-11-27,OUT-007,184,0,121,121,0,63,368,126157.5,1.559,False,136,True
2023-12-04,OUT-007,63,0,28,28,0,35,368,70087.5,0.864,False,136,False
2023-12-11,OUT-007,35,0,58,35,23,0,368,0.0,0.0,True,136,False
2023-12-18,OUT-007,0,359,81,81,0,278,0,556695.0,6.838,False,136,False
2023-12-25,OUT-007,278,0,57,57,0,221,0,442552.5,5.425,False,136,False
2024-01-01,OUT-007,221,0,51,51,0,170,0,340425.0,4.165,False,136,False
2024-01-08,OUT-007,170,0,54,54,0,116,320,232290.0,2.837,False,136,True
2024-01-15,OUT-007,116,0,77,77,0,39,320,78097.5,0.952,False,136,False
2024-01-22,OUT-007,39,0,32,32,0,7,320,14017.5,0.171,False,136,False
2024-01-29,OUT-007,7,315,56,56,0,266,0,532665.0,6.467,False,136,False
2024-02-05,OUT-007,266,0,58,58,0,208,0,416520.0,5.047,False,136,False
2024-02-12,OUT-007,208,0,34,34,0,174,0,348435.0,4.214,False,136,False
2024-02-19,OUT-007,174,0,42,42,0,132,304,264330.0,3.191,False,136,True
2024-02-26,OUT-007,132,0,42,42,0,90,304,180225.0,2.172,False,136,False
2024-03-04,OUT-007,90,0,41,41,0,49,304,98122.5,1.18,False,136,False
2024-03-11,OUT-007,49,301,36,36,0,314,0,628785.0,7.547,False,136,False
2024-03-18,OUT-007,314,0,47,47,0,267,0,534667.5,6.406,False,136,False
2024-03-25,OUT-007,267,0,33,33,0,234,0,468585.0,5.603,False,136,False
2024-04-01,OUT-007,234,0,43,43,0,191,0,382477.5,4.565,False,136,False
2024-04-08,OUT-007,191,0,29,29,0,162,0,324405.0,3.865,False,136,False
2024-04-15,OUT-007,162,0,30,30,0,132,304,264330.0,3.143,False,136,True
2024-04-22,OUT-007,132,0,39,39,0,93,304,186232.5,2.21,False,136,False
2024-04-29,OUT-007,93,0,27,27,0,66,304,132165.0,1.566,False,136,False
2024-05-06,OUT-007,66,295,36,36,0,325,0,650812.5,7.695,False,136,False
2024-05-13,OUT-007,325,0,39,39,0,286,0,572715.0,6.759,False,136,False
2024-05-20,OUT-007,286,0,36,36,0,250,0,500625.0,5.897,False,136,False
2024-05-27,OUT-007,250,0,23,23,0,227,0,454567.5,5.345,False,136,False
2024-06-03,OUT-007,227,0,35,35,0,192,0,384480.0,4.512,False,136,False
2024-06-10,OUT-007,192,0,34,34,0,158,0,316395.0,3.706,False,136,False
2024-06-17,OUT-007,158,0,29,29,0,129,304,258322.5,3.02,False,136,True
2024-06-24,OUT-007,129,0,18,18,0,111,304,222277.5,2.594,False,136,False
2024-07-01,OUT-007,111,303,45,45,0,369,0,738922.5,8.608,False,136,False
2024-07-08,OUT-007,369,0,26,26,0,343,0,686857.5,7.987,False,136,False
2024-07-15,OUT-007,343,0,32,32,0,311,0,622777.5,7.229,False,136,False
2024-07-22,OUT-007,311,0,45,45,0,266,0,532665.0,6.171,False,136,False
2024-07-29,OUT-007,266,0,31,31,0,235,0,470587.5,5.442,False,136,False
2024-08-05,OUT-007,235,0,36,36,0,199,0,398497.5,4.6,False,136,False
2024-08-12,OUT-007,199,0,34,34,0,165,0,330412.5,3.807,False,136,False
2024-08-19,OUT-007,165,0,36,36,0,129,304,258322.5,2.971,False,136,True
2024-08-26,OUT-007,129,0,27,27,0,102,304,204255.0,2.345,False,136,False
2024-09-02,OUT-007,102,0,34,34,0,68,304,136170.0,1.56,False,136,False
2024-09-09,OUT-007,68,302,49,49,0,321,0,642802.5,7.353,False,136,False
2024-09-16,OUT-007,321,0,33,33,0,288,0,576720.0,6.585,False,136,False
2024-09-23,OUT-007,288,0,47,47,0,241,0,482602.5,5.501,False,136,False
2024-09-30,OUT-007,241,0,45,45,0,196,0,392490.0,4.465,False,136,False
2024-10-07,OUT-007,196,0,43,43,0,153,0,306382.5,3.48,False,136,False
2024-10-14,OUT-007,153,0,53,53,0,100,336,200250.0,2.27,False,136,True
2024-10-21,OUT-007,100,0,41,41,0,59,336,118147.5,1.337,False,136,False
2024-10-28,OUT-007,59,0,78,59,19,0,336,0.0,0.0,True,136,False
2024-11-04,OUT-007,0,326,49,49,0,277,0,554692.5,6.255,False,136,False
2024-11-11,OUT-007,277,0,51,51,0,226,0,452565.0,5.094,False,136,False
2024-11-18,OUT-007,226,0,79,79,0,147,0,294367.5,3.307,False,136,False
2024-11-25,OUT-007,147,0,95,95,0,52,384,104130.0,1.168,False,136,True
2024-12-02,OUT-007,52,0,70,52,18,0,384,0.0,0.0,True,136,False
2024-12-09,OUT-007,0,0,54,0,54,0,384,0.0,0.0,True,136,False
2024-12-16,OUT-007,0,374,63,63,0,311,0,622777.5,6.948,False,136,False
2024-12-23,OUT-007,311,0,54,54,0,257,0,514642.5,5.732,False,136,False
2024-12-30,OUT-007,257,0,52,52,0,205,0,410512.5,4.564,False,136,False
2025-01-06,OUT-007,205,0,68,68,0,137,0,274342.5,3.045,False,136,False
2025-01-13,OUT-007,137,0,68,68,0,69,360,138172.5,1.531,False,136,True
2025-01-20,OUT-007,69,0,80,69,11,0,360,0.0,0.0,True,136,False
2025-01-27,OUT-007,0,355,53,53,0,302,0,604755.0,6.676,False,136,False
2025-02-03,OUT-007,302,0,71,71,0,231,0,462577.5,5.098,False,136,False
2025-02-10,OUT-007,231,0,57,57,0,174,0,348435.0,3.833,False,136,False
2025-02-17,OUT-007,174,0,53,53,0,121,312,242302.5,2.661,False,136,True
2025-02-24,OUT-007,121,0,62,62,0,59,312,118147.5,1.295,False,136,False
2025-03-03,OUT-007,59,0,68,59,9,0,312,0.0,0.0,True,136,False
2025-03-10,OUT-007,0,308,63,63,0,245,0,490612.5,5.36,False,136,False
2025-03-17,OUT-007,245,0,52,52,0,193,0,386482.5,4.215,False,136,False
2025-03-24,OUT-007,193,0,50,50,0,143,0,286357.5,3.118,False,136,False
2025-03-31,OUT-007,143,0,49,49,0,94,336,188235.0,2.046,False,136,True
2025-04-07,OUT-007,94,0,59,59,0,35,336,70087.5,0.76,False,136,False
2025-04-14,OUT-007,35,0,43,35,8,0,336,0.0,0.0,True,136,False
2025-04-21,OUT-007,0,330,42,42,0,288,0,576720.0,6.236,False,136,False
2025-04-28,OUT-007,288,0,29,29,0,259,0,518647.5,5.599,False,136,False
2025-05-05,OUT-007,259,0,22,22,0,237,0,474592.5,5.114,False,136,False
2025-05-12,OUT-007,237,0,34,34,0,203,0,406507.5,4.373,False,136,False
2025-05-19,OUT-007,203,0,34,34,0,169,0,338422.5,3.635,False,136,False
2025-05-26,OUT-007,169,0,31,31,0,138,0,276345.0,2.963,False,136,False
2025-06-02,OUT-007,138,0,26,26,0,112,320,224280.0,2.401,False,136,True
2025-06-09,OUT-007,112,0,35,35,0,77,320,154192.5,1.648,False,136,False
2025-06-16,OUT-007,77,0,32,32,0,45,320,90112.5,0.961,False,136,False
2025-06-23,OUT-007,45,320,21,21,0,344,0,688860.0,7.336,False,136,False
2025-06-30,OUT-007,344,0,34,34,0,310,0,620775.0,6.6,False,136,False
2025-07-07,OUT-007,310,0,27,27,0,283,0,566707.5,6.015,False,136,False
2025-07-14,OUT-007,283,0,35,35,0,248,0,496620.0,5.262,False,136,False
2025-07-21,OUT-007,248,0,32,32,0,216,0,432540.0,4.576,False,136,False
2025-07-28,OUT-007,216,0,30,30,0,186,0,372465.0,3.933,False,136,False
2025-08-04,OUT-007,186,0,32,32,0,154,0,308385.0,3.251,False,136,False
2025-08-11,OUT-007,154,0,45,45,0,109,320,218272.5,2.297,False,136,True
2025-08-18,OUT-007,109,0,24,24,0,85,320,170212.5,1.789,False,136,False
2025-08-25,OUT-007,85,0,31,31,0,54,320,108135.0,1.134,False,136,False
2025-09-01,OUT-007,54,311,31,31,0,334,0,668835.0,7.005,False,136,False
2025-09-08,OUT-007,334,0,51,51,0,283,0,566707.5,5.925,False,136,False
2025-09-15,OUT-007,283,0,32,32,0,251,0,502627.5,5.247,False,136,False
2025-09-22,OUT-007,251,0,49,49,0,202,0,404505.0,4.216,False,136,False
2025-09-29,OUT-007,202,0,37,37,0,165,0,330412.5,3.438,False,136,False
2025-10-06,OUT-007,165,0,41,41,0,124,312,248310.0,2.579,False,136,True
2025-10-13,OUT-007,124,0,37,37,0,87,312,174217.5,1.807,False,136,False
2025-10-20,OUT-007,87,0,56,56,0,31,312,62077.5,0.643,False,136,False
2025-10-27,OUT-007,31,305,58,58,0,278,0,556695.0,5.754,False,136,False
2025-11-03,OUT-007,278,0,85,85,0,193,0,386482.5,3.988,False,136,False
2025-11-10,OUT-007,193,0,63,63,0,130,304,260325.0,2.682,False,136,True
2025-11-17,OUT-007,130,0,117,117,0,13,304,26032.5,0.268,False,136,False
2025-11-24,OUT-007,13,0,90,13,77,0,304,0.0,0.0,True,136,False
2025-12-01,OUT-007,0,304,63,63,0,241,0,482602.5,4.948,False,136,False
2025-12-08,OUT-007,241,0,75,75,0,166,0,332415.0,3.403,False,136,False
2025-12-15,OUT-007,166,0,51,51,0,115,320,230287.5,2.353,False,136,True
2025-12-22,OUT-007,115,0,90,90,0,25,320,50062.5,0.511,False,136,False
2025-12-29,OUT-007,25,318,70,70,0,273,0,546682.5,5.569,False,136,False
2023-01-02,OUT-008,185,0,23,23,0,162,0,217203.12,7.374,False,106,False
2023-01-09,OUT-008,162,0,38,38,0,124,0,166254.24,5.632,False,106,False
2023-01-16,OUT-008,124,0,43,43,0,81,204,108601.56,3.671,False,106,True
2023-01-23,OUT-008,81,0,39,39,0,42,204,56311.92,1.899,False,106,False
2023-01-30,OUT-008,42,0,23,23,0,19,204,25474.44,0.857,False,106,False
2023-02-06,OUT-008,19,0,38,19,19,0,204,0.0,0.0,True,106,False
2023-02-13,OUT-008,0,201,28,28,0,173,0,231951.48,7.774,False,106,False
2023-02-20,OUT-008,173,0,26,26,0,147,0,197091.72,6.592,False,106,False
2023-02-27,OUT-008,147,0,29,29,0,118,0,158209.68,5.28,False,106,False
2023-03-06,OUT-008,118,0,31,31,0,87,198,116646.12,3.885,False,106,True
2023-03-13,OUT-008,87,0,26,26,0,61,198,81786.36,2.718,False,106,False
2023-03-20,OUT-008,61,0,32,32,0,29,198,38882.04,1.289,False,106,False
2023-03-27,OUT-008,29,0,25,25,0,4,198,5363.04,0.177,False,106,False
2023-04-03,OUT-008,4,197,24,24,0,177,0,237314.52,7.837,False,106,False
2023-04-10,OUT-008,177,0,24,24,0,153,0,205136.28,6.761,False,106,False
2023-04-17,OUT-008,153,0,18,18,0,135,0,181002.6,5.953,False,106,False
2023-04-24,OUT-008,135,0,19,19,0,116,0,155528.16,5.104,False,106,False
2023-05-01,OUT-008,116,0,16,16,0,100,186,134076.0,4.391,False,106,True
2023-05-08,OUT-008,100,0,21,21,0,79,186,105920.04,3.462,False,106,False
2023-05-15,OUT-008,79,0,24,24,0,55,186,73741.8,2.405,False,106,False
2023-05-22,OUT-008,55,0,23,23,0,32,186,42904.32,1.396,False,106,False
2023-05-29,OUT-008,32,0,21,21,0,11,186,14748.36,0.479,False,106,False
2023-06-05,OUT-008,11,183,12,12,0,182,0,244018.32,7.91,False,106,False
2023-06-12,OUT-008,182,0,9,9,0,173,0,231951.48,7.503,False,106,False
2023-06-19,OUT-008,173,0,17,17,0,156,0,209158.56,6.752,False,106,False
2023-06-26,OUT-008,156,0,18,18,0,138,0,185024.88,5.961,False,106,False
2023-07-03,OUT-008,138,0,14,14,0,124,0,166254.24,5.345,False,106,False
2023-07-10,OUT-008,124,0,15,15,0,109,0,146142.84,4.689,False,106,False
2023-07-17,OUT-008,109,0,14,14,0,95,192,127372.2,4.079,False,106,True
2023-07-24,OUT-008,95,0,18,18,0,77,192,103238.52,3.299,False,106,False
2023-07-31,OUT-008,77,0,21,21,0,56,192,75082.56,2.394,False,106,False
2023-08-07,OUT-008,56,0,17,17,0,39,192,52289.64,1.664,False,106,False
2023-08-14,OUT-008,39,187,18,18,0,208,0,278878.08,8.858,False,106,False
2023-08-21,OUT-008,208,0,20,20,0,188,0,252062.88,7.99,False,106,False
2023-08-28,OUT-008,188,0,27,27,0,161,0,215862.36,6.829,False,106,False
2023-09-04,OUT-008,161,0,24,24,0,137,0,183684.12,5.799,False,106,False
2023-09-11,OUT-008,137,0,29,29,0,108,0,144802.08,4.563,False,106,False
2023-09-18,OUT-008,108,0,22,22,0,86,198,115305.36,3.626,False,106,True
2023-09-25,OUT-008,86,0,30,30,0,56,198,75082.56,2.356,False,106,False
2023-10-02,OUT-008,56,0,23,23,0,33,198,44245.08,1.386,False,106,False
2023-10-09,OUT-008,33,0,24,24,0,9,198,12066.84,0.377,False,106,False
2023-10-16,OUT-008,9,197,35,35,0,171,0,229269.96,7.153,False,106,False
2023-10-23,OUT-008,171,0,22,22,0,149,0,199773.24,6.22,False,106,False
2023-10-30,OUT-008,149,0,26,26,0,123,0,164913.48,5.125,False,106,False
2023-11-06,OUT-008,123,0,22,22,0,101,186,135416.76,4.2,False,106,True
2023-11-13,OUT-008,101,0,34,34,0,67,186,89830.92,2.781,False,106,False
2023-11-20,OUT-008,67,0,39,39,0,28,186,37541.28,1.16,False,106,False
2023-11-27,OUT-008,28,0,65,28,37,0,186,0.0,0.0,True,106,False
2023-12-04,OUT-008,0,186,37,37,0,149,0,199773.24,6.148,False,106,False
2023-12-11,OUT-008,149,0,32,32,0,117,0,156868.92,4.818,False,106,False
2023-12-18,OUT-008,117,0,48,48,0,69,216,92512.44,2.836,False,106,True
2023-12-25,OUT-008,69,0,34,34,0,35,216,46926.6,1.436,False,106,False
2024-01-01,OUT-008,35,0,33,33,0,2,216,2681.52,0.082,False,106,False
2024-01-08,OUT-008,2,215,44,44,0,173,0,231951.48,7.069,False,106,False
2024-01-15,OUT-008,173,0,34,34,0,139,0,186365.64,5.669,False,106,False
2024-01-22,OUT-008,139,0,33,33,0,106,180,142120.56,4.315,False,106,True
2024-01-29,OUT-008,106,0,20,20,0,86,180,115305.36,3.494,False,106,False
2024-02-05,OUT-008,86,0,40,40,0,46,180,61674.96,1.865,False,106,False
2024-02-12,OUT-008,46,0,24,24,0,22,180,29496.72,0.89,False,106,False
2024-02-19,OUT-008,22,178,25,25,0,175,0,234633.0,7.069,False,106,False
2024-02-26,OUT-008,175,0,21,21,0,154,0,206477.04,6.209,False,106,False
2024-03-04,OUT-008,154,0,48,48,0,106,180,142120.56,4.265,False,106,True
2024-03-11,OUT-008,106,0,21,21,0,85,180,113964.6,3.414,False,106,False
2024-03-18,OUT-008,85,0,34,34,0,51,180,68378.76,2.044,False,106,False
2024-03-25,OUT-008,51,0,33,33,0,18,180,24133.68,0.72,False,106,False
2024-04-01,OUT-008,18,175,20,20,0,173,0,231951.48,6.909,False,106,False
2024-04-08,OUT-008,173,0,25,25,0,148,0,198432.48,5.899,False,106,False
2024-04-15,OUT-008,148,0,20,20,0,128,0,171617.28,5.093,False,106,False
2024-04-22,OUT-008,128,0,26,26,0,102,180,136757.52,4.051,False,106,True
2024-04-29,OUT-008,102,0,22,22,0,80,180,107260.8,3.171,False,106,False
2024-05-06,OUT-008,80,0,14,14,0,66,180,88490.16,2.611,False,106,False
2024-05-13,OUT-008,66,0,26,26,0,40,180,53630.4,1.58,False,106,False
2024-05-20,OUT-008,40,177,12,12,0,205,0,274855.8,8.08,False,106,False
2024-05-27,OUT-008,205,0,19,19,0,186,0,249381.36,7.318,False,106,False
2024-06-03,OUT-008,186,0,24,24,0,162,0,217203.12,6.362,False,106,False
2024-06-10,OUT-008,162,0,32,32,0,130,0,174298.8,5.096,False,106,False
2024-06-17,OUT-008,130,0,16,16,0,114,0,152846.64,4.46,False,106,False
2024-06-24,OUT-008,114,0,23,23,0,91,192,122009.16,3.554,False,106,True
2024-07-01,OUT-008,91,0,16,16,0,75,192,100557.0,2.923,False,106,False
2024-07-08,OUT-008,75,0,15,15,0,60,192,80445.6,2.334,False,106,False
2024-07-15,OUT-008,60,0,25,25,0,35,192,46926.6,1.359,False,106,False
2024-07-22,OUT-008,35,191,15,15,0,211,0,282900.36,8.18,False,106,False
2024-07-29,OUT-008,211,0,13,13,0,198,0,265470.48,7.662,False,106,False
2024-08-05,OUT-008,198,0,21,21,0,177,0,237314.52,6.836,False,106,False
2024-08-12,OUT-008,177,0,29,29,0,148,0,198432.48,5.706,False,106,False
2024-08-19,OUT-008,148,0,23,23,0,125,0,167595.0,4.81,False,106,False
2024-08-26,OUT-008,125,0,19,19,0,106,180,142120.56,4.072,False,106,True
2024-09-02,OUT-008,106,0,21,21,0,85,180,113964.6,3.259,False,106,False
2024-09-09,OUT-008,85,0,23,23,0,62,180,83127.12,2.373,False,106,False
2024-09-16,OUT-008,62,0,38,38,0,24,180,32178.24,0.917,False,106,False
2024-09-23,OUT-008,24,177,17,17,0,184,0,246699.84,7.017,False,106,False
2024-09-30,OUT-008,184,0,16,16,0,168,0,225247.68,6.396,False,106,False
2024-10-07,OUT-008,168,0,30,30,0,138,0,185024.88,5.244,False,106,False
2024-10-14,OUT-008,138,0,25,25,0,113,0,151505.88,4.286,False,106,False
2024-10-21,OUT-008,113,0,36,36,0,77,210,103238.52,2.916,False,106,True
2024-10-28,OUT-008,77,0,26,26,0,51,210,68378.76,1.928,False,106,False
2024-11-04,OUT-008,51,0,32,32,0,19,210,25474.44,0.717,False,106,False
2024-11-11,OUT-008,19,0,33,19,14,0,210,0.0,0.0,True,106,False
2024-11-18,OUT-008,0,204,60,60,0,144,0,193069.44,5.414,False,106,False
2024-11-25,OUT-008,144,0,48,48,0,96,186,128712.96,3.603,False,106,True
2024-12-02,OUT-008,96,0,34,34,0,62,186,83127.12,2.323,False,106,False
2024-12-09,OUT-008,62,0,42,42,0,20,186,26815.2,0.748,False,106,False
2024-12-16,OUT-008,20,0,50,20,30,0,186,0.0,0.0,True,106,False
2024-12-23,OUT-008,0,182,49,49,0,133,0,178321.08,4.956,False,106,False
2024-12-30,OUT-008,133,0,48,48,0,85,198,113964.6,3.162,False,106,True
2025-01-06,OUT-008,85,0,46,46,0,39,198,52289.64,1.448,False,106,False
2025-01-13,OUT-008,39,0,39,39,0,0,198,0.0,0.0,False,106,False
2025-01-20,OUT-008,0,0,39,0,39,0,198,0.0,0.0,True,106,False
2025-01-27,OUT-008,0,194,23,23,0,171,0,229269.96,6.317,False,106,False
2025-02-03,OUT-008,171,0,29,29,0,142,0,190387.92,5.236,False,106,False
2025-02-10,OUT-008,142,0,37,37,0,105,180,140779.8,3.865,False,106,True
2025-02-17,OUT-008,105,0,34,34,0,71,180,95193.96,2.609,False,106,False
2025-02-24,OUT-008,71,0,20,20,0,51,180,68378.76,1.871,False,106,False
2025-03-03,OUT-008,51,0,44,44,0,7,180,9385.32,0.256,False,106,False
2025-03-10,OUT-008,7,177,38,38,0,146,0,195750.96,5.337,False,106,False
2025-03-17,OUT-008,146,0,35,35,0,111,0,148824.36,4.051,False,106,False
2025-03-24,OUT-008,111,0,36,36,0,75,210,100557.0,2.732,False,106,True
2025-03-31,OUT-008,75,0,29,29,0,46,210,61674.96,1.673,False,106,False
2025-04-07,OUT-008,46,0,24,24,0,22,210,29496.72,0.799,False,106,False
2025-04-14,OUT-008,22,0,28,22,6,0,210,0.0,0.0,True,106,False
2025-04-21,OUT-008,0,205,16,16,0,189,0,253403.64,6.838,False,106,False
2025-04-28,OUT-008,189,0,24,24,0,165,0,221225.4,5.96,False,106,False
2025-05-05,OUT-008,165,0,31,31,0,134,0,179661.84,4.832,False,106,False
2025-05-12,OUT-008,134,0,23,23,0,111,0,148824.36,3.996,False,106,False
2025-05-19,OUT-008,111,0,13,13,0,98,186,131394.48,3.522,False,106,True
2025-05-26,OUT-008,98,0,14,14,0,84,186,112623.84,3.014,False,106,False
2025-06-02,OUT-008,84,0,13,13,0,71,186,95193.96,2.543,False,106,False
2025-06-09,OUT-008,71,0,13,13,0,58,186,77764.08,2.074,False,106,False
2025-06-16,OUT-008,58,185,16,16,0,227,0,304352.52,8.102,False,106,False
2025-06-23,OUT-008,227,0,29,29,0,198,0,265470.48,7.055,False,106,False
2025-06-30,OUT-008,198,0,18,18,0,180,0,241336.8,6.403,False,106,False
2025-07-07,OUT-008,180,0,13,13,0,167,0,223906.92,5.931,False,106,False
2025-07-14,OUT-008,167,0,19,19,0,148,0,198432.48,5.247,False,106,False
2025-07-21,OUT-008,148,0,26,26,0,122,0,163572.72,4.318,False,106,False
2025-07-28,OUT-008,122,0,18,18,0,104,180,139439.04,3.675,False,106,True
2025-08-04,OUT-008,104,0,27,27,0,77,180,103238.52,2.716,False,106,False
2025-08-11,OUT-008,77,0,16,16,0,61,180,81786.36,2.148,False,106,False
2025-08-18,OUT-008,61,0,32,32,0,29,180,38882.04,1.02,False,106,False
2025-08-25,OUT-008,29,177,26,26,0,180,0,241336.8,6.318,False,106,False
2025-09-01,OUT-008,180,0,14,14,0,166,0,222566.16,5.817,False,106,False
2025-09-08,OUT-008,166,0,27,27,0,139,0,186365.64,4.863,False,106,False
2025-09-15,OUT-008,139,0,21,21,0,118,0,158209.68,4.122,False,106,False
2025-09-22,OUT-008,118,0,26,26,0,92,192,123349.92,3.208,False,106,True
2025-09-29,OUT-008,92,0,32,32,0,60,192,80445.6,2.089,False,106,False
2025-10-06,OUT-008,60,0,24,24,0,36,192,48267.36,1.251,False,106,False
2025-10-13,OUT-008,36,0,24,24,0,12,192,16089.12,0.416,False,106,False
2025-10-20,OUT-008,12,190,28,28,0,174,0,233292.24,6.028,False,106,False
2025-10-27,OUT-008,174,0,42,42,0,132,0,176980.32,4.565,False,106,False
2025-11-03,OUT-008,132,0,46,46,0,86,198,115305.36,2.97,False,106,True
2025-11-10,OUT-008,86,0,33,33,0,53,198,71060.28,1.827,False,106,False
2025-11-17,OUT-008,53,0,75,53,22,0,198,0.0,0.0,True,106,False
2025-11-24,OUT-008,0,0,61,0,61,0,198,0.0,0.0,True,106,False
2025-12-01,OUT-008,0,195,25,25,0,170,0,227929.2,5.832,False,106,False
2025-12-08,OUT-008,170,0,55,55,0,115,0,154187.4,3.939,False,106,False
2025-12-15,OUT-008,115,0,29,29,0,86,198,115305.36,2.941,False,106,True
2025-12-22,OUT-008,86,0,53,53,0,33,198,44245.08,1.127,False,106,False
2025-12-29,OUT-008,33,196,40,40,0,189,0,253403.64,6.442,False,106,False
2023-01-02,OUT-009,400,0,27,27,0,373,0,467611.45,11.134,False,47,False
2023-01-09,OUT-009,373,0,49,49,0,324,0,406182.6,9.651,False,47,False
2023-01-16,OUT-009,324,0,43,43,0,281,0,352275.65,8.352,False,47,False
2023-01-23,OUT-009,281,0,48,48,0,233,0,292100.45,6.911,False,47,False
2023-01-30,OUT-009,233,0,36,36,0,197,0,246969.05,5.83,False,47,False
2023-02-06,OUT-009,197,0,46,46,0,151,0,189301.15,4.46,False,47,False
2023-02-13,OUT-009,151,0,28,28,0,123,0,154198.95,3.625,False,47,False
2023-02-20,OUT-009,123,0,50,50,0,73,0,91516.45,2.147,False,47,False
2023-02-27,OUT-009,73,0,38,38,0,35,280,43877.75,1.027,False,47,True
2023-03-06,OUT-009,35,276,44,44,0,267,0,334724.55,7.819,False,47,False
2023-03-13,OUT-009,267,0,21,21,0,246,0,308397.9,7.189,False,47,False
2023-03-20,OUT-009,246,0,64,64,0,182,0,228164.3,5.307,False,47,False
2023-03-27,OUT-009,182,0,34,34,0,148,0,185540.2,4.307,False,47,False
2023-04-03,OUT-009,148,0,27,27,0,121,0,151691.65,3.514,False,47,False
2023-04-10,OUT-009,121,0,33,33,0,88,0,110321.2,2.55,False,47,False
2023-04-17,OUT-009,88,0,28,28,0,60,0,75219.0,1.735,False,47,False
2023-04-24,OUT-009,60,0,16,16,0,44,272,55160.6,1.27,False,47,True
2023-05-01,OUT-009,44,267,28,28,0,283,0,354782.95,8.15,False,47,False
2023-05-08,OUT-009,283,0,34,34,0,249,0,312158.85,7.156,False,47,False
2023-05-15,OUT-009,249,0,31,31,0,218,0,273295.7,6.252,False,47,False
2023-05-22,OUT-009,218,0,24,24,0,194,0,243208.1,5.552,False,47,False
2023-05-29,OUT-009,194,0,30,30,0,164,0,205598.6,4.684,False,47,False
2023-06-05,OUT-009,164,0,17,17,0,147,0,184286.55,4.19,False,47,False
2023-06-12,OUT-009,147,0,29,29,0,118,0,147930.7,3.356,False,47,False
2023-06-19,OUT-009,118,0,30,30,0,88,0,110321.2,2.498,False,47,False
2023-06-26,OUT-009,88,0,20,20,0,68,0,85248.2,1.926,False,47,False
2023-07-03,OUT-009,68,0,23,23,0,45,272,56414.25,1.272,False,47,True
2023-07-10,OUT-009,45,271,22,22,0,294,0,368573.1,8.295,False,47,False
2023-07-17,OUT-009,294,0,23,23,0,271,0,339739.15,7.63,False,47,False
2023-07-24,OUT-009,271,0,27,27,0,244,0,305890.6,6.856,False,47,False
2023-07-31,OUT-009,244,0,21,21,0,223,0,279563.95,6.253,False,47,False
2023-08-07,OUT-009,223,0,18,18,0,205,0,256998.25,5.737,False,47,False
2023-08-14,OUT-009,205,0,15,15,0,190,0,238193.5,5.307,False,47,False
2023-08-21,OUT-009,190,0,11,11,0,179,0,224403.35,4.989,False,47,False
2023-08-28,OUT-009,179,0,28,28,0,151,0,189301.15,4.2,False,47,False
2023-09-04,OUT-009,151,0,46,46,0,105,0,131633.25,2.915,False,47,False
2023-09-11,OUT-009,105,0,31,31,0,74,0,92770.1,2.05,False,47,False
2023-09-18,OUT-009,74,0,39,39,0,35,280,43877.75,0.968,False,47,True
2023-09-25,OUT-009,35,276,35,35,0,276,0,346007.4,7.617,False,47,False
2023-10-02,OUT-009,276,0,30,30,0,246,0,308397.9,6.775,False,47,False
2023-10-09,OUT-009,246,0,34,34,0,212,0,265773.8,5.827,False,47,False
2023-10-16,OUT-009,212,0,28,28,0,184,0,230671.6,5.048,False,47,False
2023-10-23,OUT-009,184,0,36,36,0,148,0,185540.2,4.052,False,47,False
2023-10-30,OUT-009,148,0,37,37,0,111,0,139155.15,3.033,False,47,False
2023-11-06,OUT-009,111,0,55,55,0,56,0,70204.4,1.527,False,47,False
2023-11-13,OUT-009,56,0,45,45,0,11,304,13790.15,0.299,False,47,True
2023-11-20,OUT-009,11,301,98,98,0,214,0,268281.1,5.813,False,47,False
2023-11-27,OUT-009,214,0,85,85,0,129,0,161720.85,3.497,False,47,False
2023-12-04,OUT-009,129,0,38,38,0,91,0,114082.15,2.462,False,47,False
2023-12-11,OUT-009,91,0,58,58,0,33,284,41370.45,0.891,False,47,True
2023-12-18,OUT-009,33,283,71,71,0,245,0,307144.25,6.604,False,47,False
2023-12-25,OUT-009,245,0,46,46,0,199,0,249476.35,5.353,False,47,False
2024-01-01,OUT-009,199,0,51,51,0,148,0,185540.2,3.974,False,47,False
2024-01-08,OUT-009,148,0,58,58,0,90,0,112828.5,2.412,False,47,False
2024-01-15,OUT-009,90,0,50,50,0,40,276,50146.0,1.07,False,47,True
2024-01-22,OUT-009,40,270,48,48,0,262,0,328456.3,6.994,False,47,False
2024-01-29,OUT-009,262,0,54,54,0,208,0,260759.2,5.542,False,47,False
2024-02-05,OUT-009,208,0,36,36,0,172,0,215627.8,4.574,False,47,False
2024-02-12,OUT-009,172,0,45,45,0,127,0,159213.55,3.371,False,47,False
2024-02-19,OUT-009,127,0,28,28,0,99,0,124111.35,2.623,False,47,False
2024-02-26,OUT-009,99,0,53,53,0,46,272,57667.9,1.216,False,47,True
2024-03-04,OUT-009,46,265,39,39,0,272,0,340992.8,7.178,False,47,False
2024-03-11,OUT-009,272,0,56,56,0,216,0,270788.4,5.689,False,47,False
2024-03-18,OUT-009,216,0,41,41,0,175,0,219388.75,4.601,False,47,False
2024-03-25,OUT-009,175,0,41,41,0,134,0,167989.1,3.516,False,47,False
2024-04-01,OUT-009,134,0,44,44,0,90,0,112828.5,2.357,False,47,False
2024-04-08,OUT-009,90,0,31,31,0,59,0,73965.35,1.542,False,47,False
2024-04-15,OUT-009,59,0,42,42,0,17,300,21312.05,0.444,False,47,True
2024-04-22,OUT-009,17,298,23,23,0,292,0,366065.8,7.605,False,47,False
2024-04-29,OUT-009,292,0,29,29,0,263,0,329709.95,6.837,False,47,False
2024-05-06,OUT-009,263,0,33,33,0,230,0,288339.5,5.968,False,47,False
2024-05-13,OUT-009,230,0,32,32,0,198,0,248222.7,5.128,False,47,False
2024-05-20,OUT-009,198,0,38,38,0,160,0,200584.0,4.136,False,47,False
2024-05-27,OUT-009,160,0,17,17,0,143,0,179271.95,3.69,False,47,False
2024-06-03,OUT-009,143,0,27,27,0,116,0,145423.4,2.987,False,47,False
2024-06-10,OUT-009,116,0,25,25,0,91,0,114082.15,2.339,False,47,False
2024-06-17,OUT-009,91,0,17,17,0,74,0,92770.1,1.899,False,47,False
2024-06-24,OUT-009,74,0,19,19,0,55,0,68950.75,1.409,False,47,False
2024-07-01,OUT-009,55,0,30,30,0,25,292,31341.25,0.639,False,47,True
2024-07-08,OUT-009,25,291,33,33,0,283,0,354782.95,7.221,False,47,False
2024-07-15,OUT-009,283,0,30,30,0,253,0,317173.45,6.444,False,47,False
2024-07-22,OUT-009,253,0,42,42,0,211,0,264520.15,5.364,False,47,False
2024-07-29,OUT-009,211,0,25,25,0,186,0,233178.9,4.72,False,47,False
2024-08-05,OUT-009,186,0,26,26,0,160,0,200584.0,4.053,False,47,False
2024-08-12,OUT-009,160,0,24,24,0,136,0,170496.4,3.439,False,47,False
2024-08-19,OUT-009,136,0,39,39,0,97,0,121604.05,2.448,False,47,False
2024-08-26,OUT-009,97,0,33,33,0,64,0,80233.6,1.612,False,47,False
2024-09-02,OUT-009,64,0,40,40,0,24,292,30087.6,0.604,False,47,True
2024-09-09,OUT-009,24,290,34,34,0,280,0,351022.0,7.028,False,47,False
2024-09-16,OUT-009,280,0,31,31,0,249,0,312158.85,6.239,False,47,False
2024-09-23,OUT-009,249,0,45,45,0,204,0,255744.6,5.102,False,47,False
2024-09-30,OUT-009,204,0,38,38,0,166,0,208105.9,4.144,False,47,False
2024-10-07,OUT-009,166,0,62,62,0,104,0,130379.6,2.592,False,47,False
2024-10-14,OUT-009,104,0,36,36,0,68,0,85248.2,1.692,False,47,False
2024-10-21,OUT-009,68,0,39,39,0,29,288,36355.85,0.72,False,47,True
2024-10-28,OUT-009,29,285,62,62,0,252,0,315919.8,6.247,False,47,False
2024-11-04,OUT-009,252,0,58,58,0,194,0,243208.1,4.8,False,47,False
2024-11-11,OUT-009,194,0,44,44,0,150,0,188047.5,3.705,False,47,False
2024-11-18,OUT-009,150,0,81,81,0,69,0,86501.85,1.701,False,47,False
2024-11-25,OUT-009,69,0,68,68,0,1,316,1253.65,0.025,False,47,True
2024-12-02,OUT-009,1,307,37,37,0,271,0,339739.15,6.658,False,47,False
2024-12-09,OUT-009,271,0,64,64,0,207,0,259505.55,5.077,False,47,False
2024-12-16,OUT-009,207,0,52,52,0,155,0,194315.75,3.795,False,47,False
2024-12-23,OUT-009,155,0,56,56,0,99,0,124111.35,2.419,False,47,False
2024-12-30,OUT-009,99,0,53,53,0,46,272,57667.9,1.122,False,47,True
2025-01-06,OUT-009,46,0,73,46,27,0,272,0.0,0.0,True,47,False
2025-01-13,OUT-009,0,267,79,79,0,188,0,235686.2,4.57,False,47,False
2025-01-20,OUT-009,188,0,47,47,0,141,0,176764.65,3.422,False,47,False
2025-01-27,OUT-009,141,0,57,57,0,84,0,105306.6,2.035,False,47,False
2025-02-03,OUT-009,84,0,61,61,0,23,292,28833.95,0.556,False,47,True
2025-02-10,OUT-009,23,291,32,32,0,282,0,353529.3,6.808,False,47,False
2025-02-17,OUT-009,282,0,46,46,0,236,0,295861.4,5.687,False,47,False
2025-02-24,OUT-009,236,0,47,47,0,189,0,236939.85,4.547,False,47,False
2025-03-03,OUT-009,189,0,42,42,0,147,0,184286.55,3.53,False,47,False
2025-03-10,OUT-009,147,0,35,35,0,112,0,140408.8,2.685,False,47,False
2025-03-17,OUT-009,112,0,46,46,0,66,0,82740.9,1.58,False,47,False
2025-03-24,OUT-009,66,0,32,32,0,34,284,42624.1,0.812,False,47,True
2025-03-31,OUT-009,34,277,65,65,0,246,0,308397.9,5.867,False,47,False
2025-04-07,OUT-009,246,0,38,38,0,208,0,260759.2,4.953,False,47,False
2025-04-14,OUT-009,208,0,32,32,0,176,0,220642.4,4.183,False,47,False
2025-04-21,OUT-009,176,0,53,53,0,123,0,154198.95,2.919,False,47,False
2025-04-28,OUT-009,123,0,28,28,0,95,0,119096.75,2.25,False,47,False
2025-05-05,OUT-009,95,0,27,27,0,68,0,85248.2,1.608,False,47,False
2025-05-12,OUT-009,68,0,23,23,0,45,272,56414.25,1.062,False,47,True
2025-05-19,OUT-009,45,267,22,22,0,290,0,363558.5,6.835,False,47,False
2025-05-26,OUT-009,290,0,30,30,0,260,0,325949.0,6.117,False,47,False
2025-06-02,OUT-009,260,0,26,26,0,234,0,293354.1,5.496,False,47,False
2025-06-09,OUT-009,234,0,31,31,0,203,0,254490.95,4.76,False,47,False
2025-06-16,OUT-009,203,0,22,22,0,181,0,226910.65,4.237,False,47,False
2025-06-23,OUT-009,181,0,30,30,0,151,0,189301.15,3.529,False,47,False
2025-06-30,OUT-009,151,0,39,39,0,112,0,140408.8,2.613,False,47,False
2025-07-07,OUT-009,112,0,22,22,0,90,0,112828.5,2.096,False,47,False
2025-07-14,OUT-009,90,0,25,25,0,65,0,81487.25,1.511,False,47,False
2025-07-21,OUT-009,65,0,28,28,0,37,280,46385.05,0.859,False,47,True
2025-07-28,OUT-009,37,278,14,14,0,301,0,377348.65,6.975,False,47,False
2025-08-04,OUT-009,301,0,25,25,0,276,0,346007.4,6.385,False,47,False
2025-08-11,OUT-009,276,0,34,34,0,242,0,303383.3,5.59,False,47,False
2025-08-18,OUT-009,242,0,32,32,0,210,0,263266.5,4.842,False,47,False
2025-08-25,OUT-009,210,0,41,41,0,169,0,211866.85,3.89,False,47,False
2025-09-01,OUT-009,169,0,32,32,0,137,0,171750.05,3.149,False,47,False
2025-09-08,OUT-009,137,0,39,39,0,98,0,122857.7,2.249,False,47,False
2025-09-15,OUT-009,98,0,37,37,0,61,0,76472.65,1.397,False,47,False
2025-09-22,OUT-009,61,0,34,34,0,27,288,33848.55,0.617,False,47,True
2025-09-29,OUT-009,27,283,43,43,0,267,0,334724.55,6.096,False,47,False
2025-10-06,OUT-009,267,0,48,48,0,219,0,274549.35,4.992,False,47,False
2025-10-13,OUT-009,219,0,57,57,0,162,0,203091.3,3.687,False,47,False
2025-10-20,OUT-009,162,0,53,53,0,109,0,136647.85,2.476,False,47,False
2025-10-27,OUT-009,109,0,40,40,0,69,0,86501.85,1.565,False,47,False
2025-11-03,OUT-009,69,0,48,48,0,21,296,26326.65,0.476,False,47,True
2025-11-10,OUT-009,21,293,45,45,0,269,0,337231.85,6.082,False,47,False
2025-11-17,OUT-009,269,0,97,97,0,172,0,215627.8,3.882,False,47,False
2025-11-24,OUT-009,172,0,77,77,0,95,0,119096.75,2.141,False,47,False
2025-12-01,OUT-009,95,0,53,53,0,42,276,52653.3,0.945,False,47,True
2025-12-08,OUT-009,42,271,70,70,0,243,0,304636.95,5.458,False,47,False
2025-12-15,OUT-009,243,0,69,69,0,174,0,218135.1,3.902,False,47,False
2025-12-22,OUT-009,174,0,55,55,0,119,0,149184.35,2.664,False,47,False
2025-12-29,OUT-009,119,0,67,67,0,52,0,65189.8,1.162,False,47,False
2023-01-02,OUT-010,241,0,39,39,0,202,0,340925.5,7.937,False,66,False
2023-01-09,OUT-010,202,0,50,50,0,152,0,256538.0,5.96,False,66,False
2023-01-16,OUT-010,152,0,49,49,0,103,0,173838.25,4.03,False,66,False
2023-01-23,OUT-010,103,0,29,29,0,74,0,124893.5,2.889,False,66,False
2023-01-30,OUT-010,74,0,34,34,0,40,234,67510.0,1.558,False,66,True
2023-02-06,OUT-010,40,0,29,29,0,11,234,18565.25,0.428,False,66,False
2023-02-13,OUT-010,11,232,30,30,0,213,0,359490.75,8.263,False,66,False
2023-02-20,OUT-010,213,0,44,44,0,169,0,285229.75,6.542,False,66,False
2023-02-27,OUT-010,169,0,18,18,0,151,0,254850.25,5.833,False,66,False
2023-03-06,OUT-010,151,0,38,38,0,113,0,190715.75,4.356,False,66,False
2023-03-13,OUT-010,113,0,36,36,0,77,0,129956.75,2.962,False,66,False
2023-03-20,OUT-010,77,0,40,40,0,37,234,62446.75,1.42,False,66,True
2023-03-27,OUT-010,37,0,32,32,0,5,234,8438.75,0.192,False,66,False
2023-04-03,OUT-010,5,232,31,31,0,206,0,347676.5,7.874,False,66,False
2023-04-10,OUT-010,206,0,20,20,0,186,0,313921.5,7.095,False,66,False
2023-04-17,OUT-010,186,0,31,31,0,155,0,261601.25,5.9,False,66,False
2023-04-24,OUT-010,155,0,26,26,0,129,0,217719.75,4.9,False,66,False
2023-05-01,OUT-010,129,0,27,27,0,102,0,172150.5,3.867,False,66,False
2023-05-08,OUT-010,102,0,19,19,0,83,0,140083.25,3.14,False,66,False
2023-05-15,OUT-010,83,0,17,17,0,66,204,111391.5,2.492,False,66,True
2023-05-22,OUT-010,66,0,16,16,0,50,204,84387.5,1.884,False,66,False
2023-05-29,OUT-010,50,202,17,17,0,235,0,396621.25,8.835,False,66,False
2023-06-05,OUT-010,235,0,14,14,0,221,0,372992.75,8.292,False,66,False
2023-06-12,OUT-010,221,0,24,24,0,197,0,332486.75,7.376,False,66,False
2023-06-19,OUT-010,197,0,21,21,0,176,0,297044.0,6.576,False,66,False
2023-06-26,OUT-010,176,0,28,28,0,148,0,249787.0,5.519,False,66,False
2023-07-03,OUT-010,148,0,25,25,0,123,0,207593.25,4.577,False,66,False
2023-07-10,OUT-010,123,0,17,17,0,106,0,178901.5,3.937,False,66,False
2023-07-17,OUT-010,106,0,22,22,0,84,0,141771.0,3.113,False,66,False
2023-07-24,OUT-010,84,0,19,19,0,65,204,109703.75,2.404,False,66,True
2023-07-31,OUT-010,65,0,26,26,0,39,204,65822.25,1.44,False,66,False
2023-08-07,OUT-010,39,204,30,30,0,213,0,359490.75,7.846,False,66,False
2023-08-14,OUT-010,213,0,19,19,0,194,0,327423.5,7.132,False,66,False
2023-08-21,OUT-010,194,0,25,25,0,169,0,285229.75,6.201,False,66,False
2023-08-28,OUT-010,169,0,20,20,0,149,0,251474.75,5.456,False,66,False
2023-09-04,OUT-010,149,0,30,30,0,119,0,200842.25,4.349,False,66,False
2023-09-11,OUT-010,119,0,35,35,0,84,0,141771.0,3.063,False,66,False
2023-09-18,OUT-010,84,0,37,37,0,47,222,79324.25,1.711,False,66,True
2023-09-25,OUT-010,47,0,28,28,0,19,222,32067.25,0.69,False,66,False
2023-10-02,OUT-010,19,218,31,31,0,206,0,347676.5,7.468,False,66,False
2023-10-09,OUT-010,206,0,16,16,0,190,0,320672.5,6.874,False,66,False
2023-10-16,OUT-010,190,0,35,35,0,155,0,261601.25,5.597,False,66,False
2023-10-23,OUT-010,155,0,39,39,0,116,0,195779.0,4.18,False,66,False
2023-10-30,OUT-010,116,0,32,32,0,84,0,141771.0,3.021,False,66,False
2023-11-06,OUT-010,84,0,33,33,0,51,222,86075.25,1.831,False,66,True
2023-11-13,OUT-010,51,0,40,40,0,11,222,18565.25,0.394,False,66,False
2023-11-20,OUT-010,11,220,60,60,0,171,0,288605.25,6.114,False,66,False
2023-11-27,OUT-010,171,0,69,69,0,102,0,172150.5,3.64,False,66,False
2023-12-04,OUT-010,102,0,28,28,0,74,0,124893.5,2.636,False,66,False
2023-12-11,OUT-010,74,0,55,55,0,19,252,32067.25,0.675,False,66,True
2023-12-18,OUT-010,19,0,51,19,32,0,252,0.0,0.0,True,66,False
2023-12-25,OUT-010,0,246,59,59,0,187,0,315609.25,6.622,False,66,False
2024-01-01,OUT-010,187,0,29,29,0,158,0,266664.5,5.584,False,66,False
2024-01-08,OUT-010,158,0,41,41,0,117,0,197466.75,4.127,False,66,False
2024-01-15,OUT-010,117,0,43,43,0,74,0,124893.5,2.605,False,66,False
2024-01-22,OUT-010,74,0,42,42,0,32,240,54008.0,1.124,False,66,True
2024-01-29,OUT-010,32,0,36,32,4,0,240,0.0,0.0,True,66,False
2024-02-05,OUT-010,0,234,31,31,0,203,0,342613.25,7.106,False,66,False
2024-02-12,OUT-010,203,0,37,37,0,166,0,280166.5,5.799,False,66,False
2024-02-19,OUT-010,166,0,39,39,0,127,0,214344.25,4.428,False,66,False
2024-02-26,OUT-010,127,0,32,32,0,95,0,160336.25,3.306,False,66,False
2024-03-04,OUT-010,95,0,53,53,0,42,228,70885.5,1.459,False,66,True
2024-03-11,OUT-010,42,0,29,29,0,13,228,21940.75,0.451,False,66,False
2024-03-18,OUT-010,13,227,35,35,0,205,0,345988.75,7.094,False,66,False
2024-03-25,OUT-010,205,0,27,27,0,178,0,300419.5,6.148,False,66,False
2024-04-01,OUT-010,178,0,32,32,0,146,0,246411.5,5.033,False,66,False
2024-04-08,OUT-010,146,0,24,24,0,122,0,205905.5,4.198,False,66,False
2024-04-15,OUT-010,122,0,31,31,0,91,0,153585.25,3.125,False,66,False
2024-04-22,OUT-010,91,0,20,20,0,71,0,119830.25,2.434,False,66,False
2024-04-29,OUT-010,71,0,19,19,0,52,222,87763.0,1.779,False,66,True
2024-05-06,OUT-010,52,0,19,19,0,33,222,55695.75,1.127,False,66,False
2024-05-13,OUT-010,33,220,15,15,0,238,0,401684.5,8.113,False,66,False
2024-05-20,OUT-010,238,0,15,15,0,223,0,376368.25,7.588,False,66,False
2024-05-27,OUT-010,223,0,28,28,0,195,0,329111.25,6.623,False,66,False
2024-06-03,OUT-010,195,0,22,22,0,173,0,291980.75,5.865,False,66,False
2024-06-10,OUT-010,173,0,15,15,0,158,0,266664.5,5.346,False,66,False
2024-06-17,OUT-010,158,0,26,26,0,132,0,222783.0,4.458,False,66,False
2024-06-24,OUT-010,132,0,26,26,0,106,0,178901.5,3.573,False,66,False
2024-07-01,OUT-010,106,0,10,10,0,96,0,162024.0,3.23,False,66,False
2024-07-08,OUT-010,96,0,26,26,0,70,0,118142.5,2.351,False,66,False
2024-07-15,OUT-010,70,0,10,10,0,60,210,101265.0,2.012,False,66,True
2024-07-22,OUT-010,60,0,20,20,0,40,210,67510.0,1.339,False,66,False
2024-07-29,OUT-010,40,0,20,20,0,20,210,33755.0,0.668,False,66,False
2024-08-05,OUT-010,20,206,19,19,0,207,0,349364.25,6.902,False,66,False
2024-08-12,OUT-010,207,0,15,15,0,192,0,324048.0,6.39,False,66,False
2024-08-19,OUT-010,192,0,26,26,0,166,0,280166.5,5.515,False,66,False
2024-08-26,OUT-010,166,0,27,27,0,139,0,234597.25,4.609,False,66,False
2024-09-02,OUT-010,139,0,31,31,0,108,0,182277.0,3.575,False,66,False
2024-09-09,OUT-010,108,0,46,46,0,62,210,104640.5,2.049,False,66,True
2024-09-16,OUT-010,62,0,25,25,0,37,210,62446.75,1.22,False,66,False
2024-09-23,OUT-010,37,207,51,51,0,193,0,325735.75,6.354,False,66,False
2024-09-30,OUT-010,193,0,43,43,0,150,0,253162.5,4.929,False,66,False
2024-10-07,OUT-010,150,0,30,30,0,120,0,202530.0,3.936,False,66,False
2024-10-14,OUT-010,120,0,33,33,0,87,0,146834.25,2.849,False,66,False
2024-10-21,OUT-010,87,0,43,43,0,44,228,74261.0,1.438,False,66,True
2024-10-28,OUT-010,44,0,38,38,0,6,228,10126.5,0.196,False,66,False
2024-11-04,OUT-010,6,227,55,55,0,178,0,300419.5,5.798,False,66,False
2024-11-11,OUT-010,178,0,40,40,0,138,0,232909.5,4.487,False,66,False
2024-11-18,OUT-010,138,0,76,76,0,62,210,104640.5,2.012,False,66,True
2024-11-25,OUT-010,62,0,61,61,0,1,210,1687.75,0.032,False,66,False
2024-12-02,OUT-010,1,208,48,48,0,161,0,271727.75,5.207,False,66,False
2024-12-09,OUT-010,161,0,42,42,0,119,0,200842.25,3.842,False,66,False
2024-12-16,OUT-010,119,0,49,49,0,70,0,118142.5,2.256,False,66,False
2024-12-23,OUT-010,70,0,38,38,0,32,240,54008.0,1.029,False,66,True
2024-12-30,OUT-010,32,0,49,32,17,0,240,0.0,0.0,True,66,False
2025-01-06,OUT-010,0,234,42,42,0,192,0,324048.0,6.155,False,66,False
2025-01-13,OUT-010,192,0,49,49,0,143,0,241348.25,4.576,False,66,False
2025-01-20,OUT-010,143,0,40,40,0,103,0,173838.25,3.29,False,66,False
2025-01-27,OUT-010,103,0,28,28,0,75,0,126581.25,2.392,False,66,False
2025-02-03,OUT-010,75,0,45,45,0,30,240,50632.5,0.955,False,66,True
2025-02-10,OUT-010,30,237,29,29,0,238,0,401684.5,7.563,False,66,False
2025-02-17,OUT-010,238,0,48,48,0,190,0,320672.5,6.027,False,66,False
2025-02-24,OUT-010,190,0,47,47,0,143,0,241348.25,4.528,False,66,False
2025-03-03,OUT-010,143,0,38,38,0,105,0,177213.75,3.319,False,66,False
2025-03-10,OUT-010,105,0,37,37,0,68,0,114767.0,2.146,False,66,False
2025-03-17,OUT-010,68,0,53,53,0,15,258,25316.25,0.473,False,66,True
2025-03-24,OUT-010,15,0,26,15,11,0,258,0.0,0.0,True,66,False
2025-03-31,OUT-010,0,252,33,33,0,219,0,369617.25,6.876,False,66,False
2025-04-07,OUT-010,219,0,29,29,0,190,0,320672.5,5.955,False,66,False
2025-04-14,OUT-010,190,0,26,26,0,164,0,276791.0,5.131,False,66,False
2025-04-21,OUT-010,164,0,36,36,0,128,0,216032.0,3.998,False,66,False
2025-04-28,OUT-010,128,0,29,29,0,99,0,167087.25,3.087,False,66,False
2025-05-05,OUT-010,99,0,29,29,0,70,0,118142.5,2.179,False,66,False
2025-05-12,OUT-010,70,0,27,27,0,43,228,72573.25,1.336,False,66,True
2025-05-19,OUT-010,43,0,18,18,0,25,228,42193.75,0.776,False,66,False
2025-05-26,OUT-010,25,222,19,19,0,228,0,384807.0,7.061,False,66,False
2025-06-02,OUT-010,228,0,19,19,0,209,0,352739.75,6.462,False,66,False
2025-06-09,OUT-010,209,0,24,24,0,185,0,312233.75,5.71,False,66,False
2025-06-16,OUT-010,185,0,24,24,0,161,0,271727.75,4.961,False,66,False
2025-06-23,OUT-010,161,0,15,15,0,146,0,246411.5,4.491,False,66,False
2025-06-30,OUT-010,146,0,33,33,0,113,0,190715.75,3.47,False,66,False
2025-07-07,OUT-010,113,0,17,17,0,96,0,162024.0,2.943,False,66,False
2025-07-14,OUT-010,96,0,29,29,0,67,0,113079.25,2.051,False,66,False
2025-07-21,OUT-010,67,0,33,33,0,34,240,57383.5,1.039,False,66,True
2025-07-28,OUT-010,34,0,16,16,0,18,240,30379.5,0.549,False,66,False
2025-08-04,OUT-010,18,235,11,11,0,242,0,408435.5,7.37,False,66,False
2025-08-11,OUT-010,242,0,24,24,0,218,0,367929.5,6.628,False,66,False
2025-08-18,OUT-010,218,0,31,31,0,187,0,315609.25,5.676,False,66,False
2025-08-25,OUT-010,187,0,28,28,0,159,0,268352.25,4.818,False,66,False
2025-09-01,OUT-010,159,0,39,39,0,120,0,202530.0,3.63,False,66,False
2025-09-08,OUT-010,120,0,36,36,0,84,0,141771.0,2.537,False,66,False
2025-09-15,OUT-010,84,0,31,31,0,53,216,89450.75,1.598,False,66,True
2025-09-22,OUT-010,53,0,37,37,0,16,216,27004.0,0.482,False,66,False
2025-09-29,OUT-010,16,0,44,16,28,0,216,0.0,0.0,True,66,False
2025-10-06,OUT-010,0,213,32,32,0,181,0,305482.75,5.431,False,66,False
2025-10-13,OUT-010,181,0,45,45,0,136,0,229534.0,4.074,False,66,False
2025-10-20,OUT-010,136,0,34,34,0,102,0,172150.5,3.05,False,66,False
2025-10-27,OUT-010,102,0,52,52,0,50,222,84387.5,1.493,False,66,True
2025-11-03,OUT-010,50,0,37,37,0,13,222,21940.75,0.388,False,66,False
2025-11-10,OUT-010,13,215,46,46,0,182,0,307170.5,5.416,False,66,False
2025-11-17,OUT-010,182,0,60,60,0,122,0,205905.5,3.625,False,66,False
2025-11-24,OUT-010,122,0,72,72,0,50,222,84387.5,1.483,False,66,True
2025-12-01,OUT-010,50,0,38,38,0,12,222,20253.0,0.355,False,66,False
2025-12-08,OUT-010,12,221,53,53,0,180,0,303795.0,5.322,False,66,False
2025-12-15,OUT-010,180,0,54,54,0,126,0,212656.5,3.719,False,66,False
2025-12-22,OUT-010,126,0,45,45,0,81,0,136707.75,2.387,False,66,False
2025-12-29,OUT-010,81,0,53,53,0,28,246,47257.0,0.824,False,66,True
2023-01-02,TOP-001,578,0,55,55,0,523,0,211208.32,8.821,False,219,False
2023-01-09,TOP-001,523,0,51,51,0,472,0,190612.48,7.944,False,219,False
2023-01-16,TOP-001,472,0,78,78,0,394,0,159112.96,6.617,False,219,False
2023-01-23,TOP-001,394,0,45,45,0,349,0,140940.16,5.849,False,219,False
2023-01-30,TOP-001,349,0,50,50,0,299,0,120748.16,5.0,False,219,False
2023-02-06,TOP-001,299,0,30,30,0,269,0,108632.96,4.489,False,219,False
2023-02-13,TOP-001,269,0,40,40,0,229,0,92479.36,3.813,False,219,False
2023-02-20,TOP-001,229,0,27,27,0,202,496,81575.68,3.356,False,219,True
2023-02-27,TOP-001,202,0,50,50,0,152,496,61383.68,2.52,False,219,False
2023-03-06,TOP-001,152,0,74,74,0,78,496,31499.52,1.291,False,219,False
2023-03-13,TOP-001,78,496,49,49,0,525,0,212016.0,8.668,False,219,False
2023-03-20,TOP-001,525,0,65,65,0,460,0,185766.4,7.579,False,219,False
2023-03-27,TOP-001,460,0,53,53,0,407,0,164362.88,6.692,False,219,False
2023-04-03,TOP-001,407,0,60,60,0,347,0,140132.48,5.693,False,219,False
2023-04-10,TOP-001,347,0,94,94,0,253,0,102171.52,4.142,False,219,False
2023-04-17,TOP-001,253,0,61,61,0,192,504,77537.28,3.137,False,219,True
2023-04-24,TOP-001,192,0,51,51,0,141,504,56941.44,2.299,False,219,False
2023-05-01,TOP-001,141,0,53,53,0,88,504,35537.92,1.432,False,219,False
2023-05-08,TOP-001,88,500,66,66,0,522,0,210804.48,8.476,False,219,False
2023-05-15,TOP-001,522,0,65,65,0,457,0,184554.88,7.405,False,219,False
2023-05-22,TOP-001,457,0,70,70,0,387,0,156286.08,6.258,False,219,False
2023-05-29,TOP-001,387,0,78,78,0,309,0,124786.56,4.987,False,219,False
2023-06-05,TOP-001,309,0,70,70,0,239,0,96517.76,3.849,False,219,False
2023-06-12,TOP-001,239,0,102,102,0,137,560,55326.08,2.202,False,219,True
2023-06-19,TOP-001,137,0,100,100,0,37,560,14942.08,0.593,False,219,False
2023-06-26,TOP-001,37,0,68,37,31,0,560,0.0,0.0,True,219,False
2023-07-03,TOP-001,0,544,140,140,0,404,0,163151.36,6.453,False,219,False
2023-07-10,TOP-001,404,0,86,86,0,318,0,128421.12,5.069,False,219,False
2023-07-17,TOP-001,318,0,95,95,0,223,0,90056.32,3.548,False,219,False
2023-07-24,TOP-001,223,0,105,105,0,118,576,47653.12,1.873,False,219,True
2023-07-31,TOP-001,118,0,76,76,0,42,576,16961.28,0.665,False,219,False
2023-08-07,TOP-001,42,0,71,42,29,0,576,0.0,0.0,True,219,False
2023-08-14,TOP-001,0,569,75,75,0,494,0,199496.96,7.796,False,219,False
2023-08-21,TOP-001,494,0,85,85,0,409,0,165170.56,6.441,False,219,False
2023-08-28,TOP-001,409,0,69,69,0,340,0,137305.6,5.344,False,219,False
2023-09-04,TOP-001,340,0,101,101,0,239,0,96517.76,3.749,False,219,False
2023-09-11,TOP-001,239,0,93,93,0,146,552,58960.64,2.286,False,219,True
2023-09-18,TOP-001,146,0,72,72,0,74,552,29884.16,1.156,False,219,False
2023-09-25,TOP-001,74,0,67,67,0,7,552,2826.88,0.109,False,219,False
2023-10-02,TOP-001,7,545,72,72,0,480,0,193843.2,7.469,False,219,False
2023-10-09,TOP-001,480,0,67,67,0,413,0,166785.92,6.414,False,219,False
2023-10-16,TOP-001,413,0,61,61,0,352,0,142151.68,5.456,False,219,False
2023-10-23,TOP-001,352,0,49,49,0,303,0,122363.52,4.687,False,219,False
2023-10-30,TOP-001,303,0,37,37,0,266,0,107421.44,4.107,False,219,False
2023-11-06,TOP-001,266,0,72,72,0,194,504,78344.96,2.989,False,219,True
2023-11-13,TOP-001,194,0,61,61,0,133,504,53710.72,2.045,False,219,False
2023-11-20,TOP-001,133,0,78,78,0,55,504,22211.2,0.844,False,219,False
2023-11-27,TOP-001,55,495,77,77,0,473,0,191016.32,7.246,False,219,False
2023-12-04,TOP-001,473,0,38,38,0,435,0,175670.4,6.65,False,219,False
2023-12-11,TOP-001,435,0,53,53,0,382,0,154266.88,5.829,False,219,False
2023-12-18,TOP-001,382,0,59,59,0,323,0,130440.32,4.919,False,219,False
2023-12-25,TOP-001,323,0,56,56,0,267,0,107825.28,4.058,False,219,False
2024-01-01,TOP-001,267,0,48,48,0,219,480,88440.96,3.322,False,219,True
2024-01-08,TOP-001,219,0,66,66,0,153,480,61787.52,2.317,False,219,False
2024-01-15,TOP-001,153,0,53,53,0,100,480,40384.0,1.511,False,219,False
2024-01-22,TOP-001,100,473,44,44,0,529,0,213631.36,7.979,False,219,False
2024-01-29,TOP-001,529,0,45,45,0,484,0,195458.56,7.286,False,219,False
2024-02-05,TOP-001,484,0,52,52,0,432,0,174458.88,6.491,False,219,False
2024-02-12,TOP-001,432,0,47,47,0,385,0,155478.4,5.774,False,219,False
2024-02-19,TOP-001,385,0,44,44,0,341,0,137709.44,5.104,False,219,False
2024-02-26,TOP-001,341,0,58,58,0,283,0,114286.72,4.228,False,219,False
2024-03-04,TOP-001,283,0,77,77,0,206,488,83191.04,3.072,False,219,True
2024-03-11,TOP-001,206,0,49,49,0,157,488,63402.88,2.337,False,219,False
2024-03-18,TOP-001,157,0,61,61,0,96,488,38768.64,1.426,False,219,False
2024-03-25,TOP-001,96,487,71,71,0,512,0,206766.08,7.591,False,219,False
2024-04-01,TOP-001,512,0,61,61,0,451,0,182131.84,6.674,False,219,False
2024-04-08,TOP-001,451,0,67,67,0,384,0,155074.56,5.672,False,219,False
2024-04-15,TOP-001,384,0,74,74,0,310,0,125190.4,4.57,False,219,False
2024-04-22,TOP-001,310,0,67,67,0,243,0,98133.12,3.576,False,219,False
2024-04-29,TOP-001,243,0,71,71,0,172,528,69460.48,2.526,False,219,True
2024-05-06,TOP-001,172,0,63,63,0,109,528,44018.56,1.598,False,219,False
2024-05-13,TOP-001,109,0,84,84,0,25,528,10096.0,0.366,False,219,False
2024-05-20,TOP-001,25,514,61,61,0,478,0,193035.52,6.981,False,219,False
2024-05-27,TOP-001,478,0,81,81,0,397,0,160324.48,5.788,False,219,False
2024-06-03,TOP-001,397,0,76,76,0,321,0,129632.64,4.671,False,219,False
2024-06-10,TOP-001,321,0,133,133,0,188,512,75921.92,2.731,False,219,True
2024-06-17,TOP-001,188,0,95,95,0,93,512,37557.12,1.348,False,219,False
2024-06-24,TOP-001,93,0,92,92,0,1,512,403.84,0.014,False,219,False
2024-07-01,TOP-001,1,506,105,105,0,402,0,162343.68,5.806,False,219,False
2024-07-08,TOP-001,402,0,58,58,0,344,0,138920.96,4.96,False,219,False
2024-07-15,TOP-001,344,0,66,66,0,278,0,112267.52,4.001,False,219,False
2024-07-22,TOP-001,278,0,119,119,0,159,536,64210.56,2.284,False,219,True
2024-07-29,TOP-001,159,0,83,83,0,76,536,30691.84,1.09,False,219,False
2024-08-05,TOP-001,76,0,71,71,0,5,536,2019.2,0.072,False,219,False
2024-08-12,TOP-001,5,535,96,96,0,444,0,179304.96,6.343,False,219,False
2024-08-19,TOP-001,444,0,76,76,0,368,0,148613.12,5.248,False,219,False
2024-08-26,TOP-001,368,0,121,121,0,247,0,99748.48,3.516,False,219,False
2024-09-02,TOP-001,247,0,90,90,0,157,536,63402.88,2.231,False,219,True
2024-09-09,TOP-001,157,0,83,83,0,74,536,29884.16,1.05,False,219,False
2024-09-16,TOP-001,74,0,75,74,1,0,536,0.0,0.0,True,219,False
2024-09-23,TOP-001,0,526,73,73,0,453,0,182939.52,6.402,False,219,False
2024-09-30,TOP-001,453,0,81,81,0,372,0,150228.48,5.248,False,219,False
2024-10-07,TOP-001,372,0,62,62,0,310,0,125190.4,4.365,False,219,False
2024-10-14,TOP-001,310,0,57,57,0,253,0,102171.52,3.556,False,219,False
2024-10-21,TOP-001,253,0,71,71,0,182,512,73498.88,2.554,False,219,True
2024-10-28,TOP-001,182,0,61,61,0,121,512,48864.64,1.695,False,219,False
2024-11-04,TOP-001,121,0,91,91,0,30,512,12115.2,0.419,False,219,False
2024-11-11,TOP-001,30,507,36,36,0,501,0,202323.84,6.992,False,219,False
2024-11-18,TOP-001,501,0,91,91,0,410,0,165574.4,5.712,False,219,False
2024-11-25,TOP-001,410,0,118,118,0,292,0,117921.28,4.061,False,219,False
2024-12-02,TOP-001,292,0,54,54,0,238,0,96113.92,3.304,False,219,False
2024-12-09,TOP-001,238,0,60,60,0,178,520,71883.52,2.467,False,219,True
2024-12-16,TOP-001,178,0,59,59,0,119,520,48056.96,1.646,False,219,False
2024-12-23,TOP-001,119,0,83,83,0,36,520,14538.24,0.497,False,219,False
2024-12-30,TOP-001,36,514,36,36,0,514,0,207573.76,7.085,False,219,False
2025-01-06,TOP-001,514,0,51,51,0,463,0,186977.92,6.371,False,219,False
2025-01-13,TOP-001,463,0,73,73,0,390,0,157497.6,5.357,False,219,False
2025-01-20,TOP-001,390,0,46,46,0,344,0,138920.96,4.717,False,219,False
2025-01-27,TOP-001,344,0,48,48,0,296,0,119536.64,4.052,False,219,False
2025-02-03,TOP-001,296,0,42,42,0,254,0,102575.36,3.471,False,219,False
2025-02-10,TOP-001,254,0,52,52,0,202,496,81575.68,2.755,False,219,True
2025-02-17,TOP-001,202,0,65,65,0,137,496,55326.08,1.865,False,219,False
2025-02-24,TOP-001,137,0,55,55,0,82,496,33114.88,1.115,False,219,False
2025-03-03,TOP-001,82,487,94,94,0,475,0,191824.0,6.446,False,219,False
2025-03-10,TOP-001,475,0,76,76,0,399,0,161132.16,5.405,False,219,False
2025-03-17,TOP-001,399,0,87,87,0,312,0,125998.08,4.219,False,219,False
2025-03-24,TOP-001,312,0,93,93,0,219,480,88440.96,2.956,False,219,True
2025-03-31,TOP-001,219,0,88,88,0,131,480,52903.04,1.765,False,219,False
2025-04-07,TOP-001,131,0,73,73,0,58,480,23422.72,0.78,False,219,False
2025-04-14,TOP-001,58,471,89,89,0,440,0,177689.6,5.909,False,219,False
2025-04-21,TOP-001,440,0,90,90,0,350,0,141344.0,4.693,False,219,False
2025-04-28,TOP-001,350,0,63,63,0,287,0,115902.08,3.841,False,219,False
2025-05-05,TOP-001,287,0,76,76,0,211,488,85210.24,2.819,False,219,True
2025-05-12,TOP-001,211,0,92,92,0,119,488,48056.96,1.587,False,219,False
2025-05-19,TOP-001,119,0,96,96,0,23,488,9288.32,0.306,False,219,False
2025-05-26,TOP-001,23,487,88,88,0,422,0,170420.48,5.61,False,219,False
2025-06-02,TOP-001,422,0,104,104,0,318,0,128421.12,4.22,False,219,False
2025-06-09,TOP-001,318,0,131,131,0,187,512,75518.08,2.478,False,219,True
2025-06-16,TOP-001,187,0,102,102,0,85,512,34326.4,1.124,False,219,False
2025-06-23,TOP-001,85,0,88,85,3,0,512,0.0,0.0,True,219,False
2025-06-30,TOP-001,0,497,133,133,0,364,0,146997.76,4.798,False,219,False
2025-07-07,TOP-001,364,0,102,102,0,262,0,105806.08,3.448,False,219,False
2025-07-14,TOP-001,262,0,96,96,0,166,528,67037.44,2.181,False,219,True
2025-07-21,TOP-001,166,0,94,94,0,72,528,29076.48,0.944,False,219,False
2025-07-28,TOP-001,72,0,116,72,44,0,528,0.0,0.0,True,219,False
2025-08-04,TOP-001,0,517,75,75,0,442,0,178497.28,5.778,False,219,False
2025-08-11,TOP-001,442,0,81,81,0,361,0,145786.24,4.711,False,219,False
2025-08-18,TOP-001,361,0,102,102,0,259,0,104594.56,3.374,False,219,False
2025-08-25,TOP-001,259,0,101,101,0,158,536,63806.72,2.055,False,219,True
2025-09-01,TOP-001,158,0,93,93,0,65,536,26249.6,0.844,False,219,False
2025-09-08,TOP-001,65,0,97,65,32,0,536,0.0,0.0,True,219,False
2025-09-15,TOP-001,0,528,76,76,0,452,0,182535.68,5.85,False,219,False
2025-09-22,TOP-001,452,0,116,116,0,336,0,135690.24,4.342,False,219,False
2025-09-29,TOP-001,336,0,82,82,0,254,0,102575.36,3.277,False,219,False
2025-10-06,TOP-001,254,0,67,67,0,187,512,75518.08,2.408,False,219,True
2025-10-13,TOP-001,187,0,75,75,0,112,512,45230.08,1.44,False,219,False
2025-10-20,TOP-001,112,0,80,80,0,32,512,12922.88,0.411,False,219,False
2025-10-27,TOP-001,32,498,87,87,0,443,0,178901.12,5.677,False,219,False
2025-11-03,TOP-001,443,0,92,92,0,351,0,141747.84,4.491,False,219,False
2025-11-10,TOP-001,351,0,70,70,0,281,0,113479.04,3.59,False,219,False
2025-11-17,TOP-001,281,0,99,99,0,182,512,73498.88,2.321,False,219,True
2025-11-24,TOP-001,182,0,123,123,0,59,512,23826.56,0.751,False,219,False
2025-12-01,TOP-001,59,0,66,59,7,0,512,0.0,0.0,True,219,False
2025-12-08,TOP-001,0,502,71,71,0,431,0,174055.04,5.47,False,219,False
2025-12-15,TOP-001,431,0,79,79,0,352,0,142151.68,4.46,False,219,False
2025-12-22,TOP-001,352,0,96,96,0,256,0,103383.04,3.239,False,219,False
2025-12-29,TOP-001,256,0,79,79,0,177,520,71479.68,2.236,False,219,True
2023-01-02,TOP-002,477,0,35,35,0,442,0,244722.14,7.897,False,144,False
2023-01-09,TOP-002,442,0,50,50,0,392,0,217038.64,6.989,False,144,False
2023-01-16,TOP-002,392,0,60,60,0,332,0,183818.44,5.906,False,144,False
2023-01-23,TOP-002,332,0,35,35,0,297,0,164439.99,5.272,False,144,False
2023-01-30,TOP-002,297,0,42,42,0,255,0,141185.85,4.517,False,144,False
2023-02-06,TOP-002,255,0,37,37,0,218,0,120700.06,3.854,False,144,False
2023-02-13,TOP-002,218,0,36,36,0,182,0,100767.94,3.21,False,144,False
2023-02-20,TOP-002,182,0,58,58,0,124,470,68655.08,2.183,False,144,True
2023-02-27,TOP-002,124,0,47,47,0,77,470,42632.59,1.352,False,144,False
2023-03-06,TOP-002,77,457,56,56,0,478,0,264654.26,8.378,False,144,False
2023-03-13,TOP-002,478,0,54,54,0,424,0,234756.08,7.416,False,144,False
2023-03-20,TOP-002,424,0,66,66,0,358,0,198213.86,6.249,False,144,False
2023-03-27,TOP-002,358,0,48,48,0,310,0,171637.7,5.399,False,144,False
2023-04-03,TOP-002,310,0,65,65,0,245,0,135649.15,4.258,False,144,False
2023-04-10,TOP-002,245,0,71,71,0,174,0,96338.58,3.018,False,144,False
2023-04-17,TOP-002,174,0,69,69,0,105,490,58135.35,1.817,False,144,True
2023-04-24,TOP-002,105,0,80,80,0,25,490,13841.75,0.432,False,144,False
2023-05-01,TOP-002,25,0,75,25,50,0,490,0.0,0.0,True,144,False
2023-05-08,TOP-002,0,482,64,64,0,418,0,231434.06,7.19,False,144,False
2023-05-15,TOP-002,418,0,54,54,0,364,0,201535.88,6.248,False,144,False
2023-05-22,TOP-002,364,0,60,60,0,304,0,168315.68,5.208,False,144,False
2023-05-29,TOP-002,304,0,93,93,0,211,0,116824.37,3.607,False,144,False
2023-06-05,TOP-002,211,0,68,68,0,143,450,79174.81,2.44,False,144,True
2023-06-12,TOP-002,143,0,85,85,0,58,450,32112.86,0.987,False,144,False
2023-06-19,TOP-002,58,448,100,100,0,406,0,224790.02,6.898,False,144,False
2023-06-26,TOP-002,406,0,77,77,0,329,0,182157.43,5.578,False,144,False
2023-07-03,TOP-002,329,0,131,131,0,198,0,109626.66,3.35,False,144,False
2023-07-10,TOP-002,198,0,90,90,0,108,490,59796.36,1.824,False,144,True
2023-07-17,TOP-002,108,0,76,76,0,32,490,17717.44,0.539,False,144,False
2023-07-24,TOP-002,32,487,100,100,0,419,0,231987.73,7.047,False,144,False
2023-07-31,TOP-002,419,0,82,82,0,337,0,186586.79,5.656,False,144,False
2023-08-07,TOP-002,337,0,86,86,0,251,0,138971.17,4.204,False,144,False
2023-08-14,TOP-002,251,0,68,68,0,183,0,101321.61,3.059,False,144,False
2023-08-21,TOP-002,183,0,62,62,0,121,480,66994.07,2.019,False,144,True
2023-08-28,TOP-002,121,0,61,61,0,60,480,33220.2,0.999,False,144,False
2023-09-04,TOP-002,60,474,93,93,0,441,0,244168.47,7.328,False,144,False
2023-09-11,TOP-002,441,0,84,84,0,357,0,197660.19,5.92,False,144,False
2023-09-18,TOP-002,357,0,81,81,0,276,0,152812.92,4.568,False,144,False
2023-09-25,TOP-002,276,0,86,86,0,190,0,105197.3,3.138,False,144,False
2023-10-02,TOP-002,190,0,58,58,0,132,460,73084.44,2.176,False,144,True
2023-10-09,TOP-002,132,0,57,57,0,75,460,41525.25,1.234,False,144,False
2023-10-16,TOP-002,75,447,35,35,0,487,0,269637.29,7.996,False,144,False
2023-10-23,TOP-002,487,0,47,47,0,440,0,243614.8,7.21,False,144,False
2023-10-30,TOP-002,440,0,52,52,0,388,0,214823.96,6.346,False,144,False
2023-11-06,TOP-002,388,0,56,56,0,332,0,183818.44,5.419,False,144,False
2023-11-13,TOP-002,332,0,47,47,0,285,0,157795.95,4.643,False,144,False
2023-11-20,TOP-002,285,0,73,73,0,212,0,117378.04,3.447,False,144,False
2023-11-27,TOP-002,212,0,80,80,0,132,460,73084.44,2.142,False,144,True
2023-12-04,TOP-002,132,0,38,38,0,94,460,52044.98,1.522,False,144,False
2023-12-11,TOP-002,94,450,50,50,0,494,0,273512.98,7.985,False,144,False
2023-12-18,TOP-002,494,0,66,66,0,428,0,236970.76,6.905,False,144,False
2023-12-25,TOP-002,428,0,53,53,0,375,0,207626.25,6.038,False,144,False
2024-01-01,TOP-002,375,0,43,43,0,332,0,183818.44,5.335,False,144,False
2024-01-08,TOP-002,332,0,70,70,0,262,0,145061.54,4.202,False,144,False
2024-01-15,TOP-002,262,0,42,42,0,220,0,121807.4,3.522,False,144,False
2024-01-22,TOP-002,220,0,52,52,0,168,0,93016.56,2.684,False,144,False
2024-01-29,TOP-002,168,0,36,36,0,132,460,73084.44,2.105,False,144,True
2024-02-05,TOP-002,132,0,42,42,0,90,460,49830.3,1.432,False,144,False
2024-02-12,TOP-002,90,449,55,55,0,484,0,267976.28,7.689,False,144,False
2024-02-19,TOP-002,484,0,49,49,0,435,0,240846.45,6.897,False,144,False
2024-02-26,TOP-002,435,0,54,54,0,381,0,210948.27,6.029,False,144,False
2024-03-04,TOP-002,381,0,66,66,0,315,0,174406.05,4.975,False,144,False
2024-03-11,TOP-002,315,0,44,44,0,271,0,150044.57,4.272,False,144,False
2024-03-18,TOP-002,271,0,93,93,0,178,0,98553.26,2.801,False,144,False
2024-03-25,TOP-002,178,0,70,70,0,108,490,59796.36,1.696,False,144,True
2024-04-01,TOP-002,108,0,55,55,0,53,490,29344.51,0.831,False,144,False
2024-04-08,TOP-002,53,480,63,63,0,470,0,260224.9,7.354,False,144,False
2024-04-15,TOP-002,470,0,73,73,0,397,0,219806.99,6.2,False,144,False
2024-04-22,TOP-002,397,0,71,71,0,326,0,180496.42,5.082,False,144,False
2024-04-29,TOP-002,326,0,62,62,0,264,0,146168.88,4.107,False,144,False
2024-05-06,TOP-002,264,0,76,76,0,188,0,104089.96,2.92,False,144,False
2024-05-13,TOP-002,188,0,90,90,0,98,500,54259.66,1.519,False,144,True
2024-05-20,TOP-002,98,0,77,77,0,21,500,11627.07,0.325,False,144,False
2024-05-27,TOP-002,21,499,94,94,0,426,0,235863.42,6.579,False,144,False
2024-06-03,TOP-002,426,0,61,61,0,365,0,202089.55,5.626,False,144,False
2024-06-10,TOP-002,365,0,115,115,0,250,0,138417.5,3.846,False,144,False
2024-06-17,TOP-002,250,0,83,83,0,167,0,92462.89,2.565,False,144,False
2024-06-24,TOP-002,167,0,74,74,0,93,500,51491.31,1.426,False,144,True
2024-07-01,TOP-002,93,0,92,92,0,1,500,553.67,0.015,False,144,False
2024-07-08,TOP-002,1,494,96,96,0,399,0,220914.33,6.094,False,144,False
2024-07-15,TOP-002,399,0,95,95,0,304,0,168315.68,4.634,False,144,False
2024-07-22,TOP-002,304,0,101,101,0,203,0,112395.01,3.089,False,144,False
2024-07-29,TOP-002,203,0,63,63,0,140,460,77513.8,2.126,False,144,True
2024-08-05,TOP-002,140,0,63,63,0,77,460,42632.59,1.167,False,144,False
2024-08-12,TOP-002,77,447,85,85,0,439,0,243061.13,6.644,False,144,False
2024-08-19,TOP-002,439,0,63,63,0,376,0,208179.92,5.68,False,144,False
2024-08-26,TOP-002,376,0,88,88,0,288,0,159456.96,4.343,False,144,False
2024-09-02,TOP-002,288,0,73,73,0,215,0,119039.05,3.236,False,144,False
2024-09-09,TOP-002,215,0,97,97,0,118,480,65333.06,1.773,False,144,True
2024-09-16,TOP-002,118,0,73,73,0,45,480,24915.15,0.675,False,144,False
2024-09-23,TOP-002,45,479,91,91,0,433,0,239739.11,6.482,False,144,False
2024-09-30,TOP-002,433,0,97,97,0,336,0,186033.12,5.021,False,144,False
2024-10-07,TOP-002,336,0,68,68,0,268,0,148383.56,3.998,False,144,False
2024-10-14,TOP-002,268,0,79,79,0,189,0,104643.63,2.814,False,144,False
2024-10-21,TOP-002,189,0,66,66,0,123,470,68101.41,1.828,False,144,True
2024-10-28,TOP-002,123,0,55,55,0,68,470,37649.56,1.009,False,144,False
2024-11-04,TOP-002,68,469,72,72,0,465,0,257456.55,6.887,False,144,False
2024-11-11,TOP-002,465,0,37,37,0,428,0,236970.76,6.327,False,144,False
2024-11-18,TOP-002,428,0,122,122,0,306,0,169423.02,4.516,False,144,False
2024-11-25,TOP-002,306,0,87,87,0,219,0,121253.73,3.226,False,144,False
2024-12-02,TOP-002,219,0,46,46,0,173,0,95784.91,2.544,False,144,False
2024-12-09,TOP-002,173,0,35,35,0,138,460,76406.46,2.026,False,144,True
2024-12-16,TOP-002,138,0,55,55,0,83,460,45954.61,1.216,False,144,False
2024-12-23,TOP-002,83,454,65,65,0,472,0,261332.24,6.904,False,144,False
2024-12-30,TOP-002,472,0,50,50,0,422,0,233648.74,6.162,False,144,False
2025-01-06,TOP-002,422,0,61,61,0,361,0,199874.87,5.262,False,144,False
2025-01-13,TOP-002,361,0,51,51,0,310,0,171637.7,4.511,False,144,False
2025-01-20,TOP-002,310,0,47,47,0,263,0,145615.21,3.82,False,144,False
2025-01-27,TOP-002,263,0,39,39,0,224,0,124022.08,3.248,False,144,False
2025-02-03,TOP-002,224,0,62,62,0,162,0,89694.54,2.345,False,144,False
2025-02-10,TOP-002,162,0,52,52,0,110,490,60903.7,1.589,False,144,True
2025-02-17,TOP-002,110,478,57,57,0,531,0,293998.77,7.659,False,144,False
2025-02-24,TOP-002,531,0,63,63,0,468,0,259117.56,6.739,False,144,False
2025-03-03,TOP-002,468,0,71,71,0,397,0,219806.99,5.707,False,144,False
2025-03-10,TOP-002,397,0,65,65,0,332,0,183818.44,4.764,False,144,False
2025-03-17,TOP-002,332,0,103,103,0,229,0,126790.43,3.28,False,144,False
2025-03-24,TOP-002,229,0,78,78,0,151,0,83604.17,2.159,False,144,False
2025-03-31,TOP-002,151,0,62,62,0,89,510,49276.63,1.271,False,144,True
2025-04-07,TOP-002,89,0,90,89,1,0,510,0.0,0.0,True,144,False
2025-04-14,TOP-002,0,499,73,73,0,426,0,235863.42,6.061,False,144,False
2025-04-21,TOP-002,426,0,79,79,0,347,0,192123.49,4.928,False,144,False
2025-04-28,TOP-002,347,0,102,102,0,245,0,135649.15,3.474,False,144,False
2025-05-05,TOP-002,245,0,84,84,0,161,0,89140.87,2.279,False,144,False
2025-05-12,TOP-002,161,0,81,81,0,80,520,44293.6,1.13,False,144,True
2025-05-19,TOP-002,80,0,61,61,0,19,520,10519.73,0.268,False,144,False
2025-05-26,TOP-002,19,513,71,71,0,461,0,255241.87,6.492,False,144,False
2025-06-02,TOP-002,461,0,92,92,0,369,0,204304.23,5.188,False,144,False
2025-06-09,TOP-002,369,0,139,139,0,230,0,127344.1,3.228,False,144,False
2025-06-16,TOP-002,230,0,72,72,0,158,0,87479.86,2.214,False,144,False
2025-06-23,TOP-002,158,0,97,97,0,61,540,33773.87,0.853,False,144,True
2025-06-30,TOP-002,61,0,123,61,62,0,540,0.0,0.0,True,144,False
2025-07-07,TOP-002,0,527,66,66,0,461,0,255241.87,6.427,False,144,False
2025-07-14,TOP-002,461,0,83,83,0,378,0,209287.26,5.261,False,144,False
2025-07-21,TOP-002,378,0,127,127,0,251,0,138971.17,3.487,False,144,False
2025-07-28,TOP-002,251,0,81,81,0,170,0,94123.9,2.358,False,144,False
2025-08-04,TOP-002,170,0,99,99,0,71,530,39310.57,0.983,False,144,True
2025-08-11,TOP-002,71,0,71,71,0,0,530,0.0,0.0,False,144,False
2025-08-18,TOP-002,0,514,113,113,0,401,0,222021.67,5.534,False,144,False
2025-08-25,TOP-002,401,0,84,84,0,317,0,175513.39,4.368,False,144,False
2025-09-01,TOP-002,317,0,88,88,0,229,0,126790.43,3.15,False,144,False
2025-09-08,TOP-002,229,0,84,84,0,145,0,80282.15,1.991,False,144,False
2025-09-15,TOP-002,145,0,89,89,0,56,540,31005.52,0.768,False,144,True
2025-09-22,TOP-002,56,0,94,56,38,0,540,0.0,0.0,True,144,False
2025-09-29,TOP-002,0,531,71,71,0,460,0,254688.2,6.286,False,144,False
2025-10-06,TOP-002,460,0,67,67,0,393,0,217592.31,5.362,False,144,False
2025-10-13,TOP-002,393,0,62,62,0,331,0,183264.77,4.508,False,144,False
2025-10-20,TOP-002,331,0,55,55,0,276,0,152812.92,3.753,False,144,False
2025-10-27,TOP-002,276,0,69,69,0,207,0,114609.69,2.81,False,144,False
2025-11-03,TOP-002,207,0,104,104,0,103,490,57028.01,1.396,False,144,True
2025-11-10,TOP-002,103,0,45,45,0,58,490,32112.86,0.785,False,144,False
2025-11-17,TOP-002,58,480,101,101,0,437,0,241953.79,5.904,False,144,False
2025-11-24,TOP-002,437,0,121,121,0,316,0,174959.72,4.262,False,144,False
2025-12-01,TOP-002,316,0,59,59,0,257,0,142293.19,3.461,False,144,False
2025-12-08,TOP-002,257,0,63,63,0,194,0,107411.98,2.608,False,144,False
2025-12-15,TOP-002,194,0,47,47,0,147,0,81389.49,1.973,False,144,False
2025-12-22,TOP-002,147,0,62,62,0,85,510,47061.95,1.139,False,144,True
2025-12-29,TOP-002,85,495,66,66,0,514,0,284586.38,6.877,False,144,False
2023-01-02,TOP-003,691,0,57,57,0,634,0,217874.1,10.267,False,87,False
2023-01-09,TOP-003,634,0,57,57,0,577,0,198286.05,9.324,False,87,False
2023-01-16,TOP-003,577,0,55,55,0,522,0,179385.3,8.417,False,87,False
2023-01-23,TOP-003,522,0,54,54,0,468,0,160828.2,7.53,False,87,False
2023-01-30,TOP-003,468,0,38,38,0,430,0,147769.5,6.904,False,87,False
2023-02-06,TOP-003,430,0,50,50,0,380,0,130587.0,6.088,False,87,False
2023-02-13,TOP-003,380,0,38,38,0,342,0,117528.3,5.468,False,87,False
2023-02-20,TOP-003,342,0,39,39,0,303,0,104125.95,4.834,False,87,False
2023-02-27,TOP-003,303,0,44,44,0,259,0,89005.35,4.123,False,87,False
2023-03-06,TOP-003,259,0,60,60,0,199,0,68386.35,3.161,False,87,False
2023-03-13,TOP-003,199,0,47,47,0,152,0,52234.8,2.41,False,87,False
2023-03-20,TOP-003,152,0,44,44,0,108,0,37114.2,1.709,False,87,False
2023-03-27,TOP-003,108,0,55,55,0,53,528,18213.45,0.837,False,87,True
2023-04-03,TOP-003,53,526,55,55,0,524,0,180072.6,8.255,False,87,False
2023-04-10,TOP-003,524,0,60,60,0,464,0,159453.6,7.295,False,87,False
2023-04-17,TOP-003,464,0,69,69,0,395,0,135741.75,6.197,False,87,False
2023-04-24,TOP-003,395,0,60,60,0,335,0,115122.75,5.245,False,87,False
2023-05-01,TOP-003,335,0,82,82,0,253,0,86943.45,3.953,False,87,False
2023-05-08,TOP-003,253,0,65,65,0,188,0,64606.2,2.931,False,87,False
2023-05-15,TOP-003,188,0,77,77,0,111,0,38145.15,1.727,False,87,False
2023-05-22,TOP-003,111,0,107,107,0,4,582,1374.6,0.062,False,87,True
2023-05-29,TOP-003,4,572,67,67,0,509,0,174917.85,7.887,False,87,False
2023-06-05,TOP-003,509,0,93,93,0,416,0,142958.4,6.433,False,87,False
2023-06-12,TOP-003,416,0,125,125,0,291,0,100002.15,4.49,False,87,False
2023-06-19,TOP-003,291,0,104,104,0,187,0,64262.55,2.88,False,87,False
2023-06-26,TOP-003,187,0,82,82,0,105,0,36083.25,1.614,False,87,False
2023-07-03,TOP-003,105,0,114,105,9,0,582,0.0,0.0,True,87,True
2023-07-10,TOP-003,0,576,70,70,0,506,0,173886.9,7.745,False,87,False
2023-07-17,TOP-003,506,0,69,69,0,437,0,150175.05,6.675,False,87,False
2023-07-24,TOP-003,437,0,123,123,0,314,0,107906.1,4.787,False,87,False
2023-07-31,TOP-003,314,0,79,79,0,235,0,80757.75,3.575,False,87,False
2023-08-07,TOP-003,235,0,87,87,0,148,0,50860.2,2.247,False,87,False
2023-08-14,TOP-003,148,0,79,79,0,69,516,23711.85,1.045,False,87,True
2023-08-21,TOP-003,69,507,86,86,0,490,0,168388.5,7.41,False,87,False
2023-08-28,TOP-003,490,0,82,82,0,408,0,140209.2,6.157,False,87,False
2023-09-04,TOP-003,408,0,94,94,0,314,0,107906.1,4.729,False,87,False
2023-09-11,TOP-003,314,0,78,78,0,236,0,81101.4,3.547,False,87,False
2023-09-18,TOP-003,236,0,63,63,0,173,0,59451.45,2.595,False,87,False
2023-09-25,TOP-003,173,0,64,64,0,109,0,37457.85,1.632,False,87,False
2023-10-02,TOP-003,109,0,117,109,8,0,582,0.0,0.0,True,87,True
2023-10-09,TOP-003,0,573,79,79,0,494,0,169763.1,7.366,False,87,False
2023-10-16,TOP-003,494,0,95,95,0,399,0,137116.35,5.938,False,87,False
2023-10-23,TOP-003,399,0,56,56,0,343,0,117871.95,5.095,False,87,False
2023-10-30,TOP-003,343,0,43,43,0,300,0,103095.0,4.447,False,87,False
2023-11-06,TOP-003,300,0,66,66,0,234,0,80414.1,3.462,False,87,False
2023-11-13,TOP-003,234,0,68,68,0,166,0,57045.9,2.451,False,87,False
2023-11-20,TOP-003,166,0,115,115,0,51,534,17526.15,0.752,False,87,True
2023-11-27,TOP-003,51,523,99,99,0,475,0,163233.75,6.986,False,87,False
2023-12-04,TOP-003,475,0,50,50,0,425,0,146051.25,6.239,False,87,False
2023-12-11,TOP-003,425,0,64,64,0,361,0,124057.65,5.289,False,87,False
2023-12-18,TOP-003,361,0,80,80,0,281,0,96565.65,4.109,False,87,False
2023-12-25,TOP-003,281,0,61,61,0,220,0,75603.0,3.211,False,87,False
2024-01-01,TOP-003,220,0,39,39,0,181,0,62200.65,2.636,False,87,False
2024-01-08,TOP-003,181,0,59,59,0,122,0,41925.3,1.774,False,87,False
2024-01-15,TOP-003,122,0,56,56,0,66,516,22680.9,0.958,False,87,True
2024-01-22,TOP-003,66,508,29,29,0,545,0,187289.25,7.893,False,87,False
2024-01-29,TOP-003,545,0,63,63,0,482,0,165639.3,6.967,False,87,False
2024-02-05,TOP-003,482,0,59,59,0,423,0,145363.95,6.102,False,87,False
2024-02-12,TOP-003,423,0,57,57,0,366,0,125775.9,5.27,False,87,False
2024-02-19,TOP-003,366,0,45,45,0,321,0,110311.65,4.613,False,87,False
2024-02-26,TOP-003,321,0,53,53,0,268,0,92098.2,3.844,False,87,False
2024-03-04,TOP-003,268,0,81,81,0,187,0,64262.55,2.677,False,87,False
2024-03-11,TOP-003,187,0,52,52,0,135,0,46392.75,1.929,False,87,False
2024-03-18,TOP-003,135,0,80,80,0,55,528,18900.75,0.784,False,87,True
2024-03-25,TOP-003,55,518,46,46,0,527,0,181103.55,7.502,False,87,False
2024-04-01,TOP-003,527,0,58,58,0,469,0,161171.85,6.664,False,87,False
2024-04-08,TOP-003,469,0,66,66,0,403,0,138490.95,5.715,False,87,False
2024-04-15,TOP-003,403,0,100,100,0,303,0,104125.95,4.289,False,87,False
2024-04-22,TOP-003,303,0,108,108,0,195,0,67011.75,2.755,False,87,False
2024-04-29,TOP-003,195,0,72,72,0,123,0,42268.95,1.735,False,87,False
2024-05-06,TOP-003,123,0,102,102,0,21,564,7216.65,0.296,False,87,True
2024-05-13,TOP-003,21,556,90,90,0,487,0,167357.55,6.842,False,87,False
2024-05-20,TOP-003,487,0,73,73,0,414,0,142271.1,5.806,False,87,False
2024-05-27,TOP-003,414,0,63,63,0,351,0,120621.15,4.913,False,87,False
2024-06-03,TOP-003,351,0,76,76,0,275,0,94503.75,3.842,False,87,False
2024-06-10,TOP-003,275,0,153,153,0,122,0,41925.3,1.701,False,87,False
2024-06-17,TOP-003,122,0,62,62,0,60,522,20619.0,0.835,False,87,True
2024-06-24,TOP-003,60,507,103,103,0,464,0,159453.6,6.447,False,87,False
2024-07-01,TOP-003,464,0,129,129,0,335,0,115122.75,4.646,False,87,False
2024-07-08,TOP-003,335,0,86,86,0,249,0,85568.85,3.447,False,87,False
2024-07-15,TOP-003,249,0,84,84,0,165,0,56702.25,2.28,False,87,False
2024-07-22,TOP-003,165,0,108,108,0,57,528,19588.05,0.786,False,87,True
2024-07-29,TOP-003,57,528,91,91,0,494,0,169763.1,6.801,False,87,False
2024-08-05,TOP-003,494,0,92,92,0,402,0,138147.3,5.524,False,87,False
2024-08-12,TOP-003,402,0,94,94,0,308,0,105844.2,4.225,False,87,False
2024-08-19,TOP-003,308,0,83,83,0,225,0,77321.25,3.081,False,87,False
2024-08-26,TOP-003,225,0,76,76,0,149,0,51203.85,2.036,False,87,False
2024-09-02,TOP-003,149,0,68,68,0,81,504,27835.65,1.105,False,87,True
2024-09-09,TOP-003,81,497,111,111,0,467,0,160484.55,6.36,False,87,False
2024-09-16,TOP-003,467,0,88,88,0,379,0,130243.35,5.152,False,87,False
2024-09-23,TOP-003,379,0,101,101,0,278,0,95534.7,3.772,False,87,False
2024-09-30,TOP-003,278,0,96,96,0,182,0,62544.3,2.465,False,87,False
2024-10-07,TOP-003,182,0,78,78,0,104,0,35739.6,1.406,False,87,False
2024-10-14,TOP-003,104,0,71,71,0,33,552,11340.45,0.445,False,87,True
2024-10-21,TOP-003,33,538,91,91,0,480,0,164952.0,6.466,False,87,False
2024-10-28,TOP-003,480,0,73,73,0,407,0,139865.55,5.473,False,87,False
2024-11-04,TOP-003,407,0,106,106,0,301,0,103438.65,4.041,False,87,False
2024-11-11,TOP-003,301,0,50,50,0,251,0,86256.15,3.363,False,87,False
2024-11-18,TOP-003,251,0,106,106,0,145,0,49829.25,1.94,False,87,False
2024-11-25,TOP-003,145,0,93,93,0,52,534,17869.8,0.694,False,87,True
2024-12-02,TOP-003,52,520,55,55,0,517,0,177667.05,6.891,False,87,False
2024-12-09,TOP-003,517,0,72,72,0,445,0,152924.25,5.921,False,87,False
2024-12-16,TOP-003,445,0,60,60,0,385,0,132305.25,5.113,False,87,False
2024-12-23,TOP-003,385,0,43,43,0,342,0,117528.3,4.534,False,87,False
2024-12-30,TOP-003,342,0,60,60,0,282,0,96909.3,3.732,False,87,False
2025-01-06,TOP-003,282,0,57,57,0,225,0,77321.25,2.973,False,87,False
2025-01-13,TOP-003,225,0,82,82,0,143,0,49141.95,1.886,False,87,False
2025-01-20,TOP-003,143,0,67,67,0,76,510,26117.4,1.001,False,87,True
2025-01-27,TOP-003,76,501,76,76,0,501,0,172168.65,6.584,False,87,False
2025-02-03,TOP-003,501,0,61,61,0,440,0,151206.0,5.773,False,87,False
2025-02-10,TOP-003,440,0,44,44,0,396,0,136085.4,5.186,False,87,False
2025-02-17,TOP-003,396,0,66,66,0,330,0,113404.5,4.314,False,87,False
2025-02-24,TOP-003,330,0,55,55,0,275,0,94503.75,3.589,False,87,False
2025-03-03,TOP-003,275,0,74,74,0,201,0,69073.65,2.619,False,87,False
2025-03-10,TOP-003,201,0,75,75,0,126,0,43299.9,1.639,False,87,False
2025-03-17,TOP-003,126,0,81,81,0,45,540,15464.25,0.584,False,87,True
2025-03-24,TOP-003,45,529,84,84,0,490,0,168388.5,6.351,False,87,False
2025-03-31,TOP-003,490,0,68,68,0,422,0,145020.3,5.46,False,87,False
2025-04-07,TOP-003,422,0,79,79,0,343,0,117871.95,4.431,False,87,False
2025-04-14,TOP-003,343,0,64,64,0,279,0,95878.35,3.598,False,87,False
2025-04-21,TOP-003,279,0,67,67,0,212,0,72853.8,2.729,False,87,False
2025-04-28,TOP-003,212,0,96,96,0,116,0,39863.4,1.491,False,87,False
2025-05-05,TOP-003,116,0,82,82,0,34,552,11684.1,0.436,False,87,True
2025-05-12,TOP-003,34,544,66,66,0,512,0,175948.8,6.557,False,87,False
2025-05-19,TOP-003,512,0,92,92,0,420,0,144333.0,5.37,False,87,False
2025-05-26,TOP-003,420,0,119,119,0,301,0,103438.65,3.842,False,87,False
2025-06-02,TOP-003,301,0,119,119,0,182,0,62544.3,2.319,False,87,False
2025-06-09,TOP-003,182,0,112,112,0,70,516,24055.5,0.89,False,87,True
2025-06-16,TOP-003,70,511,92,92,0,489,0,168044.85,6.21,False,87,False
2025-06-23,TOP-003,489,0,125,125,0,364,0,125088.6,4.615,False,87,False
2025-06-30,TOP-003,364,0,135,135,0,229,0,78695.85,2.898,False,87,False
2025-07-07,TOP-003,229,0,100,100,0,129,0,44330.85,1.63,False,87,False
2025-07-14,TOP-003,129,0,78,78,0,51,534,17526.15,0.643,False,87,True
2025-07-21,TOP-003,51,526,124,124,0,453,0,155673.45,5.705,False,87,False
2025-07-28,TOP-003,453,0,116,116,0,337,0,115810.05,4.237,False,87,False
2025-08-04,TOP-003,337,0,88,88,0,249,0,85568.85,3.125,False,87,False
2025-08-11,TOP-003,249,0,81,81,0,168,0,57733.2,2.105,False,87,False
2025-08-18,TOP-003,168,0,106,106,0,62,522,21306.3,0.776,False,87,True
2025-08-25,TOP-003,62,515,79,79,0,498,0,171137.7,6.219,False,87,False
2025-09-01,TOP-003,498,0,77,77,0,421,0,144676.65,5.249,False,87,False
2025-09-08,TOP-003,421,0,108,108,0,313,0,107562.45,3.896,False,87,False
2025-09-15,TOP-003,313,0,78,78,0,235,0,80757.75,2.92,False,87,False
2025-09-22,TOP-003,235,0,70,70,0,165,0,56702.25,2.047,False,87,False
2025-09-29,TOP-003,165,0,78,78,0,87,498,29897.55,1.078,False,87,True
2025-10-06,TOP-003,87,494,64,64,0,517,0,177667.05,6.393,False,87,False
2025-10-13,TOP-003,517,0,80,80,0,437,0,150175.05,5.395,False,87,False
2025-10-20,TOP-003,437,0,72,72,0,365,0,125432.25,4.499,False,87,False
2025-10-27,TOP-003,365,0,65,65,0,300,0,103095.0,3.692,False,87,False
2025-11-03,TOP-003,300,0,129,129,0,171,0,58764.15,2.101,False,87,False
2025-11-10,TOP-003,171,0,67,67,0,104,0,35739.6,1.276,False,87,False
2025-11-17,TOP-003,104,0,99,99,0,5,576,1718.25,0.061,False,87,True
2025-11-24,TOP-003,5,575,103,103,0,477,0,163921.05,5.831,False,87,False
2025-12-01,TOP-003,477,0,72,72,0,405,0,139178.25,4.943,False,87,False
2025-12-08,TOP-003,405,0,77,77,0,328,0,112717.2,3.997,False,87,False
2025-12-15,TOP-003,328,0,89,89,0,239,0,82132.35,2.908,False,87,False
2025-12-22,TOP-003,239,0,59,59,0,180,0,61857.0,2.186,False,87,False
2025-12-29,TOP-003,180,0,71,71,0,109,0,37457.85,1.322,False,87,False
2023-01-02,TOP-004,502,0,53,53,0,449,0,227687.9,7.315,False,362,False
2023-01-09,TOP-004,449,0,48,48,0,401,0,203347.1,6.519,False,362,False
2023-01-16,TOP-004,401,0,52,52,0,349,510,176977.9,5.662,False,362,True
2023-01-23,TOP-004,349,0,42,42,0,307,510,155679.7,4.97,False,362,False
2023-01-30,TOP-004,307,0,37,37,0,270,510,136917.0,4.361,False,362,False
2023-02-06,TOP-004,270,0,54,54,0,216,510,109533.6,3.482,False,362,False
2023-02-13,TOP-004,216,502,58,58,0,660,0,334686.0,10.616,False,362,False
2023-02-20,TOP-004,660,0,65,65,0,595,0,301724.5,9.55,False,362,False
2023-02-27,TOP-004,595,0,60,60,0,535,0,271298.5,8.569,False,362,False
2023-03-06,TOP-004,535,0,71,71,0,464,0,235294.4,7.416,False,362,False
2023-03-13,TOP-004,464,0,46,46,0,418,0,211967.8,6.667,False,362,False
2023-03-20,TOP-004,418,0,82,82,0,336,520,170385.6,5.348,False,362,True
2023-03-27,TOP-004,336,0,54,54,0,282,520,143002.2,4.479,False,362,False
2023-04-03,TOP-004,282,0,63,63,0,219,520,111054.9,3.471,False,362,False
2023-04-10,TOP-004,219,0,56,56,0,163,520,82657.3,2.578,False,362,False
2023-04-17,TOP-004,163,512,53,53,0,622,0,315416.2,9.817,False,362,False
2023-04-24,TOP-004,622,0,86,86,0,536,0,271805.6,8.442,False,362,False
2023-05-01,TOP-004,536,0,79,79,0,457,0,231744.7,7.183,False,362,False
2023-05-08,TOP-004,457,0,96,96,0,361,500,183063.1,5.662,False,362,True
2023-05-15,TOP-004,361,0,77,77,0,284,500,144016.4,4.445,False,362,False
2023-05-22,TOP-004,284,0,60,60,0,224,500,113590.4,3.499,False,362,False
2023-05-29,TOP-004,224,0,71,71,0,153,500,77586.3,2.385,False,362,False
2023-06-05,TOP-004,153,0,70,70,0,83,500,42089.3,1.291,False,362,False
2023-06-12,TOP-004,83,486,119,119,0,450,0,228195.0,6.986,False,362,False
2023-06-19,TOP-004,450,0,119,119,0,331,530,167850.1,5.128,False,362,True
2023-06-26,TOP-004,331,0,70,70,0,261,530,132353.1,4.035,False,362,False
2023-07-03,TOP-004,261,0,96,96,0,165,530,83671.5,2.546,False,362,False
2023-07-10,TOP-004,165,0,78,78,0,87,530,44117.7,1.34,False,362,False
2023-07-17,TOP-004,87,0,91,87,4,0,530,0.0,0.0,True,362,False
2023-07-24,TOP-004,0,528,119,119,0,409,0,207403.9,6.272,False,362,False
2023-07-31,TOP-004,409,0,82,82,0,327,530,165821.7,5.005,False,362,True
2023-08-07,TOP-004,327,0,93,93,0,234,530,118661.4,3.574,False,362,False
2023-08-14,TOP-004,234,0,71,71,0,163,530,82657.3,2.485,False,362,False
2023-08-21,TOP-004,163,0,71,71,0,92,530,46653.2,1.4,False,362,False
2023-08-28,TOP-004,92,515,93,93,0,514,0,260649.4,7.804,False,362,False
2023-09-04,TOP-004,514,0,65,65,0,449,0,227687.9,6.803,False,362,False
2023-09-11,TOP-004,449,0,66,66,0,383,0,194219.3,5.792,False,362,False
2023-09-18,TOP-004,383,0,82,82,0,301,560,152637.1,4.543,False,362,True
2023-09-25,TOP-004,301,0,88,88,0,213,560,108012.3,3.208,False,362,False
2023-10-02,TOP-004,213,0,70,70,0,143,560,72515.3,2.15,False,362,False
2023-10-09,TOP-004,143,0,64,64,0,79,560,40060.9,1.185,False,362,False
2023-10-16,TOP-004,79,0,67,67,0,12,560,6085.2,0.18,False,362,False
2023-10-23,TOP-004,12,553,59,59,0,506,0,256592.6,7.561,False,362,False
2023-10-30,TOP-004,506,0,75,75,0,431,0,218560.1,6.428,False,362,False
2023-11-06,TOP-004,431,0,64,64,0,367,0,186105.7,5.462,False,362,False
2023-11-13,TOP-004,367,0,44,44,0,323,530,163793.3,4.798,False,362,True
2023-11-20,TOP-004,323,0,87,87,0,236,530,119675.6,3.499,False,362,False
2023-11-27,TOP-004,236,0,90,90,0,146,530,74036.6,2.16,False,362,False
2023-12-04,TOP-004,146,0,52,52,0,94,530,47667.4,1.388,False,362,False
2023-12-11,TOP-004,94,515,56,56,0,553,0,280426.3,8.151,False,362,False
2023-12-18,TOP-004,553,0,59,59,0,494,0,250507.4,7.267,False,362,False
2023-12-25,TOP-004,494,0,67,67,0,427,0,216531.7,6.269,False,362,False
2024-01-01,TOP-004,427,0,32,32,0,395,0,200304.5,5.788,False,362,False
2024-01-08,TOP-004,395,0,60,60,0,335,520,169878.5,4.9,False,362,True
2024-01-15,TOP-004,335,0,61,61,0,274,520,138945.4,4.0,False,362,False
2024-01-22,TOP-004,274,0,36,36,0,238,520,120689.8,3.467,False,362,False
2024-01-29,TOP-004,238,0,43,43,0,195,520,98884.5,2.836,False,362,False
2024-02-05,TOP-004,195,0,41,41,0,154,520,78093.4,2.235,False,362,False
2024-02-12,TOP-004,154,511,54,54,0,611,0,309838.1,8.851,False,362,False
2024-02-19,TOP-004,611,0,74,74,0,537,0,272312.7,7.764,False,362,False
2024-02-26,TOP-004,537,0,60,60,0,477,0,241886.7,6.883,False,362,False
2024-03-04,TOP-004,477,0,55,55,0,422,0,213996.2,6.078,False,362,False
2024-03-11,TOP-004,422,0,74,74,0,348,510,176470.8,5.003,False,362,True
2024-03-18,TOP-004,348,0,72,72,0,276,510,139959.6,3.96,False,362,False
2024-03-25,TOP-004,276,0,64,64,0,212,510,107505.2,3.036,False,362,False
2024-04-01,TOP-004,212,0,70,70,0,142,510,72008.2,2.03,False,362,False
2024-04-08,TOP-004,142,0,74,74,0,68,510,34482.8,0.97,False,362,False
2024-04-15,TOP-004,68,500,85,85,0,483,0,244929.3,6.878,False,362,False
2024-04-22,TOP-004,483,0,94,94,0,389,0,197261.9,5.529,False,362,False
2024-04-29,TOP-004,389,0,60,60,0,329,530,166835.9,4.668,False,362,True
2024-05-06,TOP-004,329,0,77,77,0,252,530,127789.2,3.569,False,362,False
2024-05-13,TOP-004,252,0,71,71,0,181,530,91785.1,2.558,False,362,False
2024-05-20,TOP-004,181,0,65,65,0,116,530,58823.6,1.637,False,362,False
2024-05-27,TOP-004,116,0,117,116,1,0,530,0.0,0.0,True,362,False
2024-06-03,TOP-004,0,519,65,65,0,454,0,230223.4,6.381,False,362,False
2024-06-10,TOP-004,454,0,132,132,0,322,540,163286.2,4.518,False,362,True
2024-06-17,TOP-004,322,0,90,90,0,232,540,117647.2,3.249,False,362,False
2024-06-24,TOP-004,232,0,91,91,0,141,540,71501.1,1.971,False,362,False
2024-07-01,TOP-004,141,0,138,138,0,3,540,1521.3,0.042,False,362,False
2024-07-08,TOP-004,3,0,110,3,107,0,540,0.0,0.0,True,362,False
2024-07-15,TOP-004,0,533,87,87,0,446,0,226166.6,6.2,False,362,False
2024-07-22,TOP-004,446,0,110,110,0,336,520,170385.6,4.662,False,362,True
2024-07-29,TOP-004,336,0,75,75,0,261,520,132353.1,3.615,False,362,False
2024-08-05,TOP-004,261,0,90,90,0,171,520,86714.1,2.364,False,362,False
2024-08-12,TOP-004,171,0,77,77,0,94,520,47667.4,1.297,False,362,False
2024-08-19,TOP-004,94,0,113,94,19,0,520,0.0,0.0,True,362,False
2024-08-26,TOP-004,0,512,79,79,0,433,0,219574.3,5.954,False,362,False
2024-09-02,TOP-004,433,0,111,111,0,322,540,163286.2,4.419,False,362,True
2024-09-09,TOP-004,322,0,107,107,0,215,540,109026.5,2.945,False,362,False
2024-09-16,TOP-004,215,0,96,96,0,119,540,60344.9,1.627,False,362,False
2024-09-23,TOP-004,119,0,86,86,0,33,540,16734.3,0.45,False,362,False
2024-09-30,TOP-004,33,0,74,33,41,0,540,0.0,0.0,True,362,False
2024-10-07,TOP-004,0,532,64,64,0,468,0,237322.8,6.366,False,362,False
2024-10-14,TOP-004,468,0,60,60,0,408,0,206896.8,5.539,False,362,False
2024-10-21,TOP-004,408,0,63,63,0,345,510,174949.5,4.676,False,362,True
2024-10-28,TOP-004,345,0,62,62,0,283,510,143509.3,3.829,False,362,False
2024-11-04,TOP-004,283,0,66,66,0,217,510,110040.7,2.93,False,362,False
2024-11-11,TOP-004,217,0,69,69,0,148,510,75050.8,1.995,False,362,False
2024-11-18,TOP-004,148,0,114,114,0,34,510,17241.4,0.458,False,362,False
2024-11-25,TOP-004,34,506,89,89,0,451,0,228702.1,6.058,False,362,False
2024-12-02,TOP-004,451,0,47,47,0,404,0,204868.4,5.417,False,362,False
2024-12-09,TOP-004,404,0,69,69,0,335,520,169878.5,4.484,False,362,True
2024-12-16,TOP-004,335,0,64,64,0,271,520,137424.1,3.621,False,362,False
2024-12-23,TOP-004,271,0,69,69,0,202,520,102434.2,2.694,False,362,False
2024-12-30,TOP-004,202,0,67,67,0,135,520,68458.5,1.797,False,362,False
2025-01-06,TOP-004,135,0,71,71,0,64,520,32454.4,0.851,False,362,False
2025-01-13,TOP-004,64,518,62,62,0,520,0,263692.0,6.899,False,362,False
2025-01-20,TOP-004,520,0,41,41,0,479,0,242900.9,6.344,False,362,False
2025-01-27,TOP-004,479,0,46,46,0,433,0,219574.3,5.725,False,362,False
2025-02-03,TOP-004,433,0,51,51,0,382,0,193712.2,5.042,False,362,False
2025-02-10,TOP-004,382,0,51,51,0,331,530,167850.1,4.361,False,362,True
2025-02-17,TOP-004,331,0,50,50,0,281,530,142495.1,3.696,False,362,False
2025-02-24,TOP-004,281,0,63,63,0,218,530,110547.8,2.862,False,362,False
2025-03-03,TOP-004,218,0,83,83,0,135,530,68458.5,1.77,False,362,False
2025-03-10,TOP-004,135,0,69,69,0,66,530,33468.6,0.864,False,362,False
2025-03-17,TOP-004,66,528,102,102,0,492,0,249493.2,6.427,False,362,False
2025-03-24,TOP-004,492,0,69,69,0,423,0,214503.3,5.516,False,362,False
2025-03-31,TOP-004,423,0,95,95,0,328,530,166328.8,4.27,False,362,True
2025-04-07,TOP-004,328,0,84,84,0,244,530,123732.4,3.171,False,362,False
2025-04-14,TOP-004,244,0,78,78,0,166,530,84178.6,2.153,False,362,False
2025-04-21,TOP-004,166,0,78,78,0,88,530,44624.8,1.14,False,362,False
2025-04-28,TOP-004,88,0,70,70,0,18,530,9127.8,0.233,False,362,False
2025-05-05,TOP-004,18,526,101,101,0,443,0,224645.3,5.718,False,362,False
2025-05-12,TOP-004,443,0,103,103,0,340,520,172414.0,4.381,False,362,True
2025-05-19,TOP-004,340,0,113,113,0,227,520,115111.7,2.92,False,362,False
2025-05-26,TOP-004,227,0,107,107,0,120,520,60852.0,1.541,False,362,False
2025-06-02,TOP-004,120,0,125,120,5,0,520,0.0,0.0,True,362,False
2025-06-09,TOP-004,0,0,151,0,151,0,520,0.0,0.0,True,362,False
2025-06-16,TOP-004,0,507,90,90,0,417,0,211460.7,5.328,False,362,False
2025-06-23,TOP-004,417,0,103,103,0,314,540,159229.4,4.005,False,362,True
2025-06-30,TOP-004,314,0,155,155,0,159,540,80628.9,2.025,False,362,False
2025-07-07,TOP-004,159,0,81,81,0,78,540,39553.8,0.992,False,362,False
2025-07-14,TOP-004,78,0,105,78,27,0,540,0.0,0.0,True,362,False
2025-07-21,TOP-004,0,0,139,0,139,0,540,0.0,0.0,True,362,False
2025-07-28,TOP-004,0,0,68,0,68,0,540,0.0,0.0,True,362,False
2025-08-04,TOP-004,0,527,103,103,0,424,0,215010.4,5.354,False,362,False
2025-08-11,TOP-004,424,0,85,85,0,339,520,171906.9,4.273,False,362,True
2025-08-18,TOP-004,339,0,91,91,0,248,520,125760.8,3.121,False,362,False
2025-08-25,TOP-004,248,0,80,80,0,168,520,85192.8,2.111,False,362,False
2025-09-01,TOP-004,168,0,67,67,0,101,520,51217.1,1.267,False,362,False
2025-09-08,TOP-004,101,0,108,101,7,0,520,0.0,0.0,True,362,False
2025-09-15,TOP-004,0,518,75,75,0,443,0,224645.3,5.538,False,362,False
2025-09-22,TOP-004,443,0,101,101,0,342,520,173428.2,4.269,False,362,True
2025-09-29,TOP-004,342,0,72,72,0,270,520,136917.0,3.364,False,362,False
2025-10-06,TOP-004,270,0,54,54,0,216,520,109533.6,2.687,False,362,False
2025-10-13,TOP-004,216,0,84,84,0,132,520,66937.2,1.639,False,362,False
2025-10-20,TOP-004,132,516,72,72,0,576,0,292089.6,7.142,False,362,False
2025-10-27,TOP-004,576,0,77,77,0,499,0,253042.9,6.177,False,362,False
2025-11-03,TOP-004,499,0,84,84,0,415,0,210446.5,5.129,False,362,False
2025-11-10,TOP-004,415,0,65,65,0,350,510,177485.0,4.319,False,362,True
2025-11-17,TOP-004,350,0,145,145,0,205,510,103955.5,2.525,False,362,False
2025-11-24,TOP-004,205,0,113,113,0,92,510,46653.2,1.132,False,362,False
2025-12-01,TOP-004,92,0,67,67,0,25,510,12677.5,0.307,False,362,False
2025-12-08,TOP-004,25,0,79,25,54,0,510,0.0,0.0,True,362,False
2025-12-15,TOP-004,0,500,89,89,0,411,0,208418.1,5.03,False,362,False
2025-12-22,TOP-004,411,0,63,63,0,348,510,176470.8,4.252,False,362,True
2025-12-29,TOP-004,348,502,87,87,0,763,0,386917.3,9.309,False,362,False
2023-01-02,TOP-005,593,0,61,61,0,532,0,283774.12,8.436,False,233,False
2023-01-09,TOP-005,532,0,56,56,0,476,0,253903.16,7.532,False,233,False
2023-01-16,TOP-005,476,0,59,59,0,417,0,222431.97,6.584,False,233,False
2023-01-23,TOP-005,417,0,40,40,0,377,0,201095.57,5.94,False,233,False
2023-01-30,TOP-005,377,0,52,52,0,325,0,173358.25,5.11,False,233,False
2023-02-06,TOP-005,325,0,62,62,0,263,0,140286.83,4.126,False,233,False
2023-02-13,TOP-005,263,0,35,35,0,228,516,121617.48,3.57,False,233,True
2023-02-20,TOP-005,228,0,60,60,0,168,516,89612.88,2.625,False,233,False
2023-02-27,TOP-005,168,0,57,57,0,111,516,59208.51,1.73,False,233,False
2023-03-06,TOP-005,111,510,74,74,0,547,0,291775.27,8.51,False,233,False
2023-03-13,TOP-005,547,0,56,56,0,491,0,261904.31,7.622,False,233,False
2023-03-20,TOP-005,491,0,89,89,0,402,0,214430.82,6.228,False,233,False
2023-03-27,TOP-005,402,0,78,78,0,324,0,172824.84,5.009,False,233,False
2023-04-03,TOP-005,324,0,70,70,0,254,0,135486.14,3.918,False,233,False
2023-04-10,TOP-005,254,0,78,78,0,176,564,93880.16,2.709,False,233,True
2023-04-17,TOP-005,176,0,53,53,0,123,564,65609.43,1.89,False,233,False
2023-04-24,TOP-005,123,0,67,67,0,56,564,29870.96,0.859,False,233,False
2023-05-01,TOP-005,56,559,55,55,0,560,0,298709.6,8.567,False,233,False
2023-05-08,TOP-005,560,0,77,77,0,483,0,257637.03,7.374,False,233,False
2023-05-15,TOP-005,483,0,97,97,0,386,0,205896.26,5.881,False,233,False
2023-05-22,TOP-005,386,0,66,66,0,320,0,170691.2,4.865,False,233,False
2023-05-29,TOP-005,320,0,73,73,0,247,0,131752.27,3.748,False,233,False
2023-06-05,TOP-005,247,0,91,91,0,156,588,83211.96,2.362,False,233,True
2023-06-12,TOP-005,156,0,121,121,0,35,588,18669.35,0.529,False,233,False
2023-06-19,TOP-005,35,0,75,35,40,0,588,0.0,0.0,True,233,False
2023-06-26,TOP-005,0,577,115,115,0,462,0,246435.42,6.953,False,233,False
2023-07-03,TOP-005,462,0,91,91,0,371,0,197895.11,5.572,False,233,False
2023-07-10,TOP-005,371,0,76,76,0,295,0,157355.95,4.421,False,233,False
2023-07-17,TOP-005,295,0,98,98,0,197,540,105081.77,2.947,False,233,True
2023-07-24,TOP-005,197,0,111,111,0,86,540,45873.26,1.284,False,233,False
2023-07-31,TOP-005,86,0,85,85,0,1,540,533.41,0.015,False,233,False
2023-08-07,TOP-005,1,524,85,85,0,440,0,234700.4,6.541,False,233,False
2023-08-14,TOP-005,440,0,69,69,0,371,0,197895.11,5.505,False,233,False
2023-08-21,TOP-005,371,0,69,69,0,302,0,161089.82,4.472,False,233,False
2023-08-28,TOP-005,302,0,82,82,0,220,528,117350.2,3.251,False,233,True
2023-09-04,TOP-005,220,0,84,84,0,136,528,72543.76,2.006,False,233,False
2023-09-11,TOP-005,136,0,79,79,0,57,528,30404.37,0.839,False,233,False
2023-09-18,TOP-005,57,523,58,58,0,522,0,278440.02,7.668,False,233,False
2023-09-25,TOP-005,522,0,93,93,0,429,0,228832.89,6.289,False,233,False
2023-10-02,TOP-005,429,0,68,68,0,361,0,192561.01,5.282,False,233,False
2023-10-09,TOP-005,361,0,75,75,0,286,0,152555.26,4.176,False,233,False
2023-10-16,TOP-005,286,0,90,90,0,196,552,104548.36,2.856,False,233,True
2023-10-23,TOP-005,196,0,53,53,0,143,552,76277.63,2.08,False,233,False
2023-10-30,TOP-005,143,0,71,71,0,72,552,38405.52,1.045,False,233,False
2023-11-06,TOP-005,72,551,90,90,0,533,0,284307.53,7.722,False,233,False
2023-11-13,TOP-005,533,0,47,47,0,486,0,259237.26,7.027,False,233,False
2023-11-20,TOP-005,486,0,130,130,0,356,0,189893.96,5.137,False,233,False
2023-11-27,TOP-005,356,0,124,124,0,232,516,123751.12,3.341,False,233,True
2023-12-04,TOP-005,232,0,49,49,0,183,516,97614.03,2.631,False,233,False
2023-12-11,TOP-005,183,508,53,53,0,638,0,340315.58,9.153,False,233,False
2023-12-18,TOP-005,638,0,49,49,0,589,0,314178.49,8.434,False,233,False
2023-12-25,TOP-005,589,0,52,52,0,537,0,286441.17,7.674,False,233,False
2024-01-01,TOP-005,537,0,46,46,0,491,0,261904.31,7.003,False,233,False
2024-01-08,TOP-005,491,0,39,39,0,452,0,241101.32,6.435,False,233,False
2024-01-15,TOP-005,452,0,62,62,0,390,0,208029.9,5.541,False,233,False
2024-01-22,TOP-005,390,0,59,59,0,331,0,176558.71,4.694,False,233,False
2024-01-29,TOP-005,331,0,68,68,0,263,0,140286.83,3.722,False,233,False
2024-02-05,TOP-005,263,0,55,55,0,208,540,110949.28,2.938,False,233,True
2024-02-12,TOP-005,208,0,54,54,0,154,540,82145.14,2.171,False,233,False
2024-02-19,TOP-005,154,0,49,49,0,105,540,56008.05,1.478,False,233,False
2024-02-26,TOP-005,105,530,75,75,0,560,0,298709.6,7.866,False,233,False
2024-03-04,TOP-005,560,0,69,69,0,491,0,261904.31,6.883,False,233,False
2024-03-11,TOP-005,491,0,66,66,0,425,0,226699.25,5.947,False,233,False
2024-03-18,TOP-005,425,0,81,81,0,344,0,183493.04,4.804,False,233,False
2024-03-25,TOP-005,344,0,63,63,0,281,0,149888.21,3.917,False,233,False
2024-04-01,TOP-005,281,0,63,63,0,218,528,116283.38,3.033,False,233,True
2024-04-08,TOP-005,218,0,57,57,0,161,528,85879.01,2.236,False,233,False
2024-04-15,TOP-005,161,0,90,90,0,71,528,37872.11,0.984,False,233,False
2024-04-22,TOP-005,71,527,95,95,0,503,0,268305.23,6.959,False,233,False
2024-04-29,TOP-005,503,0,80,80,0,423,0,225632.43,5.841,False,233,False
2024-05-06,TOP-005,423,0,107,107,0,316,0,168557.56,4.356,False,233,False
2024-05-13,TOP-005,316,0,115,115,0,201,540,107215.41,2.765,False,233,True
2024-05-20,TOP-005,201,0,124,124,0,77,540,41072.57,1.057,False,233,False
2024-05-27,TOP-005,77,0,90,77,13,0,540,0.0,0.0,True,233,False
2024-06-03,TOP-005,0,540,73,73,0,467,0,249102.47,6.389,False,233,False
2024-06-10,TOP-005,467,0,131,131,0,336,0,179225.76,4.588,False,233,False
2024-06-17,TOP-005,336,0,95,95,0,241,0,128551.81,3.285,False,233,False
2024-06-24,TOP-005,241,0,85,85,0,156,588,83211.96,2.122,False,233,True
2024-07-01,TOP-005,156,0,106,106,0,50,588,26670.5,0.679,False,233,False
2024-07-08,TOP-005,50,0,87,50,37,0,588,0.0,0.0,True,233,False
2024-07-15,TOP-005,0,577,93,93,0,484,0,258170.44,6.549,False,233,False
2024-07-22,TOP-005,484,0,123,123,0,361,0,192561.01,4.876,False,233,False
2024-07-29,TOP-005,361,0,109,109,0,252,0,134419.32,3.397,False,233,False
2024-08-05,TOP-005,252,0,99,99,0,153,588,81611.73,2.059,False,233,True
2024-08-12,TOP-005,153,0,85,85,0,68,588,36271.88,0.913,False,233,False
2024-08-19,TOP-005,68,0,93,68,25,0,588,0.0,0.0,True,233,False
2024-08-26,TOP-005,0,575,111,111,0,464,0,247502.24,6.21,False,233,False
2024-09-02,TOP-005,464,0,60,60,0,404,0,215497.64,5.397,False,233,False
2024-09-09,TOP-005,404,0,81,81,0,323,0,172291.43,4.307,False,233,False
2024-09-16,TOP-005,323,0,81,81,0,242,0,129085.22,3.221,False,233,False
2024-09-23,TOP-005,242,0,89,89,0,153,588,81611.73,2.033,False,233,True
2024-09-30,TOP-005,153,0,61,61,0,92,588,49073.72,1.22,False,233,False
2024-10-07,TOP-005,92,0,90,90,0,2,588,1066.82,0.026,False,233,False
2024-10-14,TOP-005,2,575,60,60,0,517,0,275772.97,6.832,False,233,False
2024-10-21,TOP-005,517,0,64,64,0,453,0,241634.73,5.976,False,233,False
2024-10-28,TOP-005,453,0,61,61,0,392,0,209096.72,5.162,False,233,False
2024-11-04,TOP-005,392,0,91,91,0,301,0,160556.41,3.957,False,233,False
2024-11-11,TOP-005,301,0,50,50,0,251,0,133885.91,3.293,False,233,False
2024-11-18,TOP-005,251,0,109,109,0,142,600,75744.22,1.86,False,233,True
2024-11-25,TOP-005,142,0,107,107,0,35,600,18669.35,0.458,False,233,False
2024-12-02,TOP-005,35,0,77,35,42,0,600,0.0,0.0,True,233,False
2024-12-09,TOP-005,0,593,79,79,0,514,0,274172.74,6.697,False,233,False
2024-12-16,TOP-005,514,0,44,44,0,470,0,250702.7,6.113,False,233,False
2024-12-23,TOP-005,470,0,68,68,0,402,0,214430.82,5.219,False,233,False
2024-12-30,TOP-005,402,0,48,48,0,354,0,188827.14,4.588,False,233,False
2025-01-06,TOP-005,354,0,78,78,0,276,0,147221.16,3.571,False,233,False
2025-01-13,TOP-005,276,0,73,73,0,203,540,108282.23,2.622,False,233,True
2025-01-20,TOP-005,203,0,61,61,0,142,540,75744.22,1.831,False,233,False
2025-01-27,TOP-005,142,0,51,51,0,91,540,48540.31,1.171,False,233,False
2025-02-03,TOP-005,91,532,51,51,0,572,0,305110.52,7.349,False,233,False
2025-02-10,TOP-005,572,0,85,85,0,487,0,259770.67,6.246,False,233,False
2025-02-17,TOP-005,487,0,70,70,0,417,0,222431.97,5.339,False,233,False
2025-02-24,TOP-005,417,0,69,69,0,348,0,185626.68,4.448,False,233,False
2025-03-03,TOP-005,348,0,66,66,0,282,0,150421.62,3.598,False,233,False
2025-03-10,TOP-005,282,0,78,78,0,204,540,108815.64,2.598,False,233,True
2025-03-17,TOP-005,204,0,70,70,0,134,540,71476.94,1.704,False,233,False
2025-03-24,TOP-005,134,0,69,69,0,65,540,34671.65,0.825,False,233,False
2025-03-31,TOP-005,65,524,99,99,0,490,0,261370.9,6.209,False,233,False
2025-04-07,TOP-005,490,0,70,70,0,420,0,224032.2,5.313,False,233,False
2025-04-14,TOP-005,420,0,106,106,0,314,0,167490.74,3.965,False,233,False
2025-04-21,TOP-005,314,0,105,105,0,209,528,111482.69,2.635,False,233,True
2025-04-28,TOP-005,209,0,107,107,0,102,528,54407.82,1.284,False,233,False
2025-05-05,TOP-005,102,0,87,87,0,15,528,8001.15,0.188,False,233,False
2025-05-12,TOP-005,15,522,69,69,0,468,0,249635.88,5.869,False,233,False
2025-05-19,TOP-005,468,0,99,99,0,369,0,196828.29,4.62,False,233,False
2025-05-26,TOP-005,369,0,101,101,0,268,0,142953.88,3.35,False,233,False
2025-06-02,TOP-005,268,0,81,81,0,187,552,99747.67,2.333,False,233,True
2025-06-09,TOP-005,187,0,134,134,0,53,552,28270.73,0.66,False,233,False
2025-06-16,TOP-005,53,0,60,53,7,0,552,0.0,0.0,True,233,False
2025-06-23,TOP-005,0,543,98,98,0,445,0,237367.45,5.525,False,233,False
2025-06-30,TOP-005,445,0,159,159,0,286,0,152555.26,3.545,False,233,False
2025-07-07,TOP-005,286,0,110,110,0,176,564,93880.16,2.178,False,233,True
2025-07-14,TOP-005,176,0,122,122,0,54,564,28804.14,0.667,False,233,False
2025-07-21,TOP-005,54,0,111,54,57,0,564,0.0,0.0,True,233,False
2025-07-28,TOP-005,0,554,89,89,0,465,0,248035.65,5.725,False,233,False
2025-08-04,TOP-005,465,0,103,103,0,362,0,193094.42,4.449,False,233,False
2025-08-11,TOP-005,362,0,74,74,0,288,0,153622.08,3.534,False,233,False
2025-08-18,TOP-005,288,0,97,97,0,191,552,101881.31,2.34,False,233,True
2025-08-25,TOP-005,191,0,94,94,0,97,552,51740.77,1.186,False,233,False
2025-09-01,TOP-005,97,0,100,97,3,0,552,0.0,0.0,True,233,False
2025-09-08,TOP-005,0,0,90,0,90,0,552,0.0,0.0,True,233,False
2025-09-15,TOP-005,0,547,134,134,0,413,0,220298.33,5.026,False,233,False
2025-09-22,TOP-005,413,0,103,103,0,310,0,165357.1,3.766,False,233,False
2025-09-29,TOP-005,310,0,89,89,0,221,516,117883.61,2.68,False,233,True
2025-10-06,TOP-005,221,0,53,53,0,168,516,89612.88,2.034,False,233,False
2025-10-13,TOP-005,168,0,63,63,0,105,516,56008.05,1.269,False,233,False
2025-10-20,TOP-005,105,0,91,91,0,14,516,7467.74,0.169,False,233,False
2025-10-27,TOP-005,14,504,63,63,0,455,0,242701.55,5.483,False,233,False
2025-11-03,TOP-005,455,0,80,80,0,375,0,200028.75,4.511,False,233,False
2025-11-10,TOP-005,375,0,67,67,0,308,0,164290.28,3.699,False,233,False
2025-11-17,TOP-005,308,0,132,132,0,176,564,93880.16,2.11,False,233,True
2025-11-24,TOP-005,176,0,111,111,0,65,564,34671.65,0.778,False,233,False
2025-12-01,TOP-005,65,0,57,57,0,8,564,4267.28,0.096,False,233,False
2025-12-08,TOP-005,8,563,84,84,0,487,0,259770.67,5.811,False,233,False
2025-12-15,TOP-005,487,0,100,100,0,387,0,206429.67,4.61,False,233,False
2025-12-22,TOP-005,387,0,54,54,0,333,0,177625.53,3.961,False,233,False
2025-12-29,TOP-005,333,0,60,60,0,273,0,145620.93,3.242,False,233,False
2023-01-02,TOP-006,897,0,59,59,0,838,0,560303.56,11.154,False,361,False
2023-01-09,TOP-006,838,0,56,56,0,782,0,522860.84,10.386,False,361,False
2023-01-16,TOP-006,782,0,87,87,0,695,0,464690.9,9.211,False,361,False
2023-01-23,TOP-006,695,0,57,57,0,638,0,426579.56,8.438,False,361,False
2023-01-30,TOP-006,638,0,71,71,0,567,0,379107.54,7.483,False,361,False
2023-02-06,TOP-006,567,0,56,56,0,511,0,341664.82,6.729,False,361,False
2023-02-13,TOP-006,511,0,81,81,0,430,0,287506.6,5.651,False,361,False
2023-02-20,TOP-006,430,0,50,50,0,380,0,254075.6,4.983,False,361,False
2023-02-27,TOP-006,380,0,80,80,0,300,672,200586.0,3.926,False,361,True
2023-03-06,TOP-006,300,0,66,66,0,234,672,156457.08,3.055,False,361,False
2023-03-13,TOP-006,234,0,80,80,0,154,672,102967.48,2.007,False,361,False
2023-03-20,TOP-006,154,0,90,90,0,64,672,42791.68,0.832,False,361,False
2023-03-27,TOP-006,64,660,61,61,0,663,0,443295.06,8.603,False,361,False
2023-04-03,TOP-006,663,0,75,75,0,588,0,393148.56,7.614,False,361,False
2023-04-10,TOP-006,588,0,64,64,0,524,0,350356.88,6.771,False,361,False
2023-04-17,TOP-006,524,0,83,83,0,441,0,294861.42,5.686,False,361,False
2023-04-24,TOP-006,441,0,113,113,0,328,636,219307.36,4.221,False,361,True
2023-05-01,TOP-006,328,0,88,88,0,240,636,160468.8,3.082,False,361,False
2023-05-08,TOP-006,240,0,89,89,0,151,636,100961.62,1.935,False,361,False
2023-05-15,TOP-006,151,0,114,114,0,37,636,24738.94,0.473,False,361,False
2023-05-22,TOP-006,37,630,92,92,0,575,0,384456.5,7.338,False,361,False
2023-05-29,TOP-006,575,0,106,106,0,469,0,313582.78,5.973,False,361,False
2023-06-05,TOP-006,469,0,88,88,0,381,0,254744.22,4.842,False,361,False
2023-06-12,TOP-006,381,0,146,146,0,235,732,157125.7,2.981,False,361,True
2023-06-19,TOP-006,235,0,109,109,0,126,732,84246.12,1.595,False,361,False
2023-06-26,TOP-006,126,0,94,94,0,32,732,21395.84,0.404,False,361,False
2023-07-03,TOP-006,32,0,127,32,95,0,732,0.0,0.0,True,361,False
2023-07-10,TOP-006,0,0,90,0,90,0,732,0.0,0.0,True,361,False
2023-07-17,TOP-006,0,715,115,115,0,600,0,401172.0,7.533,False,361,False
2023-07-24,TOP-006,600,0,109,109,0,491,0,328292.42,6.152,False,361,False
2023-07-31,TOP-006,491,0,150,150,0,341,624,227999.42,4.264,False,361,True
2023-08-07,TOP-006,341,0,85,85,0,256,624,171166.72,3.195,False,361,False
2023-08-14,TOP-006,256,0,84,84,0,172,624,115002.64,2.142,False,361,False
2023-08-21,TOP-006,172,0,80,80,0,92,624,61513.04,1.143,False,361,False
2023-08-28,TOP-006,92,617,100,100,0,609,0,407189.58,7.554,False,361,False
2023-09-04,TOP-006,609,0,77,77,0,532,0,355705.84,6.586,False,361,False
2023-09-11,TOP-006,532,0,126,126,0,406,0,271459.72,5.016,False,361,False
2023-09-18,TOP-006,406,0,100,100,0,306,660,204597.72,3.773,False,361,True
2023-09-25,TOP-006,306,0,77,77,0,229,660,153113.98,2.818,False,361,False
2023-10-02,TOP-006,229,0,97,97,0,132,660,88257.84,1.621,False,361,False
2023-10-09,TOP-006,132,0,70,70,0,62,660,41454.44,0.76,False,361,False
2023-10-16,TOP-006,62,655,71,71,0,646,0,431928.52,7.902,False,361,False
2023-10-23,TOP-006,646,0,61,61,0,585,0,391142.7,7.142,False,361,False
2023-10-30,TOP-006,585,0,71,71,0,514,0,343670.68,6.263,False,361,False
2023-11-06,TOP-006,514,0,76,76,0,438,0,292855.56,5.326,False,361,False
2023-11-13,TOP-006,438,0,86,86,0,352,612,235354.24,4.272,False,361,True
2023-11-20,TOP-006,352,0,109,109,0,243,612,162474.66,2.943,False,361,False
2023-11-27,TOP-006,243,0,108,108,0,135,612,90263.7,1.632,False,361,False
2023-12-04,TOP-006,135,0,54,54,0,81,612,54158.22,0.977,False,361,False
2023-12-11,TOP-006,81,606,71,71,0,616,0,411869.92,7.418,False,361,False
2023-12-18,TOP-006,616,0,69,69,0,547,0,365735.14,6.574,False,361,False
2023-12-25,TOP-006,547,0,78,78,0,469,0,313582.78,5.626,False,361,False
2024-01-01,TOP-006,469,0,69,69,0,400,0,267448.0,4.789,False,361,False
2024-01-08,TOP-006,400,0,59,59,0,341,624,227999.42,4.075,False,361,True
2024-01-15,TOP-006,341,0,57,57,0,284,624,189888.08,3.387,False,361,False
2024-01-22,TOP-006,284,0,48,48,0,236,624,157794.32,2.809,False,361,False
2024-01-29,TOP-006,236,0,54,54,0,182,624,121688.84,2.162,False,361,False
2024-02-05,TOP-006,182,614,64,64,0,732,0,489429.84,8.679,False,361,False
2024-02-12,TOP-006,732,0,71,71,0,661,0,441957.82,7.823,False,361,False
2024-02-19,TOP-006,661,0,60,60,0,601,0,401840.62,7.099,False,361,False
2024-02-26,TOP-006,601,0,56,56,0,545,0,364397.9,6.425,False,361,False
2024-03-04,TOP-006,545,0,102,102,0,443,0,296198.66,5.213,False,361,False
2024-03-11,TOP-006,443,0,95,95,0,348,624,232679.76,4.087,False,361,True
2024-03-18,TOP-006,348,0,87,87,0,261,624,174509.82,3.06,False,361,False
2024-03-25,TOP-006,261,0,93,93,0,168,624,112328.16,1.966,False,361,False
2024-04-01,TOP-006,168,0,62,62,0,106,624,70873.72,1.238,False,361,False
2024-04-08,TOP-006,106,620,77,77,0,649,0,433934.38,7.565,False,361,False
2024-04-15,TOP-006,649,0,77,77,0,572,0,382450.64,6.655,False,361,False
2024-04-22,TOP-006,572,0,86,86,0,486,0,324949.32,5.644,False,361,False
2024-04-29,TOP-006,486,0,109,109,0,377,0,252069.74,4.37,False,361,False
2024-05-06,TOP-006,377,0,88,88,0,289,684,193231.18,3.343,False,361,True
2024-05-13,TOP-006,289,0,92,92,0,197,684,131718.14,2.275,False,361,False
2024-05-20,TOP-006,197,0,113,113,0,84,684,56164.08,0.968,False,361,False
2024-05-27,TOP-006,84,0,116,84,32,0,684,0.0,0.0,True,361,False
2024-06-03,TOP-006,0,674,107,107,0,567,0,379107.54,6.511,False,361,False
2024-06-10,TOP-006,567,0,94,94,0,473,0,316257.26,5.422,False,361,False
2024-06-17,TOP-006,473,0,94,94,0,379,0,253406.98,4.336,False,361,False
2024-06-24,TOP-006,379,0,130,130,0,249,720,166486.38,2.844,False,361,True
2024-07-01,TOP-006,249,0,200,200,0,49,720,32762.38,0.559,False,361,False
2024-07-08,TOP-006,49,0,104,49,55,0,720,0.0,0.0,True,361,False
2024-07-15,TOP-006,0,0,106,0,106,0,720,0.0,0.0,True,361,False
2024-07-22,TOP-006,0,714,171,171,0,543,0,363060.66,6.155,False,361,False
2024-07-29,TOP-006,543,0,93,93,0,450,0,300879.0,5.092,False,361,False
2024-08-05,TOP-006,450,0,112,112,0,338,624,225993.56,3.818,False,361,True
2024-08-12,TOP-006,338,0,112,112,0,226,624,151108.12,2.548,False,361,False
2024-08-19,TOP-006,226,0,141,141,0,85,624,56832.7,0.957,False,361,False
2024-08-26,TOP-006,85,0,141,85,56,0,624,0.0,0.0,True,361,False
2024-09-02,TOP-006,0,610,105,105,0,505,0,337653.1,5.663,False,361,False
2024-09-09,TOP-006,505,0,120,120,0,385,0,257418.7,4.309,False,361,False
2024-09-16,TOP-006,385,0,111,111,0,274,696,183201.88,3.061,False,361,True
2024-09-23,TOP-006,274,0,101,101,0,173,696,115671.26,1.929,False,361,False
2024-09-30,TOP-006,173,0,70,70,0,103,696,68867.86,1.147,False,361,False
2024-10-07,TOP-006,103,0,78,78,0,25,696,16715.5,0.278,False,361,False
2024-10-14,TOP-006,25,677,85,85,0,617,0,412538.54,6.844,False,361,False
2024-10-21,TOP-006,617,0,87,87,0,530,0,354368.6,5.868,False,361,False
2024-10-28,TOP-006,530,0,76,76,0,454,0,303553.48,5.018,False,361,False
2024-11-04,TOP-006,454,0,98,98,0,356,612,238028.72,3.928,False,361,True
2024-11-11,TOP-006,356,0,91,91,0,265,612,177184.3,2.919,False,361,False
2024-11-18,TOP-006,265,0,105,105,0,160,612,106979.2,1.759,False,361,False
2024-11-25,TOP-006,160,0,149,149,0,11,612,7354.82,0.121,False,361,False
2024-12-02,TOP-006,11,606,63,63,0,554,0,370415.48,6.069,False,361,False
2024-12-09,TOP-006,554,0,96,96,0,458,0,306227.96,5.009,False,361,False
2024-12-16,TOP-006,458,0,91,91,0,367,0,245383.54,4.006,False,361,False
2024-12-23,TOP-006,367,0,79,79,0,288,684,192562.56,3.138,False,361,True
2024-12-30,TOP-006,288,0,61,61,0,227,684,151776.74,2.469,False,361,False
2025-01-06,TOP-006,227,0,72,72,0,155,684,103636.1,1.683,False,361,False
2025-01-13,TOP-006,155,0,64,64,0,91,684,60844.42,0.986,False,361,False
2025-01-20,TOP-006,91,667,66,66,0,692,0,462685.04,7.488,False,361,False
2025-01-27,TOP-006,692,0,55,55,0,637,0,425910.94,6.881,False,361,False
2025-02-03,TOP-006,637,0,51,51,0,586,0,391811.32,6.319,False,361,False
2025-02-10,TOP-006,586,0,70,70,0,516,0,345007.92,5.554,False,361,False
2025-02-17,TOP-006,516,0,66,66,0,450,0,300879.0,4.836,False,361,False
2025-02-24,TOP-006,450,0,91,91,0,359,612,240034.58,3.851,False,361,True
2025-03-03,TOP-006,359,0,75,75,0,284,612,189888.08,3.041,False,361,False
2025-03-10,TOP-006,284,0,95,95,0,189,612,126369.18,2.02,False,361,False
2025-03-17,TOP-006,189,0,108,108,0,81,612,54158.22,0.864,False,361,False
2025-03-24,TOP-006,81,604,99,99,0,586,0,391811.32,6.243,False,361,False
2025-03-31,TOP-006,586,0,94,94,0,492,0,328961.04,5.232,False,361,False
2025-04-07,TOP-006,492,0,105,105,0,387,0,258755.94,4.109,False,361,False
2025-04-14,TOP-006,387,0,93,93,0,294,672,196574.28,3.116,False,361,True
2025-04-21,TOP-006,294,0,97,97,0,197,672,131718.14,2.084,False,361,False
2025-04-28,TOP-006,197,0,59,59,0,138,672,92269.56,1.458,False,361,False
2025-05-05,TOP-006,138,0,97,97,0,41,672,27413.42,0.432,False,361,False
2025-05-12,TOP-006,41,665,125,125,0,581,0,388468.22,6.116,False,361,False
2025-05-19,TOP-006,581,0,125,125,0,456,0,304890.72,4.792,False,361,False
2025-05-26,TOP-006,456,0,125,125,0,331,636,221313.22,3.472,False,361,True
2025-06-02,TOP-006,331,0,102,102,0,229,636,153113.98,2.398,False,361,False
2025-06-09,TOP-006,229,0,140,140,0,89,636,59507.18,0.931,False,361,False
2025-06-16,TOP-006,89,0,117,89,28,0,636,0.0,0.0,True,361,False
2025-06-23,TOP-006,0,626,121,121,0,505,0,337653.1,5.262,False,361,False
2025-06-30,TOP-006,505,0,159,159,0,346,624,231342.52,3.599,False,361,True
2025-07-07,TOP-006,346,0,102,102,0,244,624,163143.28,2.534,False,361,False
2025-07-14,TOP-006,244,0,101,101,0,143,624,95612.66,1.483,False,361,False
2025-07-21,TOP-006,143,609,137,137,0,615,0,411201.3,6.366,False,361,False
2025-07-28,TOP-006,615,0,112,112,0,503,0,336315.86,5.198,False,361,False
2025-08-04,TOP-006,503,0,130,130,0,373,0,249395.26,3.848,False,361,False
2025-08-11,TOP-006,373,0,109,109,0,264,708,176515.68,2.719,False,361,True
2025-08-18,TOP-006,264,0,72,72,0,192,708,128375.04,1.974,False,361,False
2025-08-25,TOP-006,192,0,133,133,0,59,708,39448.58,0.606,False,361,False
2025-09-01,TOP-006,59,0,112,59,53,0,708,0.0,0.0,True,361,False
2025-09-08,TOP-006,0,691,176,176,0,515,0,344339.3,5.269,False,361,False
2025-09-15,TOP-006,515,0,96,96,0,419,0,280151.78,4.28,False,361,False
2025-09-22,TOP-006,419,0,139,139,0,280,684,187213.6,2.855,False,361,True
2025-09-29,TOP-006,280,0,120,120,0,160,684,106979.2,1.629,False,361,False
2025-10-06,TOP-006,160,0,77,77,0,83,684,55495.46,0.844,False,361,False
2025-10-13,TOP-006,83,0,103,83,20,0,684,0.0,0.0,True,361,False
2025-10-20,TOP-006,0,666,95,95,0,571,0,381782.02,5.784,False,361,False
2025-10-27,TOP-006,571,0,85,85,0,486,0,324949.32,4.915,False,361,False
2025-11-03,TOP-006,486,0,85,85,0,401,0,268116.62,4.049,False,361,False
2025-11-10,TOP-006,401,0,92,92,0,309,660,206603.58,3.115,False,361,True
2025-11-17,TOP-006,309,0,120,120,0,189,660,126369.18,1.902,False,361,False
2025-11-24,TOP-006,189,0,130,130,0,59,660,39448.58,0.593,False,361,False
2025-12-01,TOP-006,59,0,82,59,23,0,660,0.0,0.0,True,361,False
2025-12-08,TOP-006,0,645,119,119,0,526,0,351694.12,5.268,False,361,False
2025-12-15,TOP-006,526,0,112,112,0,414,0,276808.68,4.14,False,361,False
2025-12-22,TOP-006,414,0,85,85,0,329,636,219975.98,3.285,False,361,True
2025-12-29,TOP-006,329,634,81,81,0,882,0,589722.84,8.791,False,361,False
2023-01-02,TOP-007,864,0,69,69,0,795,0,192008.4,10.364,False,108,False
2023-01-09,TOP-007,795,0,86,86,0,709,0,171237.68,9.223,False,108,False
2023-01-16,TOP-007,709,0,80,80,0,629,0,151916.08,8.165,False,108,False
2023-01-23,TOP-007,629,0,62,62,0,567,0,136941.84,7.344,False,108,False
2023-01-30,TOP-007,567,0,100,100,0,467,0,112789.84,6.036,False,108,False
2023-02-06,TOP-007,467,0,89,89,0,378,0,91294.56,4.875,False,108,False
2023-02-13,TOP-007,378,0,57,57,0,321,0,77527.92,4.131,False,108,False
2023-02-20,TOP-007,321,0,63,63,0,258,0,62312.16,3.313,False,108,False
2023-02-27,TOP-007,258,0,88,88,0,170,0,41058.4,2.179,False,108,False
2023-03-06,TOP-007,170,0,111,111,0,59,666,14249.68,0.755,False,108,True
2023-03-13,TOP-007,59,664,66,66,0,657,0,158678.64,8.384,False,108,False
2023-03-20,TOP-007,657,0,65,65,0,592,0,142979.84,7.539,False,108,False
2023-03-27,TOP-007,592,0,95,95,0,497,0,120035.44,6.316,False,108,False
2023-04-03,TOP-007,497,0,51,51,0,446,0,107717.92,5.656,False,108,False
2023-04-10,TOP-007,446,0,96,96,0,350,0,84532.0,4.429,False,108,False
2023-04-17,TOP-007,350,0,86,86,0,264,0,63761.28,3.334,False,108,False
2023-04-24,TOP-007,264,0,104,104,0,160,0,38643.2,2.016,False,108,False
2023-05-01,TOP-007,160,0,72,72,0,88,636,21253.76,1.107,False,108,True
2023-05-08,TOP-007,88,617,101,101,0,604,0,145878.08,7.58,False,108,False
2023-05-15,TOP-007,604,0,111,111,0,493,0,119069.36,6.175,False,108,False
2023-05-22,TOP-007,493,0,104,104,0,389,0,93951.28,4.862,False,108,False
2023-05-29,TOP-007,389,0,86,86,0,303,0,73180.56,3.779,False,108,False
2023-06-05,TOP-007,303,0,97,97,0,206,0,49753.12,2.564,False,108,False
2023-06-12,TOP-007,206,0,138,138,0,68,654,16423.36,0.845,False,108,True
2023-06-19,TOP-007,68,643,126,126,0,585,0,141289.2,7.252,False,108,False
2023-06-26,TOP-007,585,0,87,87,0,498,0,120276.96,6.161,False,108,False
2023-07-03,TOP-007,498,0,157,157,0,341,0,82358.32,4.21,False,108,False
2023-07-10,TOP-007,341,0,105,105,0,236,0,56998.72,2.908,False,108,False
2023-07-17,TOP-007,236,0,108,108,0,128,0,30914.56,1.574,False,108,False
2023-07-24,TOP-007,128,0,139,128,11,0,726,0.0,0.0,True,108,True
2023-07-31,TOP-007,0,716,102,102,0,614,0,148293.28,7.519,False,108,False
2023-08-07,TOP-007,614,0,135,135,0,479,0,115688.08,5.854,False,108,False
2023-08-14,TOP-007,479,0,120,120,0,359,0,86705.68,4.379,False,108,False
2023-08-21,TOP-007,359,0,112,112,0,247,0,59655.44,3.007,False,108,False
2023-08-28,TOP-007,247,0,87,87,0,160,0,38643.2,1.944,False,108,False
2023-09-04,TOP-007,160,0,102,102,0,58,666,14008.16,0.703,False,108,True
2023-09-11,TOP-007,58,649,113,113,0,594,0,143462.88,7.187,False,108,False
2023-09-18,TOP-007,594,0,78,78,0,516,0,124624.32,6.231,False,108,False
2023-09-25,TOP-007,516,0,118,118,0,398,0,96124.96,4.796,False,108,False
2023-10-02,TOP-007,398,0,85,85,0,313,0,75595.76,3.765,False,108,False
2023-10-09,TOP-007,313,0,93,93,0,220,0,53134.4,2.641,False,108,False
2023-10-16,TOP-007,220,0,75,75,0,145,0,35020.4,1.737,False,108,False
2023-10-23,TOP-007,145,0,76,76,0,69,654,16664.88,0.825,False,108,True
2023-10-30,TOP-007,69,636,47,47,0,658,0,158920.16,7.852,False,108,False
2023-11-06,TOP-007,658,0,100,100,0,558,0,134768.16,6.645,False,108,False
2023-11-13,TOP-007,558,0,59,59,0,499,0,120518.48,5.931,False,108,False
2023-11-20,TOP-007,499,0,86,86,0,413,0,99747.76,4.899,False,108,False
2023-11-27,TOP-007,413,0,99,99,0,314,0,75837.28,3.718,False,108,False
2023-12-04,TOP-007,314,0,68,68,0,246,0,59413.92,2.907,False,108,False
2023-12-11,TOP-007,246,0,77,77,0,169,0,40816.88,1.993,False,108,False
2023-12-18,TOP-007,169,0,68,68,0,101,636,24393.52,1.189,False,108,True
2023-12-25,TOP-007,101,619,56,56,0,664,0,160369.28,7.801,False,108,False
2024-01-01,TOP-007,664,0,42,42,0,622,0,150225.44,7.293,False,108,False
2024-01-08,TOP-007,622,0,78,78,0,544,0,131386.88,6.366,False,108,False
2024-01-15,TOP-007,544,0,57,57,0,487,0,117620.24,5.688,False,108,False
2024-01-22,TOP-007,487,0,49,49,0,438,0,105785.76,5.106,False,108,False
2024-01-29,TOP-007,438,0,87,87,0,351,0,84773.52,4.084,False,108,False
2024-02-05,TOP-007,351,0,51,51,0,300,0,72456.0,3.484,False,108,False
2024-02-12,TOP-007,300,0,71,71,0,229,0,55308.08,2.654,False,108,False
2024-02-19,TOP-007,229,0,70,70,0,159,0,38401.68,1.839,False,108,False
2024-02-26,TOP-007,159,0,63,63,0,96,636,23185.92,1.108,False,108,True
2024-03-04,TOP-007,96,629,94,94,0,631,0,152399.12,7.272,False,108,False
2024-03-11,TOP-007,631,0,55,55,0,576,0,139115.52,6.626,False,108,False
2024-03-18,TOP-007,576,0,89,89,0,487,0,117620.24,5.591,False,108,False
2024-03-25,TOP-007,487,0,105,105,0,382,0,92260.64,4.377,False,108,False
2024-04-01,TOP-007,382,0,74,74,0,308,0,74388.16,3.523,False,108,False
2024-04-08,TOP-007,308,0,94,94,0,214,0,51685.28,2.443,False,108,False
2024-04-15,TOP-007,214,0,81,81,0,133,0,32122.16,1.515,False,108,False
2024-04-22,TOP-007,133,0,82,82,0,51,672,12317.52,0.58,False,108,True
2024-04-29,TOP-007,51,671,73,73,0,649,0,156746.48,7.367,False,108,False
2024-05-06,TOP-007,649,0,85,85,0,564,0,136217.28,6.391,False,108,False
2024-05-13,TOP-007,564,0,103,103,0,461,0,111340.72,5.214,False,108,False
2024-05-20,TOP-007,461,0,80,80,0,381,0,92019.12,4.301,False,108,False
2024-05-27,TOP-007,381,0,97,97,0,284,0,68591.68,3.2,False,108,False
2024-06-03,TOP-007,284,0,162,162,0,122,0,29465.44,1.372,False,108,False
2024-06-10,TOP-007,122,0,157,122,35,0,726,0.0,0.0,True,108,True
2024-06-17,TOP-007,0,725,119,119,0,606,0,146361.12,6.79,False,108,False
2024-06-24,TOP-007,606,0,107,107,0,499,0,120518.48,5.581,False,108,False
2024-07-01,TOP-007,499,0,182,182,0,317,0,76561.84,3.539,False,108,False
2024-07-08,TOP-007,317,0,87,87,0,230,0,55549.6,2.563,False,108,False
2024-07-15,TOP-007,230,0,123,123,0,107,636,25842.64,1.19,False,108,True
2024-07-22,TOP-007,107,621,111,111,0,617,0,149017.84,6.85,False,108,False
2024-07-29,TOP-007,617,0,124,124,0,493,0,119069.36,5.464,False,108,False
2024-08-05,TOP-007,493,0,127,127,0,366,0,88396.32,4.049,False,108,False
2024-08-12,TOP-007,366,0,129,129,0,237,0,57240.24,2.617,False,108,False
2024-08-19,TOP-007,237,0,102,102,0,135,0,32605.2,1.488,False,108,False
2024-08-26,TOP-007,135,0,88,88,0,47,678,11351.44,0.517,False,108,True
2024-09-02,TOP-007,47,660,115,115,0,592,0,142979.84,6.501,False,108,False
2024-09-09,TOP-007,592,0,103,103,0,489,0,118103.28,5.36,False,108,False
2024-09-16,TOP-007,489,0,90,90,0,399,0,96366.48,4.366,False,108,False
2024-09-23,TOP-007,399,0,104,104,0,295,0,71248.4,3.222,False,108,False
2024-09-30,TOP-007,295,0,118,118,0,177,0,42749.04,1.93,False,108,False
2024-10-07,TOP-007,177,0,106,106,0,71,654,17147.92,0.773,False,108,True
2024-10-14,TOP-007,71,645,69,69,0,647,0,156263.44,7.029,False,108,False
2024-10-21,TOP-007,647,0,80,80,0,567,0,136941.84,6.149,False,108,False
2024-10-28,TOP-007,567,0,96,96,0,471,0,113755.92,5.099,False,108,False
2024-11-04,TOP-007,471,0,112,112,0,359,0,86705.68,3.879,False,108,False
2024-11-11,TOP-007,359,0,63,63,0,296,0,71489.92,3.193,False,108,False
2024-11-18,TOP-007,296,0,129,129,0,167,0,40333.84,1.798,False,108,False
2024-11-25,TOP-007,167,0,107,107,0,60,666,14491.2,0.645,False,108,True
2024-12-02,TOP-007,60,0,60,60,0,0,666,0.0,0.0,False,108,False
2024-12-09,TOP-007,0,0,96,0,96,0,666,0.0,0.0,True,108,False
2024-12-16,TOP-007,0,0,69,0,69,0,666,0.0,0.0,True,108,False
2024-12-23,TOP-007,0,0,66,0,66,0,666,0.0,0.0,True,108,False
2024-12-30,TOP-007,0,0,58,0,58,0,666,0.0,0.0,True,108,False
2025-01-06,TOP-007,0,0,53,0,53,0,666,0.0,0.0,True,108,False
2025-01-13,TOP-007,0,0,98,0,98,0,666,0.0,0.0,True,108,False
2025-01-20,TOP-007,0,0,77,0,77,0,666,0.0,0.0,True,108,False
2025-01-27,TOP-007,0,0,67,0,67,0,666,0.0,0.0,True,108,False
2025-02-03,TOP-007,0,0,87,0,87,0,666,0.0,0.0,True,108,False
2025-02-10,TOP-007,0,0,73,0,73,0,666,0.0,0.0,True,108,False
2025-02-17,TOP-007,0,0,65,0,65,0,666,0.0,0.0,True,108,False
2025-02-24,TOP-007,0,0,95,0,95,0,666,0.0,0.0,True,108,False
2025-03-03,TOP-007,0,0,136,0,136,0,666,0.0,0.0,True,108,False
2025-03-10,TOP-007,0,0,93,0,93,0,666,0.0,0.0,True,108,False
2025-03-17,TOP-007,0,0,124,0,124,0,666,0.0,0.0,True,108,False
2025-03-24,TOP-007,0,0,117,0,117,0,666,0.0,0.0,True,108,False
2025-03-31,TOP-007,0,0,86,0,86,0,666,0.0,0.0,True,108,False
2025-04-07,TOP-007,0,0,100,0,100,0,666,0.0,0.0,True,108,False
2025-04-14,TOP-007,0,0,112,0,112,0,666,0.0,0.0,True,108,False
2025-04-21,TOP-007,0,0,101,0,101,0,666,0.0,0.0,True,108,False
2025-04-28,TOP-007,0,0,107,0,107,0,666,0.0,0.0,True,108,False
2025-05-05,TOP-007,0,0,88,0,88,0,666,0.0,0.0,True,108,False
2025-05-12,TOP-007,0,0,91,0,91,0,666,0.0,0.0,True,108,False
2025-05-19,TOP-007,0,0,136,0,136,0,666,0.0,0.0,True,108,False
2025-05-26,TOP-007,0,0,134,0,134,0,666,0.0,0.0,True,108,False
2025-06-02,TOP-007,0,0,133,0,133,0,666,0.0,0.0,True,108,False
2025-06-09,TOP-007,0,0,152,0,152,0,666,0.0,0.0,True,108,False
2025-06-16,TOP-007,0,0,121,0,121,0,666,0.0,0.0,True,108,False
2025-06-23,TOP-007,0,0,162,0,162,0,666,0.0,0.0,True,108,False
2025-06-30,TOP-007,0,0,183,0,183,0,666,0.0,0.0,True,108,False
2025-07-07,TOP-007,0,0,103,0,103,0,666,0.0,0.0,True,108,False
2025-07-14,TOP-007,0,0,132,0,132,0,666,0.0,0.0,True,108,False
2025-07-21,TOP-007,0,0,202,0,202,0,666,0.0,0.0,True,108,False
2025-07-28,TOP-007,0,0,114,0,114,0,666,0.0,0.0,True,108,False
2025-08-04,TOP-007,0,0,122,0,122,0,666,0.0,0.0,True,108,False
2025-08-11,TOP-007,0,0,127,0,127,0,666,0.0,0.0,True,108,False
2025-08-18,TOP-007,0,0,121,0,121,0,666,0.0,0.0,True,108,False
2025-08-25,TOP-007,0,0,115,0,115,0,666,0.0,0.0,True,108,False
2025-09-01,TOP-007,0,0,85,0,85,0,666,0.0,0.0,True,108,False
2025-09-08,TOP-007,0,0,129,0,129,0,666,0.0,0.0,True,108,False
2025-09-15,TOP-007,0,0,112,0,112,0,666,0.0,0.0,True,108,False
2025-09-22,TOP-007,0,0,119,0,119,0,666,0.0,0.0,True,108,False
2025-09-29,TOP-007,0,0,102,0,102,0,666,0.0,0.0,True,108,False
2025-10-06,TOP-007,0,0,89,0,89,0,666,0.0,0.0,True,108,False
2025-10-13,TOP-007,0,0,119,0,119,0,666,0.0,0.0,True,108,False
2025-10-20,TOP-007,0,0,114,0,114,0,666,0.0,0.0,True,108,False
2025-10-27,TOP-007,0,0,73,0,73,0,666,0.0,0.0,True,108,False
2025-11-03,TOP-007,0,0,129,0,129,0,666,0.0,0.0,True,108,False
2025-11-10,TOP-007,0,0,75,0,75,0,666,0.0,0.0,True,108,False
2025-11-17,TOP-007,0,0,144,0,144,0,666,0.0,0.0,True,108,False
2025-11-24,TOP-007,0,0,141,0,141,0,666,0.0,0.0,True,108,False
2025-12-01,TOP-007,0,0,59,0,59,0,666,0.0,0.0,True,108,False
2025-12-08,TOP-007,0,0,109,0,109,0,666,0.0,0.0,True,108,False
2025-12-15,TOP-007,0,0,105,0,105,0,666,0.0,0.0,True,108,False
2025-12-22,TOP-007,0,0,84,0,84,0,666,0.0,0.0,True,108,False
2025-12-29,TOP-007,0,0,66,0,66,0,666,0.0,0.0,True,108,False
2023-01-02,TOP-008,511,0,52,52,0,459,0,319978.08,7.656,False,154,False
2023-01-09,TOP-008,459,0,49,49,0,410,0,285819.2,6.824,False,154,False
2023-01-16,TOP-008,410,0,54,54,0,356,0,248174.72,5.913,False,154,False
2023-01-23,TOP-008,356,0,36,36,0,320,0,223078.4,5.304,False,154,False
2023-01-30,TOP-008,320,0,54,54,0,266,0,185433.92,4.399,False,154,False
2023-02-06,TOP-008,266,0,62,62,0,204,0,142212.48,3.367,False,154,False
2023-02-13,TOP-008,204,0,42,42,0,162,0,112933.44,2.668,False,154,False
2023-02-20,TOP-008,162,0,70,70,0,92,552,64135.04,1.512,False,154,True
2023-02-27,TOP-008,92,0,51,51,0,41,552,28581.92,0.672,False,154,False
2023-03-06,TOP-008,41,542,60,60,0,523,0,364593.76,8.558,False,154,False
2023-03-13,TOP-008,523,0,74,74,0,449,0,313006.88,7.332,False,154,False
2023-03-20,TOP-008,449,0,62,62,0,387,0,269785.44,6.306,False,154,False
2023-03-27,TOP-008,387,0,68,68,0,319,0,222381.28,5.187,False,154,False
2023-04-03,TOP-008,319,0,65,65,0,254,0,177068.48,4.122,False,154,False
2023-04-10,TOP-008,254,0,86,86,0,168,0,117116.16,2.72,False,154,False
2023-04-17,TOP-008,168,0,72,72,0,96,540,66923.52,1.551,False,154,True
2023-04-24,TOP-008,96,0,77,77,0,19,540,13245.28,0.306,False,154,False
2023-05-01,TOP-008,19,539,50,50,0,508,0,354136.96,8.175,False,154,False
2023-05-08,TOP-008,508,0,76,76,0,432,0,301155.84,6.938,False,154,False
2023-05-15,TOP-008,432,0,92,92,0,340,0,237020.8,5.449,False,154,False
2023-05-22,TOP-008,340,0,74,74,0,266,0,185433.92,4.254,False,154,False
2023-05-29,TOP-008,266,0,89,89,0,177,0,123390.24,2.825,False,154,False
2023-06-05,TOP-008,177,0,104,104,0,73,564,50889.76,1.163,False,154,True
2023-06-12,TOP-008,73,0,102,73,29,0,564,0.0,0.0,True,154,False
2023-06-19,TOP-008,0,563,94,94,0,469,0,326949.28,7.439,False,154,False
2023-06-26,TOP-008,469,0,61,61,0,408,0,284424.96,6.459,False,154,False
2023-07-03,TOP-008,408,0,110,110,0,298,0,207741.76,4.708,False,154,False
2023-07-10,TOP-008,298,0,79,79,0,219,0,152669.28,3.453,False,154,False
2023-07-17,TOP-008,219,0,85,85,0,134,504,93414.08,2.108,False,154,True
2023-07-24,TOP-008,134,0,104,104,0,30,504,20913.6,0.471,False,154,False
2023-07-31,TOP-008,30,493,111,111,0,412,0,287213.44,6.456,False,154,False
2023-08-07,TOP-008,412,0,82,82,0,330,0,230049.6,5.161,False,154,False
2023-08-14,TOP-008,330,0,100,100,0,230,0,160337.6,3.59,False,154,False
2023-08-21,TOP-008,230,0,61,61,0,169,0,117813.28,2.632,False,154,False
2023-08-28,TOP-008,169,0,68,68,0,101,540,70409.12,1.57,False,154,True
2023-09-04,TOP-008,101,0,57,57,0,44,540,30673.28,0.683,False,154,False
2023-09-11,TOP-008,44,534,57,57,0,521,0,363199.52,8.066,False,154,False
2023-09-18,TOP-008,521,0,93,93,0,428,0,298367.36,6.613,False,154,False
2023-09-25,TOP-008,428,0,81,81,0,347,0,241900.64,5.351,False,154,False
2023-10-02,TOP-008,347,0,57,57,0,290,0,202164.8,4.463,False,154,False
2023-10-09,TOP-008,290,0,61,61,0,229,0,159640.48,3.517,False,154,False
2023-10-16,TOP-008,229,0,62,62,0,167,0,116419.04,2.56,False,154,False
2023-10-23,TOP-008,167,0,67,67,0,100,540,69712.0,1.53,False,154,True
2023-10-30,TOP-008,100,0,95,95,0,5,540,3485.6,0.076,False,154,False
2023-11-06,TOP-008,5,525,75,75,0,455,0,317189.6,6.934,False,154,False
2023-11-13,TOP-008,455,0,57,57,0,398,0,277453.76,6.053,False,154,False
2023-11-20,TOP-008,398,0,103,103,0,295,0,205650.4,4.478,False,154,False
2023-11-27,TOP-008,295,0,87,87,0,208,0,145000.96,3.151,False,154,False
2023-12-04,TOP-008,208,0,55,55,0,153,492,106659.36,2.313,False,154,True
2023-12-11,TOP-008,153,0,53,53,0,100,492,69712.0,1.509,False,154,False
2023-12-18,TOP-008,100,481,43,43,0,538,0,375050.56,8.103,False,154,False
2023-12-25,TOP-008,538,0,58,58,0,480,0,334617.6,7.215,False,154,False
2024-01-01,TOP-008,480,0,39,39,0,441,0,307429.92,6.616,False,154,False
2024-01-08,TOP-008,441,0,47,47,0,394,0,274665.28,5.9,False,154,False
2024-01-15,TOP-008,394,0,52,52,0,342,0,238415.04,5.111,False,154,False
2024-01-22,TOP-008,342,0,32,32,0,310,0,216107.2,4.624,False,154,False
2024-01-29,TOP-008,310,0,43,43,0,267,0,186131.04,3.975,False,154,False
2024-02-05,TOP-008,267,0,53,53,0,214,0,149183.68,3.18,False,154,False
2024-02-12,TOP-008,214,0,44,44,0,170,0,118510.4,2.521,False,154,False
2024-02-19,TOP-008,170,0,47,47,0,123,516,85745.76,1.821,False,154,True
2024-02-26,TOP-008,123,0,59,59,0,64,516,44615.68,0.946,False,154,False
2024-03-04,TOP-008,64,508,80,80,0,492,0,342983.04,7.255,False,154,False
2024-03-11,TOP-008,492,0,58,58,0,434,0,302550.08,6.388,False,154,False
2024-03-18,TOP-008,434,0,54,54,0,380,0,264905.6,5.582,False,154,False
2024-03-25,TOP-008,380,0,58,58,0,322,0,224472.64,4.721,False,154,False
2024-04-01,TOP-008,322,0,98,98,0,224,0,156154.88,3.278,False,154,False
2024-04-08,TOP-008,224,0,79,79,0,145,492,101082.4,2.118,False,154,True
2024-04-15,TOP-008,145,0,66,66,0,79,492,55072.48,1.152,False,154,False
2024-04-22,TOP-008,79,481,74,74,0,486,0,338800.32,7.073,False,154,False
2024-04-29,TOP-008,486,0,72,72,0,414,0,288607.68,6.014,False,154,False
2024-05-06,TOP-008,414,0,91,91,0,323,0,225169.76,4.683,False,154,False
2024-05-13,TOP-008,323,0,78,78,0,245,0,170794.4,3.546,False,154,False
2024-05-20,TOP-008,245,0,101,101,0,144,492,100385.28,2.08,False,154,True
2024-05-27,TOP-008,144,0,94,94,0,50,492,34856.0,0.721,False,154,False
2024-06-03,TOP-008,50,490,63,63,0,477,0,332526.24,6.864,False,154,False
2024-06-10,TOP-008,477,0,124,124,0,353,0,246083.36,5.071,False,154,False
2024-06-17,TOP-008,353,0,102,102,0,251,0,174977.12,3.599,False,154,False
2024-06-24,TOP-008,251,0,101,101,0,150,492,104568.0,2.147,False,154,True
2024-07-01,TOP-008,150,0,145,145,0,5,492,3485.6,0.071,False,154,False
2024-07-08,TOP-008,5,489,82,82,0,412,0,287213.44,5.875,False,154,False
2024-07-15,TOP-008,412,0,70,70,0,342,0,238415.04,4.868,False,154,False
2024-07-22,TOP-008,342,0,109,109,0,233,0,162428.96,3.31,False,154,False
2024-07-29,TOP-008,233,0,99,99,0,134,504,93414.08,1.9,False,154,True
2024-08-05,TOP-008,134,0,79,79,0,55,504,38341.6,0.779,False,154,False
2024-08-12,TOP-008,55,500,76,76,0,479,0,333920.48,6.768,False,154,False
2024-08-19,TOP-008,479,0,98,98,0,381,0,265602.72,5.373,False,154,False
2024-08-26,TOP-008,381,0,99,99,0,282,0,196587.84,3.97,False,154,False
2024-09-02,TOP-008,282,0,72,72,0,210,0,146395.2,2.951,False,154,False
2024-09-09,TOP-008,210,0,100,100,0,110,528,76683.2,1.543,False,154,True
2024-09-16,TOP-008,110,0,101,101,0,9,528,6274.08,0.126,False,154,False
2024-09-23,TOP-008,9,517,95,95,0,431,0,300458.72,6.024,False,154,False
2024-09-30,TOP-008,431,0,90,90,0,341,0,237717.92,4.757,False,154,False
2024-10-07,TOP-008,341,0,69,69,0,272,0,189616.64,3.788,False,154,False
2024-10-14,TOP-008,272,0,78,78,0,194,0,135241.28,2.697,False,154,False
2024-10-21,TOP-008,194,0,57,57,0,137,504,95505.44,1.901,False,154,True
2024-10-28,TOP-008,137,0,51,51,0,86,504,59952.32,1.191,False,154,False
2024-11-04,TOP-008,86,493,56,56,0,523,0,364593.76,7.231,False,154,False
2024-11-11,TOP-008,523,0,59,59,0,464,0,323463.68,6.404,False,154,False
2024-11-18,TOP-008,464,0,90,90,0,374,0,260722.88,5.153,False,154,False
2024-11-25,TOP-008,374,0,117,117,0,257,0,179159.84,3.535,False,154,False
2024-12-02,TOP-008,257,0,46,46,0,211,0,147092.32,2.897,False,154,False
2024-12-09,TOP-008,211,0,83,83,0,128,516,89231.36,1.754,False,154,True
2024-12-16,TOP-008,128,0,55,55,0,73,516,50889.76,0.999,False,154,False
2024-12-23,TOP-008,73,503,50,50,0,526,0,366685.12,7.183,False,154,False
2024-12-30,TOP-008,526,0,49,49,0,477,0,332526.24,6.503,False,154,False
2025-01-06,TOP-008,477,0,78,78,0,399,0,278150.88,5.43,False,154,False
2025-01-13,TOP-008,399,0,76,76,0,323,0,225169.76,4.388,False,154,False
2025-01-20,TOP-008,323,0,55,55,0,268,0,186828.16,3.634,False,154,False
2025-01-27,TOP-008,268,0,49,49,0,219,0,152669.28,2.965,False,154,False
2025-02-03,TOP-008,219,0,51,51,0,168,0,117116.16,2.27,False,154,False
2025-02-10,TOP-008,168,0,70,70,0,98,540,68317.76,1.322,False,154,True
2025-02-17,TOP-008,98,0,53,53,0,45,540,31370.4,0.606,False,154,False
2025-02-24,TOP-008,45,529,81,81,0,493,0,343680.16,6.628,False,154,False
2025-03-03,TOP-008,493,0,75,75,0,418,0,291396.16,5.61,False,154,False
2025-03-10,TOP-008,418,0,63,63,0,355,0,247477.6,4.756,False,154,False
2025-03-17,TOP-008,355,0,78,78,0,277,0,193102.24,3.705,False,154,False
2025-03-24,TOP-008,277,0,71,71,0,206,0,143606.72,2.75,False,154,False
2025-03-31,TOP-008,206,0,87,87,0,119,516,82957.28,1.586,False,154,True
2025-04-07,TOP-008,119,0,78,78,0,41,516,28581.92,0.546,False,154,False
2025-04-14,TOP-008,41,506,83,83,0,464,0,323463.68,6.163,False,154,False
2025-04-21,TOP-008,464,0,85,85,0,379,0,264208.48,5.025,False,154,False
2025-04-28,TOP-008,379,0,80,80,0,299,0,208438.88,3.958,False,154,False
2025-05-05,TOP-008,299,0,103,103,0,196,0,136635.52,2.59,False,154,False
2025-05-12,TOP-008,196,0,77,77,0,119,516,82957.28,1.57,False,154,True
2025-05-19,TOP-008,119,0,91,91,0,28,516,19519.36,0.369,False,154,False
2025-05-26,TOP-008,28,0,118,28,90,0,516,0.0,0.0,True,154,False
2025-06-02,TOP-008,0,516,108,108,0,408,0,284424.96,5.355,False,154,False
2025-06-09,TOP-008,408,0,108,108,0,300,0,209136.0,3.931,False,154,False
2025-06-16,TOP-008,300,0,91,91,0,209,0,145698.08,2.734,False,154,False
2025-06-23,TOP-008,209,0,112,112,0,97,540,67620.64,1.267,False,154,True
2025-06-30,TOP-008,97,0,106,97,9,0,540,0.0,0.0,True,154,False
2025-07-07,TOP-008,0,530,101,101,0,429,0,299064.48,5.583,False,154,False
2025-07-14,TOP-008,429,0,83,83,0,346,0,241203.52,4.496,False,154,False
2025-07-21,TOP-008,346,0,125,125,0,221,0,154063.52,2.867,False,154,False
2025-07-28,TOP-008,221,0,85,85,0,136,504,94808.32,1.761,False,154,True
2025-08-04,TOP-008,136,490,128,128,0,498,0,347165.76,6.438,False,154,False
2025-08-11,TOP-008,498,0,73,73,0,425,0,296276.0,5.485,False,154,False
2025-08-18,TOP-008,425,0,118,118,0,307,0,214015.84,3.956,False,154,False
2025-08-25,TOP-008,307,0,80,80,0,227,0,158246.24,2.92,False,154,False
2025-09-01,TOP-008,227,0,74,74,0,153,492,106659.36,1.965,False,154,True
2025-09-08,TOP-008,153,0,74,74,0,79,492,55072.48,1.013,False,154,False
2025-09-15,TOP-008,79,482,88,88,0,473,0,329737.76,6.054,False,154,False
2025-09-22,TOP-008,473,0,146,146,0,327,0,227958.24,4.179,False,154,False
2025-09-29,TOP-008,327,0,93,93,0,234,0,163126.08,2.985,False,154,False
2025-10-06,TOP-008,234,0,107,107,0,127,516,88534.24,1.618,False,154,True
2025-10-13,TOP-008,127,0,81,81,0,46,516,32067.52,0.585,False,154,False
2025-10-20,TOP-008,46,512,78,78,0,480,0,334617.6,6.094,False,154,False
2025-10-27,TOP-008,480,0,59,59,0,421,0,293487.52,5.336,False,154,False
2025-11-03,TOP-008,421,0,74,74,0,347,0,241900.64,4.391,False,154,False
2025-11-10,TOP-008,347,0,48,48,0,299,0,208438.88,3.777,False,154,False
2025-11-17,TOP-008,299,0,98,98,0,201,0,140121.12,2.535,False,154,False
2025-11-24,TOP-008,201,0,156,156,0,45,600,31370.4,0.567,False,154,True
2025-12-01,TOP-008,45,0,65,45,20,0,600,0.0,0.0,True,154,False
2025-12-08,TOP-008,0,584,86,86,0,498,0,347165.76,6.251,False,154,False
2025-12-15,TOP-008,498,0,70,70,0,428,0,298367.36,5.363,False,154,False
2025-12-22,TOP-008,428,0,75,75,0,353,0,246083.36,4.416,False,154,False
2025-12-29,TOP-008,353,0,46,46,0,307,0,214015.84,3.835,False,154,False
2023-01-02,TOP-009,901,0,49,49,0,852,0,293667.36,9.406,False,334,False
2023-01-09,TOP-009,852,0,75,75,0,777,0,267816.36,8.56,False,334,False
2023-01-16,TOP-009,777,0,90,90,0,687,0,236795.16,7.552,False,334,False
2023-01-23,TOP-009,687,0,70,70,0,617,0,212667.56,6.768,False,334,False
2023-01-30,TOP-009,617,0,91,91,0,526,0,181301.68,5.758,False,334,False
2023-02-06,TOP-009,526,0,64,64,0,462,0,159242.16,5.046,False,334,False
2023-02-13,TOP-009,462,0,62,62,0,400,0,137872.0,4.36,False,334,False
2023-02-20,TOP-009,400,0,95,95,0,305,760,105127.4,3.317,False,334,True
2023-02-27,TOP-009,305,0,69,69,0,236,760,81344.48,2.561,False,334,False
2023-03-06,TOP-009,236,0,98,98,0,138,760,47565.84,1.495,False,334,False
2023-03-13,TOP-009,138,752,79,79,0,811,0,279535.48,8.765,False,334,False
2023-03-20,TOP-009,811,0,81,81,0,730,0,251616.4,7.873,False,334,False
2023-03-27,TOP-009,730,0,98,98,0,632,0,217837.76,6.802,False,334,False
2023-04-03,TOP-009,632,0,103,103,0,529,0,182335.72,5.681,False,334,False
2023-04-10,TOP-009,529,0,86,86,0,443,0,152693.24,4.748,False,334,False
2023-04-17,TOP-009,443,0,106,106,0,337,0,116157.16,3.604,False,334,False
2023-04-24,TOP-009,337,0,107,107,0,230,832,79276.4,2.455,False,334,True
2023-05-01,TOP-009,230,0,101,101,0,129,832,44463.72,1.374,False,334,False
2023-05-08,TOP-009,129,0,114,114,0,15,832,5170.2,0.159,False,334,False
2023-05-15,TOP-009,15,811,129,129,0,697,0,240241.96,7.393,False,334,False
2023-05-22,TOP-009,697,0,132,132,0,565,0,194744.2,5.98,False,334,False
2023-05-29,TOP-009,565,0,123,123,0,442,0,152348.56,4.669,False,334,False
2023-06-05,TOP-009,442,0,128,128,0,314,752,108229.52,3.31,False,334,True
2023-06-12,TOP-009,314,0,127,127,0,187,752,64455.16,1.967,False,334,False
2023-06-19,TOP-009,187,0,126,126,0,61,752,21025.48,0.64,False,334,False
2023-06-26,TOP-009,61,743,141,141,0,663,0,228522.84,6.946,False,334,False
2023-07-03,TOP-009,663,0,151,151,0,512,0,176476.16,5.353,False,334,False
2023-07-10,TOP-009,512,0,98,98,0,414,0,142697.52,4.32,False,334,False
2023-07-17,TOP-009,414,0,109,109,0,305,760,105127.4,3.176,False,334,True
2023-07-24,TOP-009,305,0,127,127,0,178,760,61353.04,1.85,False,334,False
2023-07-31,TOP-009,178,0,110,110,0,68,760,23438.24,0.705,False,334,False
2023-08-07,TOP-009,68,754,134,134,0,688,0,237139.84,7.121,False,334,False
2023-08-14,TOP-009,688,0,91,91,0,597,0,205773.96,6.167,False,334,False
2023-08-21,TOP-009,597,0,122,122,0,475,0,163723.0,4.897,False,334,False
2023-08-28,TOP-009,475,0,115,115,0,360,0,124084.8,3.704,False,334,False
2023-09-04,TOP-009,360,0,118,118,0,242,824,83412.56,2.485,False,334,True
2023-09-11,TOP-009,242,0,151,151,0,91,824,31365.88,0.932,False,334,False
2023-09-18,TOP-009,91,0,77,77,0,14,824,4825.52,0.143,False,334,False
2023-09-25,TOP-009,14,817,104,104,0,727,0,250582.36,7.42,False,334,False
2023-10-02,TOP-009,727,0,98,98,0,629,0,216803.72,6.407,False,334,False
2023-10-09,TOP-009,629,0,79,79,0,550,0,189574.0,5.591,False,334,False
2023-10-16,TOP-009,550,0,99,99,0,451,0,155450.68,4.576,False,334,False
2023-10-23,TOP-009,451,0,99,99,0,352,0,121327.36,3.564,False,334,False
2023-10-30,TOP-009,352,0,120,120,0,232,832,79965.76,2.345,False,334,True
2023-11-06,TOP-009,232,0,126,126,0,106,832,36536.08,1.069,False,334,False
2023-11-13,TOP-009,106,0,70,70,0,36,832,12408.48,0.362,False,334,False
2023-11-20,TOP-009,36,815,151,151,0,700,0,241276.0,7.032,False,334,False
2023-11-27,TOP-009,700,0,115,115,0,585,0,201637.8,5.866,False,334,False
2023-12-04,TOP-009,585,0,60,60,0,525,0,180957.0,5.254,False,334,False
2023-12-11,TOP-009,525,0,104,104,0,421,0,145110.28,4.205,False,334,False
2023-12-18,TOP-009,421,0,96,96,0,325,736,112021.0,3.24,False,334,True
2023-12-25,TOP-009,325,0,102,102,0,223,736,76863.64,2.219,False,334,False
2024-01-01,TOP-009,223,0,57,57,0,166,736,57216.88,1.648,False,334,False
2024-01-08,TOP-009,166,724,78,78,0,812,0,279880.16,8.047,False,334,False
2024-01-15,TOP-009,812,0,60,60,0,752,0,259199.36,7.438,False,334,False
2024-01-22,TOP-009,752,0,88,88,0,664,0,228867.52,6.555,False,334,False
2024-01-29,TOP-009,664,0,74,74,0,590,0,203361.2,5.814,False,334,False
2024-02-05,TOP-009,590,0,63,63,0,527,0,181646.36,5.183,False,334,False
2024-02-12,TOP-009,527,0,75,75,0,452,0,155795.36,4.437,False,334,False
2024-02-19,TOP-009,452,0,85,85,0,367,0,126497.56,3.596,False,334,False
2024-02-26,TOP-009,367,0,63,63,0,304,760,104782.72,2.973,False,334,True
2024-03-04,TOP-009,304,0,78,78,0,226,760,77897.68,2.206,False,334,False
2024-03-11,TOP-009,226,0,84,84,0,142,760,48944.56,1.383,False,334,False
2024-03-18,TOP-009,142,759,126,126,0,775,0,267127.0,7.535,False,334,False
2024-03-25,TOP-009,775,0,136,136,0,639,0,220250.52,6.201,False,334,False
2024-04-01,TOP-009,639,0,121,121,0,518,0,178544.24,5.018,False,334,False
2024-04-08,TOP-009,518,0,113,113,0,405,0,139595.4,3.916,False,334,False
2024-04-15,TOP-009,405,0,91,91,0,314,752,108229.52,3.03,False,334,True
2024-04-22,TOP-009,314,0,104,104,0,210,752,72382.8,2.023,False,334,False
2024-04-29,TOP-009,210,0,127,127,0,83,752,28608.44,0.798,False,334,False
2024-05-06,TOP-009,83,735,108,108,0,710,0,244722.8,6.813,False,334,False
2024-05-13,TOP-009,710,0,142,142,0,568,0,195778.24,5.44,False,334,False
2024-05-20,TOP-009,568,0,126,126,0,442,0,152348.56,4.226,False,334,False
2024-05-27,TOP-009,442,0,134,134,0,308,752,106161.44,2.939,False,334,True
2024-06-03,TOP-009,308,0,97,97,0,211,752,72727.48,2.01,False,334,False
2024-06-10,TOP-009,211,0,242,211,31,0,752,0.0,0.0,True,334,False
2024-06-17,TOP-009,0,743,123,123,0,620,0,213701.6,5.883,False,334,False
2024-06-24,TOP-009,620,0,117,117,0,503,0,173374.04,4.764,False,334,False
2024-07-01,TOP-009,503,0,158,158,0,345,0,118914.6,3.262,False,334,False
2024-07-08,TOP-009,345,0,129,129,0,216,848,74450.88,2.038,False,334,True
2024-07-15,TOP-009,216,0,136,136,0,80,848,27574.4,0.754,False,334,False
2024-07-22,TOP-009,80,0,208,80,128,0,848,0.0,0.0,True,334,False
2024-07-29,TOP-009,0,843,153,153,0,690,0,237829.2,6.476,False,334,False
2024-08-05,TOP-009,690,0,139,139,0,551,0,189918.68,5.162,False,334,False
2024-08-12,TOP-009,551,0,155,155,0,396,0,136493.28,3.703,False,334,False
2024-08-19,TOP-009,396,0,131,131,0,265,800,91340.2,2.474,False,334,True
2024-08-26,TOP-009,265,0,123,123,0,142,800,48944.56,1.323,False,334,False
2024-09-02,TOP-009,142,0,153,142,11,0,800,0.0,0.0,True,334,False
2024-09-09,TOP-009,0,780,184,184,0,596,0,205429.28,5.533,False,334,False
2024-09-16,TOP-009,596,0,114,114,0,482,0,166135.76,4.467,False,334,False
2024-09-23,TOP-009,482,0,125,125,0,357,0,123050.76,3.302,False,334,False
2024-09-30,TOP-009,357,0,135,135,0,222,840,76518.96,2.05,False,334,True
2024-10-07,TOP-009,222,0,119,119,0,103,840,35502.04,0.949,False,334,False
2024-10-14,TOP-009,103,0,123,103,20,0,840,0.0,0.0,True,334,False
2024-10-21,TOP-009,0,822,120,120,0,702,0,241965.36,6.447,False,334,False
2024-10-28,TOP-009,702,0,118,118,0,584,0,201293.12,5.354,False,334,False
2024-11-04,TOP-009,584,0,86,86,0,498,0,171650.64,4.557,False,334,False
2024-11-11,TOP-009,498,0,77,77,0,421,0,145110.28,3.846,False,334,False
2024-11-18,TOP-009,421,0,176,176,0,245,816,84446.6,2.234,False,334,True
2024-11-25,TOP-009,245,0,126,126,0,119,816,41016.92,1.083,False,334,False
2024-12-02,TOP-009,119,0,99,99,0,20,816,6893.6,0.182,False,334,False
2024-12-09,TOP-009,20,808,67,67,0,761,0,262301.48,6.903,False,334,False
2024-12-16,TOP-009,761,0,83,83,0,678,0,233693.04,6.139,False,334,False
2024-12-23,TOP-009,678,0,99,99,0,579,0,199569.72,5.233,False,334,False
2024-12-30,TOP-009,579,0,73,73,0,506,0,174408.08,4.565,False,334,False
2025-01-06,TOP-009,506,0,88,88,0,418,0,144076.24,3.765,False,334,False
2025-01-13,TOP-009,418,0,83,83,0,335,0,115467.8,3.012,False,334,False
2025-01-20,TOP-009,335,0,78,78,0,257,808,88582.76,2.307,False,334,True
2025-01-27,TOP-009,257,0,78,78,0,179,808,61697.72,1.604,False,334,False
2025-02-03,TOP-009,179,0,95,95,0,84,808,28953.12,0.751,False,334,False
2025-02-10,TOP-009,84,789,66,66,0,807,0,278156.76,7.205,False,334,False
2025-02-17,TOP-009,807,0,91,91,0,716,0,246790.88,6.382,False,334,False
2025-02-24,TOP-009,716,0,97,97,0,619,0,213356.92,5.508,False,334,False
2025-03-03,TOP-009,619,0,106,106,0,513,0,176820.84,4.557,False,334,False
2025-03-10,TOP-009,513,0,119,119,0,394,0,135803.92,3.493,False,334,False
2025-03-17,TOP-009,394,0,154,154,0,240,824,82723.2,2.124,False,334,True
2025-03-24,TOP-009,240,0,106,106,0,134,824,46187.12,1.184,False,334,False
2025-03-31,TOP-009,134,0,110,110,0,24,824,8272.32,0.212,False,334,False
2025-04-07,TOP-009,24,822,140,140,0,706,0,243344.08,6.217,False,334,False
2025-04-14,TOP-009,706,0,117,117,0,589,0,203016.52,5.178,False,334,False
2025-04-21,TOP-009,589,0,127,127,0,462,0,159242.16,4.054,False,334,False
2025-04-28,TOP-009,462,0,86,86,0,376,0,129599.68,3.294,False,334,False
2025-05-05,TOP-009,376,0,139,139,0,237,824,81689.16,2.073,False,334,True
2025-05-12,TOP-009,237,0,210,210,0,27,824,9306.36,0.236,False,334,False
2025-05-19,TOP-009,27,0,123,27,96,0,824,0.0,0.0,True,334,False
2025-05-26,TOP-009,0,801,77,77,0,724,0,249548.32,6.3,False,334,False
2025-06-02,TOP-009,724,0,133,133,0,591,0,203705.88,5.134,False,334,False
2025-06-09,TOP-009,591,0,156,156,0,435,0,149935.8,3.772,False,334,False
2025-06-16,TOP-009,435,0,126,126,0,309,752,106506.12,2.675,False,334,True
2025-06-23,TOP-009,309,0,144,144,0,165,752,56872.2,1.426,False,334,False
2025-06-30,TOP-009,165,0,159,159,0,6,752,2068.08,0.052,False,334,False
2025-07-07,TOP-009,6,747,152,152,0,601,0,207152.68,5.177,False,334,False
2025-07-14,TOP-009,601,0,153,153,0,448,0,154416.64,3.853,False,334,False
2025-07-21,TOP-009,448,0,185,185,0,263,800,90650.84,2.258,False,334,True
2025-07-28,TOP-009,263,0,131,131,0,132,800,45497.76,1.131,False,334,False
2025-08-04,TOP-009,132,0,89,89,0,43,800,14821.24,0.368,False,334,False
2025-08-11,TOP-009,43,0,116,43,73,0,800,0.0,0.0,True,334,False
2025-08-18,TOP-009,0,789,124,124,0,665,0,229212.2,5.671,False,334,False
2025-08-25,TOP-009,665,0,99,99,0,566,0,195088.88,4.819,False,334,False
2025-09-01,TOP-009,566,0,171,171,0,395,0,136148.6,3.357,False,334,False
2025-09-08,TOP-009,395,0,159,159,0,236,824,81344.48,2.003,False,334,True
2025-09-15,TOP-009,236,0,116,116,0,120,824,41361.6,1.017,False,334,False
2025-09-22,TOP-009,120,0,139,120,19,0,824,0.0,0.0,True,334,False
2025-09-29,TOP-009,0,809,133,133,0,676,0,233003.68,5.708,False,334,False
2025-10-06,TOP-009,676,0,96,96,0,580,0,199914.4,4.889,False,334,False
2025-10-13,TOP-009,580,0,119,119,0,461,0,158897.48,3.88,False,334,False
2025-10-20,TOP-009,461,0,116,116,0,345,0,118914.6,2.899,False,334,False
2025-10-27,TOP-009,345,0,108,108,0,237,824,81689.16,1.988,False,334,True
2025-11-03,TOP-009,237,0,128,128,0,109,824,37570.12,0.913,False,334,False
2025-11-10,TOP-009,109,0,95,95,0,14,824,4825.52,0.117,False,334,False
2025-11-17,TOP-009,14,809,157,157,0,666,0,229556.88,5.56,False,334,False
2025-11-24,TOP-009,666,0,174,174,0,492,0,169582.56,4.1,False,334,False
2025-12-01,TOP-009,492,0,85,85,0,407,0,140284.76,3.387,False,334,False
2025-12-08,TOP-009,407,0,120,120,0,287,776,98923.16,2.384,False,334,True
2025-12-15,TOP-009,287,0,131,131,0,156,776,53770.08,1.294,False,334,False
2025-12-22,TOP-009,156,0,123,123,0,33,776,11374.44,0.273,False,334,False
2025-12-29,TOP-009,33,766,93,93,0,706,0,243344.08,5.837,False,334,False
2023-01-02,TOP-010,806,0,47,47,0,759,0,185454.06,9.717,False,200,False
2023-01-09,TOP-010,759,0,74,74,0,685,0,167372.9,8.751,False,200,False
2023-01-16,TOP-010,685,0,64,64,0,621,0,151735.14,7.916,False,200,False
2023-01-23,TOP-010,621,0,61,61,0,560,0,136830.4,7.123,False,200,False
2023-01-30,TOP-010,560,0,56,56,0,504,0,123147.36,6.397,False,200,False
2023-02-06,TOP-010,504,0,65,65,0,439,0,107265.26,5.561,False,200,False
2023-02-13,TOP-010,439,0,62,62,0,377,0,92116.18,4.765,False,200,False
2023-02-20,TOP-010,377,0,63,63,0,314,0,76722.76,3.96,False,200,False
2023-02-27,TOP-010,314,0,60,60,0,254,0,62062.36,3.197,False,200,False
2023-03-06,TOP-010,254,0,100,100,0,154,672,37628.36,1.934,False,200,True
2023-03-13,TOP-010,154,0,67,67,0,87,672,21257.58,1.09,False,200,False
2023-03-20,TOP-010,87,666,86,86,0,667,0,162974.78,8.342,False,200,False
2023-03-27,TOP-010,667,0,63,63,0,604,0,147581.36,7.538,False,200,False
2023-04-03,TOP-010,604,0,87,87,0,517,0,126323.78,6.439,False,200,False
2023-04-10,TOP-010,517,0,78,78,0,439,0,107265.26,5.456,False,200,False
2023-04-17,TOP-010,439,0,95,95,0,344,0,84052.96,4.266,False,200,False
2023-04-24,TOP-010,344,0,84,84,0,260,0,63528.4,3.218,False,200,False
2023-05-01,TOP-010,260,0,100,100,0,160,672,39094.4,1.976,False,200,True
2023-05-08,TOP-010,160,0,71,71,0,89,672,21746.26,1.097,False,200,False
2023-05-15,TOP-010,89,667,117,117,0,639,0,156133.26,7.86,False,200,False
2023-05-22,TOP-010,639,0,89,89,0,550,0,134387.0,6.751,False,200,False
2023-05-29,TOP-010,550,0,80,80,0,470,0,114839.8,5.757,False,200,False
2023-06-05,TOP-010,470,0,128,128,0,342,0,83564.28,4.181,False,200,False
2023-06-12,TOP-010,342,0,159,159,0,183,648,44714.22,2.232,False,200,True
2023-06-19,TOP-010,183,0,110,110,0,73,648,17836.82,0.889,False,200,False
2023-06-26,TOP-010,73,647,98,98,0,622,0,151979.48,7.557,False,200,False
2023-07-03,TOP-010,622,0,126,126,0,496,0,121192.64,6.014,False,200,False
2023-07-10,TOP-010,496,0,94,94,0,402,0,98224.68,4.864,False,200,False
2023-07-17,TOP-010,402,0,81,81,0,321,0,78433.14,3.876,False,200,False
2023-07-24,TOP-010,321,0,131,131,0,190,640,46424.6,2.29,False,200,True
2023-07-31,TOP-010,190,0,89,89,0,101,640,24678.34,1.215,False,200,False
2023-08-07,TOP-010,101,627,121,121,0,607,0,148314.38,7.286,False,200,False
2023-08-14,TOP-010,607,0,104,104,0,503,0,122903.02,6.025,False,200,False
2023-08-21,TOP-010,503,0,106,106,0,397,0,97002.98,4.746,False,200,False
2023-08-28,TOP-010,397,0,81,81,0,316,0,77211.44,3.77,False,200,False
2023-09-04,TOP-010,316,0,125,125,0,191,640,46668.94,2.274,False,200,True
2023-09-11,TOP-010,191,0,99,99,0,92,640,22479.28,1.093,False,200,False
2023-09-18,TOP-010,92,637,80,80,0,649,0,158576.66,7.697,False,200,False
2023-09-25,TOP-010,649,0,98,98,0,551,0,134631.34,6.521,False,200,False
2023-10-02,TOP-010,551,0,95,95,0,456,0,111419.04,5.386,False,200,False
2023-10-09,TOP-010,456,0,73,73,0,383,0,93582.22,4.515,False,200,False
2023-10-16,TOP-010,383,0,70,70,0,313,0,76478.42,3.683,False,200,False
2023-10-23,TOP-010,313,0,88,88,0,225,0,54976.5,2.642,False,200,False
2023-10-30,TOP-010,225,0,85,85,0,140,688,34207.6,1.641,False,200,True
2023-11-06,TOP-010,140,0,138,138,0,2,688,488.68,0.023,False,200,False
2023-11-13,TOP-010,2,676,82,82,0,596,0,145626.64,6.957,False,200,False
2023-11-20,TOP-010,596,0,123,123,0,473,0,115572.82,5.511,False,200,False
2023-11-27,TOP-010,473,0,118,118,0,355,0,86740.7,4.128,False,200,False
2023-12-04,TOP-010,355,0,66,66,0,289,0,70614.26,3.354,False,200,False
2023-12-11,TOP-010,289,0,69,69,0,220,0,53754.8,2.548,False,200,False
2023-12-18,TOP-010,220,0,90,90,0,130,696,31764.2,1.503,False,200,True
2023-12-25,TOP-010,130,0,68,68,0,62,696,15149.08,0.715,False,200,False
2024-01-01,TOP-010,62,679,50,50,0,691,0,168838.94,7.957,False,200,False
2024-01-08,TOP-010,691,0,76,76,0,615,0,150269.1,7.068,False,200,False
2024-01-15,TOP-010,615,0,85,85,0,530,0,129500.2,6.079,False,200,False
2024-01-22,TOP-010,530,0,56,56,0,474,0,115817.16,5.427,False,200,False
2024-01-29,TOP-010,474,0,53,53,0,421,0,102867.14,4.811,False,200,False
2024-02-05,TOP-010,421,0,62,62,0,359,0,87718.06,4.094,False,200,False
2024-02-12,TOP-010,359,0,50,50,0,309,0,75501.06,3.517,False,200,False
2024-02-19,TOP-010,309,0,77,77,0,232,0,56686.88,2.636,False,200,False
2024-02-26,TOP-010,232,0,65,65,0,167,664,40804.78,1.894,False,200,True
2024-03-04,TOP-010,167,0,98,98,0,69,664,16859.46,0.781,False,200,False
2024-03-11,TOP-010,69,664,55,55,0,678,0,165662.52,7.659,False,200,False
2024-03-18,TOP-010,678,0,110,110,0,568,0,138785.12,6.404,False,200,False
2024-03-25,TOP-010,568,0,73,73,0,495,0,120948.3,5.571,False,200,False
2024-04-01,TOP-010,495,0,62,62,0,433,0,105799.22,4.864,False,200,False
2024-04-08,TOP-010,433,0,114,114,0,319,0,77944.46,3.576,False,200,False
2024-04-15,TOP-010,319,0,107,107,0,212,0,51800.08,2.372,False,200,False
2024-04-22,TOP-010,212,0,82,82,0,130,696,31764.2,1.452,False,200,True
2024-04-29,TOP-010,130,0,80,80,0,50,696,12217.0,0.557,False,200,False
2024-05-06,TOP-010,50,687,128,128,0,609,0,148803.06,6.777,False,200,False
2024-05-13,TOP-010,609,0,89,89,0,520,0,127056.8,5.776,False,200,False
2024-05-20,TOP-010,520,0,86,86,0,434,0,106043.56,4.811,False,200,False
2024-05-27,TOP-010,434,0,88,88,0,346,0,84541.64,3.829,False,200,False
2024-06-03,TOP-010,346,0,99,99,0,247,0,60351.98,2.728,False,200,False
2024-06-10,TOP-010,247,0,180,180,0,67,760,16370.78,0.739,False,200,True
2024-06-17,TOP-010,67,0,96,67,29,0,760,0.0,0.0,True,200,False
2024-06-24,TOP-010,0,752,121,121,0,631,0,154178.54,6.931,False,200,False
2024-07-01,TOP-010,631,0,175,175,0,456,0,111419.04,5.0,False,200,False
2024-07-08,TOP-010,456,0,113,113,0,343,0,83808.62,3.754,False,200,False
2024-07-15,TOP-010,343,0,124,124,0,219,0,53510.46,2.392,False,200,False
2024-07-22,TOP-010,219,0,158,158,0,61,768,14904.74,0.665,False,200,True
2024-07-29,TOP-010,61,0,93,61,32,0,768,0.0,0.0,True,200,False
2024-08-05,TOP-010,0,747,107,107,0,640,0,156377.6,6.953,False,200,False
2024-08-12,TOP-010,640,0,116,116,0,524,0,128034.16,5.682,False,200,False
2024-08-19,TOP-010,524,0,119,119,0,405,0,98957.7,4.384,False,200,False
2024-08-26,TOP-010,405,0,105,105,0,300,0,73302.0,3.241,False,200,False
2024-09-02,TOP-010,300,0,109,109,0,191,640,46668.94,2.06,False,200,True
2024-09-09,TOP-010,191,0,118,118,0,73,640,17836.82,0.786,False,200,False
2024-09-16,TOP-010,73,636,90,90,0,619,0,151246.46,6.652,False,200,False
2024-09-23,TOP-010,619,0,99,99,0,520,0,127056.8,5.578,False,200,False
2024-09-30,TOP-010,520,0,90,90,0,430,0,105066.2,4.604,False,200,False
2024-10-07,TOP-010,430,0,85,85,0,345,0,84297.3,3.687,False,200,False
2024-10-14,TOP-010,345,0,94,94,0,251,0,61329.34,2.678,False,200,False
2024-10-21,TOP-010,251,0,60,60,0,191,640,46668.94,2.034,False,200,True
2024-10-28,TOP-010,191,0,74,74,0,117,640,28587.78,1.244,False,200,False
2024-11-04,TOP-010,117,635,93,93,0,659,0,161020.06,6.993,False,200,False
2024-11-11,TOP-010,659,0,85,85,0,574,0,140251.16,6.081,False,200,False
2024-11-18,TOP-010,574,0,149,149,0,425,0,103844.5,4.494,False,200,False
2024-11-25,TOP-010,425,0,111,111,0,314,0,76722.76,3.314,False,200,False
2024-12-02,TOP-010,314,0,48,48,0,266,0,64994.44,2.803,False,200,False
2024-12-09,TOP-010,266,0,87,87,0,179,648,43736.86,1.883,False,200,True
2024-12-16,TOP-010,179,0,86,86,0,93,648,22723.62,0.976,False,200,False
2024-12-23,TOP-010,93,631,98,98,0,626,0,152956.84,6.561,False,200,False
2024-12-30,TOP-010,626,0,60,60,0,566,0,138296.44,5.922,False,200,False
2025-01-06,TOP-010,566,0,78,78,0,488,0,119237.92,5.097,False,200,False
2025-01-13,TOP-010,488,0,62,62,0,426,0,104088.84,4.442,False,200,False
2025-01-20,TOP-010,426,0,79,79,0,347,0,84785.98,3.612,False,200,False
2025-01-27,TOP-010,347,0,80,80,0,267,0,65238.78,2.774,False,200,False
2025-02-03,TOP-010,267,0,46,46,0,221,0,53999.14,2.292,False,200,False
2025-02-10,TOP-010,221,0,63,63,0,158,672,38605.72,1.636,False,200,True
2025-02-17,TOP-010,158,0,69,69,0,89,672,21746.26,0.92,False,200,False
2025-02-24,TOP-010,89,656,66,66,0,679,0,165906.86,7.006,False,200,False
2025-03-03,TOP-010,679,0,112,112,0,567,0,138540.78,5.84,False,200,False
2025-03-10,TOP-010,567,0,62,62,0,505,0,123391.7,5.193,False,200,False
2025-03-17,TOP-010,505,0,97,97,0,408,0,99690.72,4.188,False,200,False
2025-03-24,TOP-010,408,0,69,69,0,339,0,82831.26,3.474,False,200,False
2025-03-31,TOP-010,339,0,115,115,0,224,0,54732.16,2.291,False,200,False
2025-04-07,TOP-010,224,0,83,83,0,141,688,34451.94,1.44,False,200,True
2025-04-14,TOP-010,141,0,119,119,0,22,688,5375.48,0.224,False,200,False
2025-04-21,TOP-010,22,675,133,133,0,564,0,137807.76,5.74,False,200,False
2025-04-28,TOP-010,564,0,139,139,0,425,0,103844.5,4.318,False,200,False
2025-05-05,TOP-010,425,0,109,109,0,316,0,77211.44,3.205,False,200,False
2025-05-12,TOP-010,316,0,133,133,0,183,648,44714.22,1.853,False,200,True
2025-05-19,TOP-010,183,0,90,90,0,93,648,22723.62,0.94,False,200,False
2025-05-26,TOP-010,93,630,168,168,0,555,0,135608.7,5.6,False,200,False
2025-06-02,TOP-010,555,0,106,106,0,449,0,109708.66,4.523,False,200,False
2025-06-09,TOP-010,449,0,168,168,0,281,0,68659.54,2.826,False,200,False
2025-06-16,TOP-010,281,0,154,154,0,127,704,31031.18,1.275,False,200,True
2025-06-23,TOP-010,127,0,110,110,0,17,704,4153.78,0.17,False,200,False
2025-06-30,TOP-010,17,695,119,119,0,593,0,144893.62,5.933,False,200,False
2025-07-07,TOP-010,593,0,147,147,0,446,0,108975.64,4.455,False,200,False
2025-07-14,TOP-010,446,0,128,128,0,318,0,77700.12,3.171,False,200,False
2025-07-21,TOP-010,318,0,261,261,0,57,768,13927.38,0.567,False,200,True
2025-07-28,TOP-010,57,0,112,57,55,0,768,0.0,0.0,True,200,False
2025-08-04,TOP-010,0,757,111,111,0,646,0,157843.64,6.41,False,200,False
2025-08-11,TOP-010,646,0,125,125,0,521,0,127301.14,5.161,False,200,False
2025-08-18,TOP-010,521,0,88,88,0,433,0,105799.22,4.282,False,200,False
2025-08-25,TOP-010,433,0,87,87,0,346,0,84541.64,3.416,False,200,False
2025-09-01,TOP-010,346,0,104,104,0,242,0,59130.28,2.385,False,200,False
2025-09-08,TOP-010,242,0,130,130,0,112,720,27366.08,1.102,False,200,True
2025-09-15,TOP-010,112,0,107,107,0,5,720,1221.7,0.049,False,200,False
2025-09-22,TOP-010,5,714,132,132,0,587,0,143427.58,5.757,False,200,False
2025-09-29,TOP-010,587,0,77,77,0,510,0,124613.4,4.994,False,200,False
2025-10-06,TOP-010,510,0,94,94,0,416,0,101645.44,4.067,False,200,False
2025-10-13,TOP-010,416,0,69,69,0,347,0,84785.98,3.387,False,200,False
2025-10-20,TOP-010,347,0,90,90,0,257,0,62795.38,2.504,False,200,False
2025-10-27,TOP-010,257,0,96,96,0,161,664,39338.74,1.566,False,200,True
2025-11-03,TOP-010,161,0,114,114,0,47,664,11483.98,0.456,False,200,False
2025-11-10,TOP-010,47,663,67,67,0,643,0,157110.62,6.235,False,200,False
2025-11-17,TOP-010,643,0,153,153,0,490,0,119726.6,4.743,False,200,False
2025-11-24,TOP-010,490,0,132,132,0,358,0,87473.72,3.46,False,200,False
2025-12-01,TOP-010,358,0,62,62,0,296,0,72324.64,2.856,False,200,False
2025-12-08,TOP-010,296,0,122,122,0,174,656,42515.16,1.676,False,200,True
2025-12-15,TOP-010,174,0,116,116,0,58,656,14171.72,0.558,False,200,False
2025-12-22,TOP-010,58,640,92,92,0,606,0,148070.04,5.819,False,200,False
2025-12-29,TOP-010,606,0,69,69,0,537,0,131210.58,5.148,False,200,False
2023-01-02,BOT-001,678,0,54,54,0,624,0,512291.52,11.029,False,79,False
2023-01-09,BOT-001,624,0,87,87,0,537,0,440866.26,9.471,False,79,False
2023-01-16,BOT-001,537,0,76,76,0,461,0,378471.78,8.113,False,79,False
2023-01-23,BOT-001,461,0,58,58,0,403,0,330854.94,7.077,False,79,False
2023-01-30,BOT-001,403,0,43,43,0,360,0,295552.8,6.308,False,79,False
2023-02-06,BOT-001,360,0,66,66,0,294,0,241368.12,5.141,False,79,False
2023-02-13,BOT-001,294,0,68,68,0,226,0,185541.48,3.943,False,79,False
2023-02-20,BOT-001,226,0,52,52,0,174,0,142850.52,3.03,False,79,False
2023-02-27,BOT-001,174,0,60,60,0,114,0,93591.72,1.981,False,79,False
2023-03-06,BOT-001,114,0,77,77,0,37,504,30376.26,0.642,False,79,True
2023-03-13,BOT-001,37,491,67,67,0,461,0,378471.78,7.976,False,79,False
2023-03-20,BOT-001,461,0,70,70,0,391,0,321003.18,6.751,False,79,False
2023-03-27,BOT-001,391,0,41,41,0,350,0,287343.0,6.03,False,79,False
2023-04-03,BOT-001,350,0,78,78,0,272,0,223306.56,4.677,False,79,False
2023-04-10,BOT-001,272,0,78,78,0,194,0,159270.12,3.329,False,79,False
2023-04-17,BOT-001,194,0,61,61,0,133,0,109190.34,2.277,False,79,False
2023-04-24,BOT-001,133,0,53,53,0,80,0,65678.4,1.367,False,79,False
2023-05-01,BOT-001,80,0,58,58,0,22,516,18061.56,0.375,False,79,True
2023-05-08,BOT-001,22,503,69,69,0,456,0,374366.88,7.759,False,79,False
2023-05-15,BOT-001,456,0,51,51,0,405,0,332496.9,6.877,False,79,False
2023-05-22,BOT-001,405,0,67,67,0,338,0,277491.24,5.728,False,79,False
2023-05-29,BOT-001,338,0,64,64,0,274,0,224948.52,4.633,False,79,False
2023-06-05,BOT-001,274,0,71,71,0,203,0,166658.94,3.426,False,79,False
2023-06-12,BOT-001,203,0,75,75,0,128,0,105085.44,2.156,False,79,False
2023-06-19,BOT-001,128,0,73,73,0,55,480,45153.9,0.924,False,79,True
2023-06-26,BOT-001,55,470,77,77,0,448,0,367799.04,7.514,False,79,False
2023-07-03,BOT-001,448,0,82,82,0,366,0,300478.68,6.126,False,79,False
2023-07-10,BOT-001,366,0,86,86,0,280,0,229874.4,4.677,False,79,False
2023-07-17,BOT-001,280,0,56,56,0,224,0,183899.52,3.734,False,79,False
2023-07-24,BOT-001,224,0,55,55,0,169,0,138745.62,2.812,False,79,False
2023-07-31,BOT-001,169,0,50,50,0,119,0,97696.62,1.976,False,79,False
2023-08-07,BOT-001,119,0,47,47,0,72,468,59110.56,1.193,False,79,True
2023-08-14,BOT-001,72,0,73,72,1,0,468,0.0,0.0,True,79,False
2023-08-21,BOT-001,0,0,47,0,47,0,468,0.0,0.0,True,79,False
2023-08-28,BOT-001,0,0,37,0,37,0,468,0.0,0.0,True,79,False
2023-09-04,BOT-001,0,0,77,0,77,0,468,0.0,0.0,True,79,False
2023-09-11,BOT-001,0,0,78,0,78,0,468,0.0,0.0,True,79,False
2023-09-18,BOT-001,0,0,51,0,51,0,468,0.0,0.0,True,79,False
2023-09-25,BOT-001,0,0,69,0,69,0,468,0.0,0.0,True,79,False
2023-10-02,BOT-001,0,0,47,0,47,0,468,0.0,0.0,True,79,False
2023-10-09,BOT-001,0,0,57,0,57,0,468,0.0,0.0,True,79,False
2023-10-16,BOT-001,0,0,63,0,63,0,468,0.0,0.0,True,79,False
2023-10-23,BOT-001,0,0,56,0,56,0,468,0.0,0.0,True,79,False
2023-10-30,BOT-001,0,0,66,0,66,0,468,0.0,0.0,True,79,False
2023-11-06,BOT-001,0,0,91,0,91,0,468,0.0,0.0,True,79,False
2023-11-13,BOT-001,0,0,53,0,53,0,468,0.0,0.0,True,79,False
2023-11-20,BOT-001,0,0,153,0,153,0,468,0.0,0.0,True,79,False
2023-11-27,BOT-001,0,0,138,0,138,0,468,0.0,0.0,True,79,False
2023-12-04,BOT-001,0,0,59,0,59,0,468,0.0,0.0,True,79,False
2023-12-11,BOT-001,0,0,82,0,82,0,468,0.0,0.0,True,79,False
2023-12-18,BOT-001,0,0,82,0,82,0,468,0.0,0.0,True,79,False
2023-12-25,BOT-001,0,0,61,0,61,0,468,0.0,0.0,True,79,False
2024-01-01,BOT-001,0,0,75,0,75,0,468,0.0,0.0,True,79,False
2024-01-08,BOT-001,0,0,108,0,108,0,468,0.0,0.0,True,79,False
2024-01-15,BOT-001,0,0,71,0,71,0,468,0.0,0.0,True,79,False
2024-01-22,BOT-001,0,0,68,0,68,0,468,0.0,0.0,True,79,False
2024-01-29,BOT-001,0,0,68,0,68,0,468,0.0,0.0,True,79,False
2024-02-05,BOT-001,0,0,41,0,41,0,468,0.0,0.0,True,79,False
2024-02-12,BOT-001,0,0,60,0,60,0,468,0.0,0.0,True,79,False
2024-02-19,BOT-001,0,0,62,0,62,0,468,0.0,0.0,True,79,False
2024-02-26,BOT-001,0,0,59,0,59,0,468,0.0,0.0,True,79,False
2024-03-04,BOT-001,0,0,83,0,83,0,468,0.0,0.0,True,79,False
2024-03-11,BOT-001,0,0,40,0,40,0,468,0.0,0.0,True,79,False
2024-03-18,BOT-001,0,0,65,0,65,0,468,0.0,0.0,True,79,False
2024-03-25,BOT-001,0,0,68,0,68,0,468,0.0,0.0,True,79,False
2024-04-01,BOT-001,0,0,83,0,83,0,468,0.0,0.0,True,79,False
2024-04-08,BOT-001,0,0,63,0,63,0,468,0.0,0.0,True,79,False
2024-04-15,BOT-001,0,0,56,0,56,0,468,0.0,0.0,True,79,False
2024-04-22,BOT-001,0,0,77,0,77,0,468,0.0,0.0,True,79,False
2024-04-29,BOT-001,0,0,61,0,61,0,468,0.0,0.0,True,79,False
2024-05-06,BOT-001,0,0,50,0,50,0,468,0.0,0.0,True,79,False
2024-05-13,BOT-001,0,0,64,0,64,0,468,0.0,0.0,True,79,False
2024-05-20,BOT-001,0,0,86,0,86,0,468,0.0,0.0,True,79,False
2024-05-27,BOT-001,0,0,67,0,67,0,468,0.0,0.0,True,79,False
2024-06-03,BOT-001,0,0,86,0,86,0,468,0.0,0.0,True,79,False
2024-06-10,BOT-001,0,0,100,0,100,0,468,0.0,0.0,True,79,False
2024-06-17,BOT-001,0,0,74,0,74,0,468,0.0,0.0,True,79,False
2024-06-24,BOT-001,0,0,72,0,72,0,468,0.0,0.0,True,79,False
2024-07-01,BOT-001,0,0,88,0,88,0,468,0.0,0.0,True,79,False
2024-07-08,BOT-001,0,0,72,0,72,0,468,0.0,0.0,True,79,False
2024-07-15,BOT-001,0,0,58,0,58,0,468,0.0,0.0,True,79,False
2024-07-22,BOT-001,0,0,102,0,102,0,468,0.0,0.0,True,79,False
2024-07-29,BOT-001,0,0,81,0,81,0,468,0.0,0.0,True,79,False
2024-08-05,BOT-001,0,0,67,0,67,0,468,0.0,0.0,True,79,False
2024-08-12,BOT-001,0,0,62,0,62,0,468,0.0,0.0,True,79,False
2024-08-19,BOT-001,0,0,49,0,49,0,468,0.0,0.0,True,79,False
2024-08-26,BOT-001,0,0,61,0,61,0,468,0.0,0.0,True,79,False
2024-09-02,BOT-001,0,0,82,0,82,0,468,0.0,0.0,True,79,False
2024-09-09,BOT-001,0,0,84,0,84,0,468,0.0,0.0,True,79,False
2024-09-16,BOT-001,0,0,57,0,57,0,468,0.0,0.0,True,79,False
2024-09-23,BOT-001,0,0,65,0,65,0,468,0.0,0.0,True,79,False
2024-09-30,BOT-001,0,0,70,0,70,0,468,0.0,0.0,True,79,False
2024-10-07,BOT-001,0,0,63,0,63,0,468,0.0,0.0,True,79,False
2024-10-14,BOT-001,0,0,48,0,48,0,468,0.0,0.0,True,79,False
2024-10-21,BOT-001,0,0,61,0,61,0,468,0.0,0.0,True,79,False
2024-10-28,BOT-001,0,0,60,0,60,0,468,0.0,0.0,True,79,False
2024-11-04,BOT-001,0,0,62,0,62,0,468,0.0,0.0,True,79,False
2024-11-11,BOT-001,0,0,77,0,77,0,468,0.0,0.0,True,79,False
2024-11-18,BOT-001,0,0,132,0,132,0,468,0.0,0.0,True,79,False
2024-11-25,BOT-001,0,0,161,0,161,0,468,0.0,0.0,True,79,False
2024-12-02,BOT-001,0,0,71,0,71,0,468,0.0,0.0,True,79,False
2024-12-09,BOT-001,0,0,77,0,77,0,468,0.0,0.0,True,79,False
2024-12-16,BOT-001,0,0,87,0,87,0,468,0.0,0.0,True,79,False
2024-12-23,BOT-001,0,0,67,0,67,0,468,0.0,0.0,True,79,False
2024-12-30,BOT-001,0,0,47,0,47,0,468,0.0,0.0,True,79,False
2025-01-06,BOT-001,0,0,95,0,95,0,468,0.0,0.0,True,79,False
2025-01-13,BOT-001,0,0,80,0,80,0,468,0.0,0.0,True,79,False
2025-01-20,BOT-001,0,0,73,0,73,0,468,0.0,0.0,True,79,False
2025-01-27,BOT-001,0,0,63,0,63,0,468,0.0,0.0,True,79,False
2025-02-03,BOT-001,0,0,66,0,66,0,468,0.0,0.0,True,79,False
2025-02-10,BOT-001,0,0,77,0,77,0,468,0.0,0.0,True,79,False
2025-02-17,BOT-001,0,0,87,0,87,0,468,0.0,0.0,True,79,False
2025-02-24,BOT-001,0,0,74,0,74,0,468,0.0,0.0,True,79,False
2025-03-03,BOT-001,0,0,87,0,87,0,468,0.0,0.0,True,79,False
2025-03-10,BOT-001,0,0,79,0,79,0,468,0.0,0.0,True,79,False
2025-03-17,BOT-001,0,0,88,0,88,0,468,0.0,0.0,True,79,False
2025-03-24,BOT-001,0,0,68,0,68,0,468,0.0,0.0,True,79,False
2025-03-31,BOT-001,0,0,94,0,94,0,468,0.0,0.0,True,79,False
2025-04-07,BOT-001,0,0,58,0,58,0,468,0.0,0.0,True,79,False
2025-04-14,BOT-001,0,0,72,0,72,0,468,0.0,0.0,True,79,False
2025-04-21,BOT-001,0,0,72,0,72,0,468,0.0,0.0,True,79,False
2025-04-28,BOT-001,0,0,74,0,74,0,468,0.0,0.0,True,79,False
2025-05-05,BOT-001,0,0,88,0,88,0,468,0.0,0.0,True,79,False
2025-05-12,BOT-001,0,0,60,0,60,0,468,0.0,0.0,True,79,False
2025-05-19,BOT-001,0,0,56,0,56,0,468,0.0,0.0,True,79,False
2025-05-26,BOT-001,0,0,76,0,76,0,468,0.0,0.0,True,79,False
2025-06-02,BOT-001,0,0,66,0,66,0,468,0.0,0.0,True,79,False
2025-06-09,BOT-001,0,0,94,0,94,0,468,0.0,0.0,True,79,False
2025-06-16,BOT-001,0,0,72,0,72,0,468,0.0,0.0,True,79,False
2025-06-23,BOT-001,0,0,53,0,53,0,468,0.0,0.0,True,79,False
2025-06-30,BOT-001,0,0,86,0,86,0,468,0.0,0.0,True,79,False
2025-07-07,BOT-001,0,0,72,0,72,0,468,0.0,0.0,True,79,False
2025-07-14,BOT-001,0,0,55,0,55,0,468,0.0,0.0,True,79,False
2025-07-21,BOT-001,0,0,70,0,70,0,468,0.0,0.0,True,79,False
2025-07-28,BOT-001,0,0,69,0,69,0,468,0.0,0.0,True,79,False
2025-08-04,BOT-001,0,0,57,0,57,0,468,0.0,0.0,True,79,False
2025-08-11,BOT-001,0,0,94,0,94,0,468,0.0,0.0,True,79,False
2025-08-18,BOT-001,0,0,66,0,66,0,468,0.0,0.0,True,79,False
2025-08-25,BOT-001,0,0,95,0,95,0,468,0.0,0.0,True,79,False
2025-09-01,BOT-001,0,0,60,0,60,0,468,0.0,0.0,True,79,False
2025-09-08,BOT-001,0,0,71,0,71,0,468,0.0,0.0,True,79,False
2025-09-15,BOT-001,0,0,68,0,68,0,468,0.0,0.0,True,79,False
2025-09-22,BOT-001,0,0,88,0,88,0,468,0.0,0.0,True,79,False
2025-09-29,BOT-001,0,0,53,0,53,0,468,0.0,0.0,True,79,False
2025-10-06,BOT-001,0,0,71,0,71,0,468,0.0,0.0,True,79,False
2025-10-13,BOT-001,0,0,73,0,73,0,468,0.0,0.0,True,79,False
2025-10-20,BOT-001,0,0,54,0,54,0,468,0.0,0.0,True,79,False
2025-10-27,BOT-001,0,0,80,0,80,0,468,0.0,0.0,True,79,False
2025-11-03,BOT-001,0,0,106,0,106,0,468,0.0,0.0,True,79,False
2025-11-10,BOT-001,0,0,65,0,65,0,468,0.0,0.0,True,79,False
2025-11-17,BOT-001,0,0,120,0,120,0,468,0.0,0.0,True,79,False
2025-11-24,BOT-001,0,0,142,0,142,0,468,0.0,0.0,True,79,False
2025-12-01,BOT-001,0,0,76,0,76,0,468,0.0,0.0,True,79,False
2025-12-08,BOT-001,0,0,89,0,89,0,468,0.0,0.0,True,79,False
2025-12-15,BOT-001,0,0,99,0,99,0,468,0.0,0.0,True,79,False
2025-12-22,BOT-001,0,0,89,0,89,0,468,0.0,0.0,True,79,False
2025-12-29,BOT-001,0,0,66,0,66,0,468,0.0,0.0,True,79,False
2023-01-02,BOT-002,696,0,57,57,0,639,0,318714.03,10.842,False,347,False
2023-01-09,BOT-002,639,0,84,84,0,555,0,276817.35,9.396,False,347,False
2023-01-16,BOT-002,555,0,69,69,0,486,0,242402.22,8.21,False,347,False
2023-01-23,BOT-002,486,0,72,72,0,414,0,206490.78,6.979,False,347,False
2023-01-30,BOT-002,414,0,74,74,0,340,480,169581.8,5.719,False,347,True
2023-02-06,BOT-002,340,0,71,71,0,269,480,134169.13,4.515,False,347,False
2023-02-13,BOT-002,269,0,80,80,0,189,480,94267.53,3.166,False,347,False
2023-02-20,BOT-002,189,0,48,48,0,141,480,70326.57,2.357,False,347,False
2023-02-27,BOT-002,141,0,48,48,0,93,480,46385.61,1.551,False,347,False
2023-03-06,BOT-002,93,475,78,78,0,490,0,244397.3,8.156,False,347,False
2023-03-13,BOT-002,490,0,67,67,0,423,0,210979.71,7.026,False,347,False
2023-03-20,BOT-002,423,0,84,84,0,339,480,169083.03,5.619,False,347,True
2023-03-27,BOT-002,339,0,77,77,0,262,480,130677.74,4.333,False,347,False
2023-04-03,BOT-002,262,0,65,65,0,197,480,98257.69,3.252,False,347,False
2023-04-10,BOT-002,197,0,71,71,0,126,480,62845.02,2.075,False,347,False
2023-04-17,BOT-002,126,0,65,65,0,61,480,30424.97,1.003,False,347,False
2023-04-24,BOT-002,61,0,74,61,13,0,480,0.0,0.0,True,347,False
2023-05-01,BOT-002,0,479,79,79,0,400,0,199508.0,6.547,False,347,False
2023-05-08,BOT-002,400,0,68,68,0,332,488,165591.64,5.423,False,347,True
2023-05-15,BOT-002,332,0,73,73,0,259,488,129181.43,4.222,False,347,False
2023-05-22,BOT-002,259,0,62,62,0,197,488,98257.69,3.205,False,347,False
2023-05-29,BOT-002,197,0,61,61,0,136,488,67832.72,2.208,False,347,False
2023-06-05,BOT-002,136,0,93,93,0,43,488,21447.11,0.697,False,347,False
2023-06-12,BOT-002,43,488,91,91,0,440,0,219458.8,7.113,False,347,False
2023-06-19,BOT-002,440,0,67,67,0,373,0,186041.21,6.018,False,347,False
2023-06-26,BOT-002,373,0,50,50,0,323,496,161102.71,5.201,False,347,True
2023-07-03,BOT-002,323,0,45,45,0,278,496,138658.06,4.467,False,347,False
2023-07-10,BOT-002,278,0,44,44,0,234,496,116712.18,3.752,False,347,False
2023-07-17,BOT-002,234,0,73,73,0,161,496,80301.97,2.576,False,347,False
2023-07-24,BOT-002,161,0,91,91,0,70,496,34913.9,1.118,False,347,False
2023-07-31,BOT-002,70,495,49,49,0,516,0,257365.32,8.224,False,347,False
2023-08-07,BOT-002,516,0,76,76,0,440,0,219458.8,6.999,False,347,False
2023-08-14,BOT-002,440,0,55,55,0,385,0,192026.45,6.112,False,347,False
2023-08-21,BOT-002,385,0,58,58,0,327,492,163097.79,5.18,False,347,True
2023-08-28,BOT-002,327,0,48,48,0,279,492,139156.83,4.411,False,347,False
2023-09-04,BOT-002,279,0,68,68,0,211,492,105240.47,3.329,False,347,False
2023-09-11,BOT-002,211,0,67,67,0,144,492,71822.88,2.268,False,347,False
2023-09-18,BOT-002,144,0,71,71,0,73,492,36410.21,1.147,False,347,False
2023-09-25,BOT-002,73,492,72,72,0,493,0,245893.61,7.733,False,347,False
2023-10-02,BOT-002,493,0,56,56,0,437,0,217962.49,6.841,False,347,False
2023-10-09,BOT-002,437,0,47,47,0,390,0,194520.3,6.093,False,347,False
2023-10-16,BOT-002,390,0,69,69,0,321,500,160105.17,5.005,False,347,True
2023-10-23,BOT-002,321,0,66,66,0,255,500,127186.35,3.968,False,347,False
2023-10-30,BOT-002,255,0,67,67,0,188,500,93768.76,2.92,False,347,False
2023-11-06,BOT-002,188,0,68,68,0,120,500,59852.4,1.86,False,347,False
2023-11-13,BOT-002,120,0,69,69,0,51,500,25437.27,0.789,False,347,False
2023-11-20,BOT-002,51,490,129,129,0,412,0,205493.24,6.361,False,347,False
2023-11-27,BOT-002,412,0,94,94,0,318,504,158608.86,4.9,False,347,True
2023-12-04,BOT-002,318,0,47,47,0,271,504,135166.67,4.168,False,347,False
2023-12-11,BOT-002,271,0,62,62,0,209,504,104242.93,3.208,False,347,False
2023-12-18,BOT-002,209,0,68,68,0,141,504,70326.57,2.16,False,347,False
2023-12-25,BOT-002,141,0,66,66,0,75,504,37407.75,1.147,False,347,False
2024-01-01,BOT-002,75,499,72,72,0,502,0,250382.54,7.661,False,347,False
2024-01-08,BOT-002,502,0,88,88,0,414,0,206490.78,6.306,False,347,False
2024-01-15,BOT-002,414,0,85,85,0,329,492,164095.33,5.001,False,347,True
2024-01-22,BOT-002,329,0,48,48,0,281,492,140154.37,4.263,False,347,False
2024-01-29,BOT-002,281,0,61,61,0,220,492,109729.4,3.331,False,347,False
2024-02-05,BOT-002,220,0,63,63,0,157,492,78306.89,2.373,False,347,False
2024-02-12,BOT-002,157,0,62,62,0,95,492,47383.15,1.433,False,347,False
2024-02-19,BOT-002,95,479,54,54,0,520,0,259360.4,7.829,False,347,False
2024-02-26,BOT-002,520,0,61,61,0,459,0,228935.43,6.898,False,347,False
2024-03-04,BOT-002,459,0,61,61,0,398,0,198510.46,5.97,False,347,False
2024-03-11,BOT-002,398,0,65,65,0,333,488,166090.41,4.985,False,347,True
2024-03-18,BOT-002,333,0,87,87,0,246,488,122697.42,3.676,False,347,False
2024-03-25,BOT-002,246,0,61,61,0,185,488,92272.45,2.759,False,347,False
2024-04-01,BOT-002,185,0,79,79,0,106,488,52869.62,1.578,False,347,False
2024-04-08,BOT-002,106,0,79,79,0,27,488,13466.79,0.401,False,347,False
2024-04-15,BOT-002,27,485,81,81,0,431,0,214969.87,6.392,False,347,False
2024-04-22,BOT-002,431,0,60,60,0,371,0,185043.67,5.492,False,347,False
2024-04-29,BOT-002,371,0,92,92,0,279,540,139156.83,4.122,False,347,True
2024-05-06,BOT-002,279,0,84,84,0,195,540,97260.15,2.876,False,347,False
2024-05-13,BOT-002,195,0,77,77,0,118,540,58854.86,1.737,False,347,False
2024-05-20,BOT-002,118,0,75,75,0,43,540,21447.11,0.632,False,347,False
2024-05-27,BOT-002,43,0,61,43,18,0,540,0.0,0.0,True,347,False
2024-06-03,BOT-002,0,539,107,107,0,432,0,215468.64,6.323,False,347,False
2024-06-10,BOT-002,432,0,84,84,0,348,0,173571.96,5.084,False,347,False
2024-06-17,BOT-002,348,0,79,79,0,269,552,134169.13,3.923,False,347,True
2024-06-24,BOT-002,269,0,76,76,0,193,552,96262.61,2.809,False,347,False
2024-07-01,BOT-002,193,0,79,79,0,114,552,56859.78,1.656,False,347,False
2024-07-08,BOT-002,114,0,53,53,0,61,552,30424.97,0.885,False,347,False
2024-07-15,BOT-002,61,0,77,61,16,0,552,0.0,0.0,True,347,False
2024-07-22,BOT-002,0,546,84,84,0,462,0,230431.74,6.676,False,347,False
2024-07-29,BOT-002,462,0,86,86,0,376,0,187537.52,5.423,False,347,False
2024-08-05,BOT-002,376,0,57,57,0,319,500,159107.63,4.593,False,347,True
2024-08-12,BOT-002,319,0,58,58,0,261,500,130178.97,3.751,False,347,False
2024-08-19,BOT-002,261,0,54,54,0,207,500,103245.39,2.969,False,347,False
2024-08-26,BOT-002,207,0,70,70,0,137,500,68331.49,1.962,False,347,False
2024-09-02,BOT-002,137,0,76,76,0,61,500,30424.97,0.872,False,347,False
2024-09-09,BOT-002,61,492,71,71,0,482,0,240407.14,6.877,False,347,False
2024-09-16,BOT-002,482,0,69,69,0,413,0,205992.01,5.882,False,347,False
2024-09-23,BOT-002,413,0,69,69,0,344,476,171576.88,4.89,False,347,True
2024-09-30,BOT-002,344,0,66,66,0,278,476,138658.06,3.945,False,347,False
2024-10-07,BOT-002,278,0,72,72,0,206,476,102746.62,2.918,False,347,False
2024-10-14,BOT-002,206,0,67,67,0,139,476,69329.03,1.965,False,347,False
2024-10-21,BOT-002,139,0,77,77,0,62,476,30923.74,0.875,False,347,False
2024-10-28,BOT-002,62,467,44,44,0,485,0,241903.45,6.833,False,347,False
2024-11-04,BOT-002,485,0,90,90,0,395,0,197014.15,5.555,False,347,False
2024-11-11,BOT-002,395,0,62,62,0,333,488,166090.41,4.675,False,347,True
2024-11-18,BOT-002,333,0,126,126,0,207,488,103245.39,2.901,False,347,False
2024-11-25,BOT-002,207,0,113,113,0,94,488,46884.38,1.315,False,347,False
2024-12-02,BOT-002,94,0,67,67,0,27,488,13466.79,0.377,False,347,False
2024-12-09,BOT-002,27,0,88,27,61,0,488,0.0,0.0,True,347,False
2024-12-16,BOT-002,0,485,99,99,0,386,0,192525.22,5.371,False,347,False
2024-12-23,BOT-002,386,0,72,72,0,314,508,156613.78,4.362,False,347,True
2024-12-30,BOT-002,314,0,78,78,0,236,508,117709.72,3.272,False,347,False
2025-01-06,BOT-002,236,0,77,77,0,159,508,79304.43,2.201,False,347,False
2025-01-13,BOT-002,159,0,103,103,0,56,508,27931.12,0.774,False,347,False
2025-01-20,BOT-002,56,0,74,56,18,0,508,0.0,0.0,True,347,False
2025-01-27,BOT-002,0,496,96,96,0,400,0,199508.0,5.508,False,347,False
2025-02-03,BOT-002,400,0,76,76,0,324,496,161601.48,4.453,False,347,True
2025-02-10,BOT-002,324,0,92,92,0,232,496,115714.64,3.183,False,347,False
2025-02-17,BOT-002,232,0,63,63,0,169,496,84292.13,2.315,False,347,False
2025-02-24,BOT-002,169,0,80,80,0,89,496,44390.53,1.217,False,347,False
2025-03-03,BOT-002,89,0,123,89,34,0,496,0.0,0.0,True,347,False
2025-03-10,BOT-002,0,492,86,86,0,406,0,202500.62,5.532,False,347,False
2025-03-17,BOT-002,406,0,99,99,0,307,512,153122.39,4.176,False,347,True
2025-03-24,BOT-002,307,0,76,76,0,231,512,115215.87,3.137,False,347,False
2025-03-31,BOT-002,231,0,103,103,0,128,512,63842.56,1.735,False,347,False
2025-04-07,BOT-002,128,0,110,110,0,18,512,8977.86,0.244,False,347,False
2025-04-14,BOT-002,18,0,92,18,74,0,512,0.0,0.0,True,347,False
2025-04-21,BOT-002,0,497,76,76,0,421,0,209982.17,5.678,False,347,False
2025-04-28,BOT-002,421,0,64,64,0,357,0,178060.89,4.807,False,347,False
2025-05-05,BOT-002,357,0,85,85,0,272,548,135665.44,3.656,False,347,True
2025-05-12,BOT-002,272,0,58,58,0,214,548,106736.78,2.871,False,347,False
2025-05-19,BOT-002,214,0,75,75,0,139,548,69329.03,1.862,False,347,False
2025-05-26,BOT-002,139,0,91,91,0,48,548,23940.96,0.642,False,347,False
2025-06-02,BOT-002,48,0,74,48,26,0,548,0.0,0.0,True,347,False
2025-06-09,BOT-002,0,536,87,87,0,449,0,223947.73,5.984,False,347,False
2025-06-16,BOT-002,449,0,68,68,0,381,0,190031.37,5.069,False,347,False
2025-06-23,BOT-002,381,0,74,74,0,307,512,153122.39,4.078,False,347,True
2025-06-30,BOT-002,307,0,100,100,0,207,512,103245.39,2.745,False,347,False
2025-07-07,BOT-002,207,0,71,71,0,136,512,67832.72,1.8,False,347,False
2025-07-14,BOT-002,136,0,68,68,0,68,512,33916.36,0.899,False,347,False
2025-07-21,BOT-002,68,0,74,68,6,0,512,0.0,0.0,True,347,False
2025-07-28,BOT-002,0,503,63,63,0,440,0,219458.8,5.796,False,347,False
2025-08-04,BOT-002,440,0,53,53,0,387,0,193023.99,5.089,False,347,False
2025-08-11,BOT-002,387,0,86,86,0,301,520,150129.77,3.951,False,347,True
2025-08-18,BOT-002,301,0,76,76,0,225,520,112223.25,2.949,False,347,False
2025-08-25,BOT-002,225,0,61,61,0,164,520,81798.28,2.146,False,347,False
2025-09-01,BOT-002,164,0,69,69,0,95,520,47383.15,1.241,False,347,False
2025-09-08,BOT-002,95,0,86,86,0,9,520,4488.93,0.117,False,347,False
2025-09-15,BOT-002,9,505,90,90,0,424,0,211478.48,5.52,False,347,False
2025-09-22,BOT-002,424,0,59,59,0,365,0,182051.05,4.744,False,347,False
2025-09-29,BOT-002,365,0,57,57,0,308,512,153621.16,3.997,False,347,True
2025-10-06,BOT-002,308,0,84,84,0,224,512,111724.48,2.902,False,347,False
2025-10-13,BOT-002,224,0,73,73,0,151,512,75314.27,1.953,False,347,False
2025-10-20,BOT-002,151,0,65,65,0,86,512,42894.22,1.111,False,347,False
2025-10-27,BOT-002,86,0,61,61,0,25,512,12469.25,0.322,False,347,False
2025-11-03,BOT-002,25,498,136,136,0,387,0,193023.99,4.981,False,347,False
2025-11-10,BOT-002,387,0,88,88,0,299,520,149132.23,3.842,False,347,True
2025-11-17,BOT-002,299,0,168,168,0,131,520,65338.87,1.681,False,347,False
2025-11-24,BOT-002,131,0,125,125,0,6,520,2992.62,0.077,False,347,False
2025-12-01,BOT-002,6,0,71,6,65,0,520,0.0,0.0,True,347,False
2025-12-08,BOT-002,0,0,96,0,96,0,520,0.0,0.0,True,347,False
2025-12-15,BOT-002,0,506,119,119,0,387,0,193023.99,4.933,False,347,False
2025-12-22,BOT-002,387,0,82,82,0,305,516,152124.85,3.881,False,347,True
2025-12-29,BOT-002,305,508,120,120,0,693,0,345647.61,8.805,False,347,False
2023-01-02,BOT-003,583,0,77,77,0,506,0,266135.76,8.967,False,208,False
2023-01-09,BOT-003,506,0,72,72,0,434,0,228266.64,7.674,False,208,False
2023-01-16,BOT-003,434,0,70,70,0,364,0,191449.44,6.423,False,208,False
2023-01-23,BOT-003,364,0,58,58,0,306,0,160943.76,5.388,False,208,False
2023-01-30,BOT-003,306,0,66,66,0,240,0,126230.4,4.217,False,208,False
2023-02-06,BOT-003,240,0,80,80,0,160,504,84153.6,2.805,False,208,True
2023-02-13,BOT-003,160,0,64,64,0,96,504,50492.16,1.68,False,208,False
2023-02-20,BOT-003,96,0,54,54,0,42,504,22090.32,0.733,False,208,False
2023-02-27,BOT-003,42,502,60,60,0,484,0,254564.64,8.432,False,208,False
2023-03-06,BOT-003,484,0,60,60,0,424,0,223007.04,7.371,False,208,False
2023-03-13,BOT-003,424,0,64,64,0,360,0,189345.6,6.245,False,208,False
2023-03-20,BOT-003,360,0,72,72,0,288,0,151476.48,4.986,False,208,False
2023-03-27,BOT-003,288,0,72,72,0,216,0,113607.36,3.731,False,208,False
2023-04-03,BOT-003,216,0,61,61,0,155,516,81523.8,2.672,False,208,True
2023-04-10,BOT-003,155,0,67,67,0,88,516,46284.48,1.514,False,208,False
2023-04-17,BOT-003,88,0,57,57,0,31,516,16304.76,0.532,False,208,False
2023-04-24,BOT-003,31,503,75,75,0,459,0,241415.64,7.863,False,208,False
2023-05-01,BOT-003,459,0,51,51,0,408,0,214591.68,6.975,False,208,False
2023-05-08,BOT-003,408,0,67,67,0,341,0,179352.36,5.818,False,208,False
2023-05-15,BOT-003,341,0,56,56,0,285,0,149898.6,4.852,False,208,False
2023-05-22,BOT-003,285,0,67,67,0,218,0,114659.28,3.704,False,208,False
2023-05-29,BOT-003,218,0,52,52,0,166,504,87309.36,2.815,False,208,True
2023-06-05,BOT-003,166,0,74,74,0,92,504,48388.32,1.557,False,208,False
2023-06-12,BOT-003,92,0,90,90,0,2,504,1051.92,0.034,False,208,False
2023-06-19,BOT-003,2,503,71,71,0,434,0,228266.64,7.314,False,208,False
2023-06-26,BOT-003,434,0,56,56,0,378,0,198812.88,6.357,False,208,False
2023-07-03,BOT-003,378,0,50,50,0,328,0,172514.88,5.505,False,208,False
2023-07-10,BOT-003,328,0,59,59,0,269,0,141483.24,4.505,False,208,False
2023-07-17,BOT-003,269,0,59,59,0,210,0,110451.6,3.51,False,208,False
2023-07-24,BOT-003,210,0,50,50,0,160,504,84153.6,2.669,False,208,True
2023-07-31,BOT-003,160,0,83,83,0,77,504,40498.92,1.282,False,208,False
2023-08-07,BOT-003,77,495,71,71,0,501,0,263505.96,8.323,False,208,False
2023-08-14,BOT-003,501,0,45,45,0,456,0,239837.76,7.561,False,208,False
2023-08-21,BOT-003,456,0,61,61,0,395,0,207754.2,6.536,False,208,False
2023-08-28,BOT-003,395,0,50,50,0,345,0,181456.2,5.697,False,208,False
2023-09-04,BOT-003,345,0,60,60,0,285,0,149898.6,4.697,False,208,False
2023-09-11,BOT-003,285,0,70,70,0,215,0,113081.4,3.536,False,208,False
2023-09-18,BOT-003,215,0,49,49,0,166,504,87309.36,2.725,False,208,True
2023-09-25,BOT-003,166,0,47,47,0,119,504,62589.24,1.95,False,208,False
2023-10-02,BOT-003,119,0,80,80,0,39,504,20512.44,0.638,False,208,False
2023-10-09,BOT-003,39,500,61,61,0,478,0,251408.88,7.8,False,208,False
2023-10-16,BOT-003,478,0,69,69,0,409,0,215117.64,6.661,False,208,False
2023-10-23,BOT-003,409,0,58,58,0,351,0,184611.96,5.705,False,208,False
2023-10-30,BOT-003,351,0,63,63,0,288,0,151476.48,4.672,False,208,False
2023-11-06,BOT-003,288,0,80,80,0,208,456,109399.68,3.367,False,208,True
2023-11-13,BOT-003,208,0,47,47,0,161,456,84679.56,2.601,False,208,False
2023-11-20,BOT-003,161,0,100,100,0,61,456,32083.56,0.984,False,208,False
2023-11-27,BOT-003,61,450,157,157,0,354,0,186189.84,5.698,False,208,False
2023-12-04,BOT-003,354,0,77,77,0,277,0,145690.92,4.45,False,208,False
2023-12-11,BOT-003,277,0,75,75,0,202,468,106243.92,3.238,False,208,True
2023-12-18,BOT-003,202,0,76,76,0,126,468,66270.96,2.016,False,208,False
2023-12-25,BOT-003,126,0,56,56,0,70,468,36817.2,1.118,False,208,False
2024-01-01,BOT-003,70,459,72,72,0,457,0,240363.72,7.284,False,208,False
2024-01-08,BOT-003,457,0,65,65,0,392,0,206176.32,6.236,False,208,False
2024-01-15,BOT-003,392,0,68,68,0,324,0,170411.04,5.144,False,208,False
2024-01-22,BOT-003,324,0,53,53,0,271,0,142535.16,4.295,False,208,False
2024-01-29,BOT-003,271,0,70,70,0,201,468,105717.96,3.179,False,208,True
2024-02-05,BOT-003,201,0,55,55,0,146,468,76790.16,2.305,False,208,False
2024-02-12,BOT-003,146,0,61,61,0,85,468,44706.6,1.339,False,208,False
2024-02-19,BOT-003,85,461,47,47,0,499,0,262454.04,7.847,False,208,False
2024-02-26,BOT-003,499,0,70,70,0,429,0,225636.84,6.734,False,208,False
2024-03-04,BOT-003,429,0,68,68,0,361,0,189871.56,5.656,False,208,False
2024-03-11,BOT-003,361,0,80,80,0,281,0,147794.76,4.394,False,208,False
2024-03-18,BOT-003,281,0,78,78,0,203,468,106769.88,3.168,False,208,True
2024-03-25,BOT-003,203,0,89,89,0,114,468,59959.44,1.776,False,208,False
2024-04-01,BOT-003,114,0,78,78,0,36,468,18934.56,0.56,False,208,False
2024-04-08,BOT-003,36,454,92,92,0,398,0,209332.08,6.177,False,208,False
2024-04-15,BOT-003,398,0,79,79,0,319,0,167781.24,4.941,False,208,False
2024-04-22,BOT-003,319,0,66,66,0,253,0,133067.88,3.912,False,208,False
2024-04-29,BOT-003,253,0,80,80,0,173,492,90991.08,2.67,False,208,True
2024-05-06,BOT-003,173,0,73,73,0,100,492,52596.0,1.54,False,208,False
2024-05-13,BOT-003,100,0,88,88,0,12,492,6311.52,0.184,False,208,False
2024-05-20,BOT-003,12,490,66,66,0,436,0,229318.56,6.691,False,208,False
2024-05-27,BOT-003,436,0,84,84,0,352,0,185137.92,5.392,False,208,False
2024-06-03,BOT-003,352,0,65,65,0,287,0,150950.52,4.388,False,208,False
2024-06-10,BOT-003,287,0,55,55,0,232,0,122022.72,3.54,False,208,False
2024-06-17,BOT-003,232,0,55,55,0,177,492,93094.92,2.696,False,208,True
2024-06-24,BOT-003,177,0,57,57,0,120,492,63115.2,1.824,False,208,False
2024-07-01,BOT-003,120,0,72,72,0,48,492,25246.08,0.728,False,208,False
2024-07-08,BOT-003,48,490,72,72,0,466,0,245097.36,7.059,False,208,False
2024-07-15,BOT-003,466,0,71,71,0,395,0,207754.2,5.973,False,208,False
2024-07-22,BOT-003,395,0,103,103,0,292,0,153580.32,4.407,False,208,False
2024-07-29,BOT-003,292,0,62,62,0,230,0,120970.8,3.465,False,208,False
2024-08-05,BOT-003,230,0,62,62,0,168,492,88361.28,2.526,False,208,True
2024-08-12,BOT-003,168,0,43,43,0,125,492,65745.0,1.876,False,208,False
2024-08-19,BOT-003,125,0,58,58,0,67,492,35239.32,1.004,False,208,False
2024-08-26,BOT-003,67,485,93,93,0,459,0,241415.64,6.865,False,208,False
2024-09-02,BOT-003,459,0,62,62,0,397,0,208806.12,5.927,False,208,False
2024-09-09,BOT-003,397,0,79,79,0,318,0,167255.28,4.739,False,208,False
2024-09-16,BOT-003,318,0,81,81,0,237,0,124652.52,3.525,False,208,False
2024-09-23,BOT-003,237,0,72,72,0,165,504,86783.4,2.45,False,208,True
2024-09-30,BOT-003,165,0,53,53,0,112,504,58907.52,1.66,False,208,False
2024-10-07,BOT-003,112,498,67,67,0,543,0,285596.28,8.034,False,208,False
2024-10-14,BOT-003,543,0,85,85,0,458,0,240889.68,6.764,False,208,False
2024-10-21,BOT-003,458,0,64,64,0,394,0,207228.24,5.808,False,208,False
2024-10-28,BOT-003,394,0,51,51,0,343,0,180404.28,5.047,False,208,False
2024-11-04,BOT-003,343,0,93,93,0,250,0,131490.0,3.672,False,208,False
2024-11-11,BOT-003,250,0,67,67,0,183,480,96250.68,2.683,False,208,True
2024-11-18,BOT-003,183,0,128,128,0,55,480,28927.8,0.805,False,208,False
2024-11-25,BOT-003,55,0,95,55,40,0,480,0.0,0.0,True,208,False
2024-12-02,BOT-003,0,468,58,58,0,410,0,215643.6,5.98,False,208,False
2024-12-09,BOT-003,410,0,76,76,0,334,0,175670.64,4.863,False,208,False
2024-12-16,BOT-003,334,0,85,85,0,249,0,130964.04,3.619,False,208,False
2024-12-23,BOT-003,249,0,90,90,0,159,504,83627.64,2.307,False,208,True
2024-12-30,BOT-003,159,0,62,62,0,97,504,51018.12,1.405,False,208,False
2025-01-06,BOT-003,97,0,101,97,4,0,504,0.0,0.0,True,208,False
2025-01-13,BOT-003,0,501,75,75,0,426,0,224058.96,6.148,False,208,False
2025-01-20,BOT-003,426,0,79,79,0,347,0,182508.12,4.999,False,208,False
2025-01-27,BOT-003,347,0,71,71,0,276,0,145164.96,3.969,False,208,False
2025-02-03,BOT-003,276,0,83,83,0,193,468,101510.28,2.771,False,208,True
2025-02-10,BOT-003,193,0,91,91,0,102,468,53647.92,1.462,False,208,False
2025-02-17,BOT-003,102,0,55,55,0,47,468,24720.12,0.672,False,208,False
2025-02-24,BOT-003,47,463,77,77,0,433,0,227740.68,6.184,False,208,False
2025-03-03,BOT-003,433,0,97,97,0,336,0,176722.56,4.79,False,208,False
2025-03-10,BOT-003,336,0,86,86,0,250,0,131490.0,3.558,False,208,False
2025-03-17,BOT-003,250,0,102,102,0,148,516,77842.08,2.103,False,208,True
2025-03-24,BOT-003,148,0,69,69,0,79,516,41550.84,1.121,False,208,False
2025-03-31,BOT-003,79,0,75,75,0,4,516,2103.84,0.057,False,208,False
2025-04-07,BOT-003,4,513,85,85,0,432,0,227214.72,6.106,False,208,False
2025-04-14,BOT-003,432,0,80,80,0,352,0,185137.92,4.967,False,208,False
2025-04-21,BOT-003,352,0,73,73,0,279,0,146742.84,3.93,False,208,False
2025-04-28,BOT-003,279,0,50,50,0,229,0,120444.84,3.22,False,208,False
2025-05-05,BOT-003,229,0,62,62,0,167,504,87835.32,2.344,False,208,True
2025-05-12,BOT-003,167,0,83,83,0,84,504,44180.64,1.177,False,208,False
2025-05-19,BOT-003,84,0,97,84,13,0,504,0.0,0.0,True,208,False
2025-05-26,BOT-003,0,496,84,84,0,412,0,216695.52,5.755,False,208,False
2025-06-02,BOT-003,412,0,64,64,0,348,0,183034.08,4.852,False,208,False
2025-06-09,BOT-003,348,0,67,67,0,281,0,147794.76,3.912,False,208,False
2025-06-16,BOT-003,281,0,60,60,0,221,0,116237.16,3.071,False,208,False
2025-06-23,BOT-003,221,0,71,71,0,150,516,78894.0,2.081,False,208,True
2025-06-30,BOT-003,150,0,80,80,0,70,516,36817.2,0.969,False,208,False
2025-07-07,BOT-003,70,0,78,70,8,0,516,0.0,0.0,True,208,False
2025-07-14,BOT-003,0,0,67,0,67,0,516,0.0,0.0,True,208,False
2025-07-21,BOT-003,0,503,90,90,0,413,0,217221.48,5.691,False,208,False
2025-07-28,BOT-003,413,0,91,91,0,322,0,169359.12,4.43,False,208,False
2025-08-04,BOT-003,322,0,75,75,0,247,0,129912.12,3.392,False,208,False
2025-08-11,BOT-003,247,0,75,75,0,172,492,90465.12,2.358,False,208,True
2025-08-18,BOT-003,172,0,53,53,0,119,492,62589.24,1.629,False,208,False
2025-08-25,BOT-003,119,0,56,56,0,63,492,33135.48,0.861,False,208,False
2025-09-01,BOT-003,63,477,79,79,0,461,0,242467.56,6.29,False,208,False
2025-09-08,BOT-003,461,0,62,62,0,399,0,209858.04,5.435,False,208,False
2025-09-15,BOT-003,399,0,56,56,0,343,0,180404.28,4.664,False,208,False
2025-09-22,BOT-003,343,0,75,75,0,268,0,140957.28,3.638,False,208,False
2025-09-29,BOT-003,268,0,59,59,0,209,0,109925.64,2.833,False,208,False
2025-10-06,BOT-003,209,0,58,58,0,151,516,79419.96,2.043,False,208,True
2025-10-13,BOT-003,151,0,73,73,0,78,516,41024.88,1.054,False,208,False
2025-10-20,BOT-003,78,0,64,64,0,14,516,7363.44,0.189,False,208,False
2025-10-27,BOT-003,14,512,89,89,0,437,0,229844.52,5.884,False,208,False
2025-11-03,BOT-003,437,0,68,68,0,369,0,194079.24,4.961,False,208,False
2025-11-10,BOT-003,369,0,82,82,0,287,0,150950.52,3.852,False,208,False
2025-11-17,BOT-003,287,0,150,150,0,137,528,72056.52,1.836,False,208,True
2025-11-24,BOT-003,137,0,101,101,0,36,528,18934.56,0.482,False,208,False
2025-12-01,BOT-003,36,0,77,36,41,0,528,0.0,0.0,True,208,False
2025-12-08,BOT-003,0,518,96,96,0,422,0,221955.12,5.627,False,208,False
2025-12-15,BOT-003,422,0,103,103,0,319,0,167781.24,4.247,False,208,False
2025-12-22,BOT-003,319,0,95,95,0,224,0,117815.04,2.977,False,208,False
2025-12-29,BOT-003,224,0,94,94,0,130,540,68374.8,1.725,False,208,True
2023-01-02,BOT-004,484,0,45,45,0,439,0,419012.33,10.271,False,205,False
2023-01-09,BOT-004,439,0,52,52,0,387,0,369379.89,9.035,False,205,False
2023-01-16,BOT-004,387,0,51,51,0,336,0,320701.92,7.828,False,205,False
2023-01-23,BOT-004,336,0,46,46,0,290,0,276796.3,6.742,False,205,False
2023-01-30,BOT-004,290,0,46,46,0,244,0,232890.68,5.66,False,205,False
2023-02-06,BOT-004,244,0,58,58,0,186,372,177531.42,4.306,False,205,True
2023-02-13,BOT-004,186,0,42,42,0,144,372,137443.68,3.326,False,205,False
2023-02-20,BOT-004,144,0,58,58,0,86,372,82084.42,1.982,False,205,False
2023-02-27,BOT-004,86,0,62,62,0,24,372,22907.28,0.552,False,205,False
2023-03-06,BOT-004,24,362,67,67,0,319,0,304475.93,7.322,False,205,False
2023-03-13,BOT-004,319,0,53,53,0,266,0,253889.02,6.093,False,205,False
2023-03-20,BOT-004,266,0,56,56,0,210,0,200438.7,4.8,False,205,False
2023-03-27,BOT-004,210,0,38,38,0,172,384,164168.84,3.923,False,205,True
2023-04-03,BOT-004,172,0,43,43,0,129,384,123126.63,2.936,False,205,False
2023-04-10,BOT-004,129,0,43,43,0,86,384,82084.42,1.953,False,205,False
2023-04-17,BOT-004,86,0,65,65,0,21,384,20043.87,0.476,False,205,False
2023-04-24,BOT-004,21,381,50,50,0,352,0,335973.44,7.962,False,205,False
2023-05-01,BOT-004,352,0,44,44,0,308,0,293976.76,6.952,False,205,False
2023-05-08,BOT-004,308,0,35,35,0,273,0,260570.31,6.149,False,205,False
2023-05-15,BOT-004,273,0,50,50,0,223,0,212846.81,5.013,False,205,False
2023-05-22,BOT-004,223,0,47,47,0,176,372,167986.72,3.948,False,205,True
2023-05-29,BOT-004,176,0,40,40,0,136,372,129807.92,3.045,False,205,False
2023-06-05,BOT-004,136,0,38,38,0,98,372,93538.06,2.189,False,205,False
2023-06-12,BOT-004,98,0,67,67,0,31,372,29588.57,0.691,False,205,False
2023-06-19,BOT-004,31,366,50,50,0,347,0,331201.09,7.72,False,205,False
2023-06-26,BOT-004,347,0,57,57,0,290,0,276796.3,6.439,False,205,False
2023-07-03,BOT-004,290,0,50,50,0,240,0,229072.8,5.318,False,205,False
2023-07-10,BOT-004,240,0,48,48,0,192,360,183258.24,4.246,False,205,True
2023-07-17,BOT-004,192,0,45,45,0,147,360,140307.09,3.244,False,205,False
2023-07-24,BOT-004,147,0,49,49,0,98,360,93538.06,2.158,False,205,False
2023-07-31,BOT-004,98,0,54,54,0,44,360,41996.68,0.967,False,205,False
2023-08-07,BOT-004,44,353,39,39,0,358,0,341700.26,7.853,False,205,False
2023-08-14,BOT-004,358,0,28,28,0,330,0,314975.1,7.224,False,205,False
2023-08-21,BOT-004,330,0,53,53,0,277,0,264388.19,6.052,False,205,False
2023-08-28,BOT-004,277,0,61,61,0,216,0,206165.52,4.71,False,205,False
2023-09-04,BOT-004,216,0,39,39,0,177,372,168941.19,3.851,False,205,True
2023-09-11,BOT-004,177,0,59,59,0,118,372,112627.46,2.563,False,205,False
2023-09-18,BOT-004,118,0,54,54,0,64,372,61086.08,1.387,False,205,False
2023-09-25,BOT-004,64,0,56,56,0,8,372,7635.76,0.173,False,205,False
2023-10-02,BOT-004,8,369,37,37,0,340,0,324519.8,7.34,False,205,False
2023-10-09,BOT-004,340,0,34,34,0,306,0,292067.82,6.593,False,205,False
2023-10-16,BOT-004,306,0,40,40,0,266,0,253889.02,5.72,False,205,False
2023-10-23,BOT-004,266,0,40,40,0,226,0,215710.22,4.85,False,205,False
2023-10-30,BOT-004,226,0,47,47,0,179,372,170850.13,3.834,False,205,True
2023-11-06,BOT-004,179,0,44,44,0,135,372,128853.45,2.886,False,205,False
2023-11-13,BOT-004,135,0,70,70,0,65,372,62040.55,1.387,False,205,False
2023-11-20,BOT-004,65,0,68,65,3,0,372,0.0,0.0,True,205,False
2023-11-27,BOT-004,0,362,100,100,0,262,0,250071.14,5.567,False,205,False
2023-12-04,BOT-004,262,0,41,41,0,221,0,210937.87,4.687,False,205,False
2023-12-11,BOT-004,221,0,64,64,0,157,396,149851.79,3.323,False,205,True
2023-12-18,BOT-004,157,0,57,57,0,100,396,95447.0,2.113,False,205,False
2023-12-25,BOT-004,100,0,63,63,0,37,396,35315.39,0.78,False,205,False
2024-01-01,BOT-004,37,0,42,37,5,0,396,0.0,0.0,True,205,False
2024-01-08,BOT-004,0,392,55,55,0,337,0,321656.39,7.078,False,205,False
2024-01-15,BOT-004,337,0,65,65,0,272,0,259615.84,5.702,False,205,False
2024-01-22,BOT-004,272,0,43,43,0,229,0,218573.63,4.791,False,205,False
2024-01-29,BOT-004,229,0,32,32,0,197,360,188030.59,4.114,False,205,True
2024-02-05,BOT-004,197,0,40,40,0,157,360,149851.79,3.272,False,205,False
2024-02-12,BOT-004,157,0,50,50,0,107,360,102128.29,2.226,False,205,False
2024-02-19,BOT-004,107,0,46,46,0,61,360,58222.67,1.267,False,205,False
2024-02-26,BOT-004,61,352,45,45,0,368,0,351244.96,7.626,False,205,False
2024-03-04,BOT-004,368,0,49,49,0,319,0,304475.93,6.598,False,205,False
2024-03-11,BOT-004,319,0,55,55,0,264,0,251980.08,5.45,False,205,False
2024-03-18,BOT-004,264,0,71,71,0,193,360,184212.71,3.977,False,205,True
2024-03-25,BOT-004,193,0,56,56,0,137,360,130762.39,2.818,False,205,False
2024-04-01,BOT-004,137,0,73,73,0,64,360,61086.08,1.314,False,205,False
2024-04-08,BOT-004,64,0,45,45,0,19,360,18134.93,0.389,False,205,False
2024-04-15,BOT-004,19,352,48,48,0,323,0,308293.81,6.606,False,205,False
2024-04-22,BOT-004,323,0,50,50,0,273,0,260570.31,5.573,False,205,False
2024-04-29,BOT-004,273,0,65,65,0,208,0,198529.76,4.238,False,205,False
2024-05-06,BOT-004,208,0,65,65,0,143,408,136489.21,2.908,False,205,True
2024-05-13,BOT-004,143,0,71,71,0,72,408,68721.84,1.462,False,205,False
2024-05-20,BOT-004,72,0,44,44,0,28,408,26725.16,0.567,False,205,False
2024-05-27,BOT-004,28,0,43,28,15,0,408,0.0,0.0,True,205,False
2024-06-03,BOT-004,0,401,60,60,0,341,0,325474.27,6.883,False,205,False
2024-06-10,BOT-004,341,0,69,69,0,272,0,259615.84,5.48,False,205,False
2024-06-17,BOT-004,272,0,45,45,0,227,0,216664.69,4.565,False,205,False
2024-06-24,BOT-004,227,0,67,67,0,160,396,152715.2,3.212,False,205,True
2024-07-01,BOT-004,160,0,64,64,0,96,396,91629.12,1.924,False,205,False
2024-07-08,BOT-004,96,0,70,70,0,26,396,24816.22,0.52,False,205,False
2024-07-15,BOT-004,26,0,57,26,31,0,396,0.0,0.0,True,205,False
2024-07-22,BOT-004,0,392,61,61,0,331,0,315929.57,6.596,False,205,False
2024-07-29,BOT-004,331,0,50,50,0,281,0,268206.07,5.589,False,205,False
2024-08-05,BOT-004,281,0,51,51,0,230,0,219528.1,4.566,False,205,False
2024-08-12,BOT-004,230,0,49,49,0,181,372,172759.07,3.587,False,205,True
2024-08-19,BOT-004,181,0,50,50,0,131,372,125035.57,2.591,False,205,False
2024-08-26,BOT-004,131,0,60,60,0,71,372,67767.37,1.402,False,205,False
2024-09-02,BOT-004,71,0,31,31,0,40,372,38178.8,0.788,False,205,False
2024-09-09,BOT-004,40,0,43,40,3,0,372,0.0,0.0,True,205,False
2024-09-16,BOT-004,0,369,56,56,0,313,0,298749.11,6.147,False,205,False
2024-09-23,BOT-004,313,0,72,72,0,241,0,230027.27,4.725,False,205,False
2024-09-30,BOT-004,241,0,43,43,0,198,360,188985.06,3.875,False,205,True
2024-10-07,BOT-004,198,0,42,42,0,156,360,148897.32,3.047,False,205,False
2024-10-14,BOT-004,156,0,41,41,0,115,360,109764.05,2.242,False,205,False
2024-10-21,BOT-004,115,0,64,64,0,51,360,48677.97,0.993,False,205,False
2024-10-28,BOT-004,51,0,53,51,2,0,360,0.0,0.0,True,205,False
2024-11-04,BOT-004,0,350,62,62,0,288,0,274887.36,5.586,False,205,False
2024-11-11,BOT-004,288,0,57,57,0,231,0,220482.57,4.472,False,205,False
2024-11-18,BOT-004,231,0,81,81,0,150,408,143170.5,2.899,False,205,True
2024-11-25,BOT-004,150,0,99,99,0,51,408,48677.97,0.984,False,205,False
2024-12-02,BOT-004,51,0,38,38,0,13,408,12408.11,0.25,False,205,False
2024-12-09,BOT-004,13,0,62,13,49,0,408,0.0,0.0,True,205,False
2024-12-16,BOT-004,0,407,75,75,0,332,0,316884.04,6.371,False,205,False
2024-12-23,BOT-004,332,0,52,52,0,280,0,267251.6,5.363,False,205,False
2024-12-30,BOT-004,280,0,33,33,0,247,0,235754.09,4.723,False,205,False
2025-01-06,BOT-004,247,0,55,55,0,192,360,183258.24,3.665,False,205,True
2025-01-13,BOT-004,192,0,74,74,0,118,360,112627.46,2.248,False,205,False
2025-01-20,BOT-004,118,0,40,40,0,78,360,74448.66,1.484,False,205,False
2025-01-27,BOT-004,78,0,61,61,0,17,360,16225.99,0.323,False,205,False
2025-02-03,BOT-004,17,353,71,71,0,299,0,285386.53,5.668,False,205,False
2025-02-10,BOT-004,299,0,55,55,0,244,0,232890.68,4.617,False,205,False
2025-02-17,BOT-004,244,0,46,46,0,198,360,188985.06,3.74,False,205,True
2025-02-24,BOT-004,198,0,61,61,0,137,360,130762.39,2.583,False,205,False
2025-03-03,BOT-004,137,0,81,81,0,56,360,53450.32,1.054,False,205,False
2025-03-10,BOT-004,56,0,51,51,0,5,360,4772.35,0.094,False,205,False
2025-03-17,BOT-004,5,350,49,49,0,306,0,292067.82,5.74,False,205,False
2025-03-24,BOT-004,306,0,60,60,0,246,0,234799.62,4.607,False,205,False
2025-03-31,BOT-004,246,0,89,89,0,157,396,149851.79,2.935,False,205,True
2025-04-07,BOT-004,157,0,47,47,0,110,396,104991.7,2.053,False,205,False
2025-04-14,BOT-004,110,0,74,74,0,36,396,34360.92,0.671,False,205,False
2025-04-21,BOT-004,36,389,43,43,0,382,0,364607.54,7.105,False,205,False
2025-04-28,BOT-004,382,0,54,54,0,328,0,313066.16,6.09,False,205,False
2025-05-05,BOT-004,328,0,61,61,0,267,0,254843.49,4.949,False,205,False
2025-05-12,BOT-004,267,0,61,61,0,206,0,196620.82,3.812,False,205,False
2025-05-19,BOT-004,206,0,55,55,0,151,396,144124.97,2.789,False,205,True
2025-05-26,BOT-004,151,0,58,58,0,93,396,88765.71,1.715,False,205,False
2025-06-02,BOT-004,93,0,60,60,0,33,396,31497.51,0.608,False,205,False
2025-06-09,BOT-004,33,0,44,33,11,0,396,0.0,0.0,True,205,False
2025-06-16,BOT-004,0,394,44,44,0,350,0,334064.5,6.422,False,205,False
2025-06-23,BOT-004,350,0,66,66,0,284,0,271069.48,5.202,False,205,False
2025-06-30,BOT-004,284,0,54,54,0,230,0,219528.1,4.206,False,205,False
2025-07-07,BOT-004,230,0,62,62,0,168,384,160350.96,3.067,False,205,True
2025-07-14,BOT-004,168,0,63,63,0,105,384,100219.35,1.914,False,205,False
2025-07-21,BOT-004,105,0,46,46,0,59,384,56313.73,1.073,False,205,False
2025-07-28,BOT-004,59,0,57,57,0,2,384,1908.94,0.036,False,205,False
2025-08-04,BOT-004,2,384,56,56,0,330,0,314975.1,5.984,False,205,False
2025-08-11,BOT-004,330,0,48,48,0,282,0,269160.54,5.105,False,205,False
2025-08-18,BOT-004,282,0,57,57,0,225,0,214755.75,4.067,False,205,False
2025-08-25,BOT-004,225,0,41,41,0,184,372,175622.48,3.32,False,205,True
2025-09-01,BOT-004,184,0,49,49,0,135,372,128853.45,2.432,False,205,False
2025-09-08,BOT-004,135,0,68,68,0,67,372,63949.49,1.205,False,205,False
2025-09-15,BOT-004,67,0,57,57,0,10,372,9544.7,0.18,False,205,False
2025-09-22,BOT-004,10,364,64,64,0,310,0,295885.7,5.557,False,205,False
2025-09-29,BOT-004,310,0,67,67,0,243,0,231936.21,4.349,False,205,False
2025-10-06,BOT-004,243,0,54,54,0,189,360,180394.83,3.377,False,205,True
2025-10-13,BOT-004,189,0,65,65,0,124,360,118354.28,2.212,False,205,False
2025-10-20,BOT-004,124,0,46,46,0,78,360,74448.66,1.389,False,205,False
2025-10-27,BOT-004,78,0,65,65,0,13,360,12408.11,0.231,False,205,False
2025-11-03,BOT-004,13,0,89,13,76,0,360,0.0,0.0,True,205,False
2025-11-10,BOT-004,0,351,42,42,0,309,0,294931.23,5.476,False,205,False
2025-11-17,BOT-004,309,0,76,76,0,233,0,222391.51,4.122,False,205,False
2025-11-24,BOT-004,233,0,99,99,0,134,420,127898.98,2.367,False,205,True
2025-12-01,BOT-004,134,0,47,47,0,87,420,83038.89,1.534,False,205,False
2025-12-08,BOT-004,87,0,58,58,0,29,420,27679.63,0.511,False,205,False
2025-12-15,BOT-004,29,0,79,29,50,0,420,0.0,0.0,True,205,False
2025-12-22,BOT-004,0,410,78,78,0,332,0,316884.04,5.826,False,205,False
2025-12-29,BOT-004,332,0,66,66,0,266,0,253889.02,4.661,False,205,False
2023-01-02,BOT-005,462,0,57,57,0,405,0,263286.45,7.282,False,78,False
2023-01-09,BOT-005,405,0,90,90,0,315,0,204778.35,5.651,False,78,False
2023-01-16,BOT-005,315,0,59,59,0,256,0,166423.04,4.583,False,78,False
2023-01-23,BOT-005,256,0,55,55,0,201,0,130668.09,3.591,False,78,False
2023-01-30,BOT-005,201,0,77,77,0,124,0,80611.16,2.21,False,78,False
2023-02-06,BOT-005,124,0,64,64,0,60,468,39005.4,1.067,False,78,True
2023-02-13,BOT-005,60,455,64,64,0,451,0,293190.59,8.005,False,78,False
2023-02-20,BOT-005,451,0,81,81,0,370,0,240533.3,6.554,False,78,False
2023-02-27,BOT-005,370,0,56,56,0,314,0,204128.26,5.55,False,78,False
2023-03-06,BOT-005,314,0,73,73,0,241,0,156671.69,4.251,False,78,False
2023-03-13,BOT-005,241,0,79,79,0,162,0,105314.58,2.851,False,78,False
2023-03-20,BOT-005,162,0,92,92,0,70,456,45506.3,1.229,False,78,True
2023-03-27,BOT-005,70,449,66,66,0,453,0,294490.77,7.94,False,78,False
2023-04-03,BOT-005,453,0,73,73,0,380,0,247034.2,6.646,False,78,False
2023-04-10,BOT-005,380,0,55,55,0,325,0,211279.25,5.672,False,78,False
2023-04-17,BOT-005,325,0,42,42,0,283,0,183975.47,4.929,False,78,False
2023-04-24,BOT-005,283,0,72,72,0,211,0,137168.99,3.667,False,78,False
2023-05-01,BOT-005,211,0,60,60,0,151,0,98163.59,2.619,False,78,False
2023-05-08,BOT-005,151,0,52,52,0,99,0,64358.91,1.714,False,78,False
2023-05-15,BOT-005,99,0,44,44,0,55,468,35754.95,0.95,False,78,True
2023-05-22,BOT-005,55,465,72,72,0,448,0,291240.32,7.723,False,78,False
2023-05-29,BOT-005,448,0,68,68,0,380,0,247034.2,6.537,False,78,False
2023-06-05,BOT-005,380,0,63,63,0,317,0,206078.53,5.442,False,78,False
2023-06-12,BOT-005,317,0,76,76,0,241,0,156671.69,4.129,False,78,False
2023-06-19,BOT-005,241,0,67,67,0,174,0,113115.66,2.975,False,78,False
2023-06-26,BOT-005,174,0,65,65,0,109,0,70859.81,1.86,False,78,False
2023-07-03,BOT-005,109,0,76,76,0,33,492,21452.97,0.562,False,78,True
2023-07-10,BOT-005,33,0,50,33,17,0,492,0.0,0.0,True,78,False
2023-07-17,BOT-005,0,478,61,61,0,417,0,271087.53,7.072,False,78,False
2023-07-24,BOT-005,417,0,82,82,0,335,0,217780.15,5.67,False,78,False
2023-07-31,BOT-005,335,0,71,71,0,264,0,171623.76,4.459,False,78,False
2023-08-07,BOT-005,264,0,50,50,0,214,0,139119.26,3.607,False,78,False
2023-08-14,BOT-005,214,0,50,50,0,164,0,106614.76,2.759,False,78,False
2023-08-21,BOT-005,164,0,53,53,0,111,0,72159.99,1.863,False,78,False
2023-08-28,BOT-005,111,0,57,57,0,54,474,35104.86,0.905,False,78,True
2023-09-04,BOT-005,54,470,42,42,0,482,0,313343.38,8.059,False,78,False
2023-09-11,BOT-005,482,0,61,61,0,421,0,273687.89,7.025,False,78,False
2023-09-18,BOT-005,421,0,61,61,0,360,0,234032.4,5.996,False,78,False
2023-09-25,BOT-005,360,0,55,55,0,305,0,198277.45,5.069,False,78,False
2023-10-02,BOT-005,305,0,74,74,0,231,0,150170.79,3.832,False,78,False
2023-10-09,BOT-005,231,0,66,66,0,165,0,107264.85,2.732,False,78,False
2023-10-16,BOT-005,165,0,62,62,0,103,0,66959.27,1.702,False,78,False
2023-10-23,BOT-005,103,0,55,55,0,48,480,31204.32,0.792,False,78,True
2023-10-30,BOT-005,48,477,65,65,0,460,0,299041.4,7.571,False,78,False
2023-11-06,BOT-005,460,0,84,84,0,376,0,244433.84,6.176,False,78,False
2023-11-13,BOT-005,376,0,66,66,0,310,0,201527.9,5.082,False,78,False
2023-11-20,BOT-005,310,0,84,84,0,226,0,146920.34,3.698,False,78,False
2023-11-27,BOT-005,226,0,115,115,0,111,0,72159.99,1.813,False,78,False
2023-12-04,BOT-005,111,0,85,85,0,26,498,16902.34,0.424,False,78,True
2023-12-11,BOT-005,26,488,78,78,0,436,0,283439.24,7.092,False,78,False
2023-12-18,BOT-005,436,0,86,86,0,350,0,227531.5,5.682,False,78,False
2023-12-25,BOT-005,350,0,73,73,0,277,0,180074.93,4.488,False,78,False
2024-01-01,BOT-005,277,0,50,50,0,227,0,147570.43,3.671,False,78,False
2024-01-08,BOT-005,227,0,87,87,0,140,0,91012.6,2.26,False,78,False
2024-01-15,BOT-005,140,0,73,73,0,67,456,43556.03,1.079,False,78,True
2024-01-22,BOT-005,67,448,54,54,0,461,0,299691.49,7.412,False,78,False
2024-01-29,BOT-005,461,0,57,57,0,404,0,262636.36,6.483,False,78,False
2024-02-05,BOT-005,404,0,61,61,0,343,0,222980.87,5.494,False,78,False
2024-02-12,BOT-005,343,0,63,63,0,280,0,182025.2,4.476,False,78,False
2024-02-19,BOT-005,280,0,65,65,0,215,0,139769.35,3.43,False,78,False
2024-02-26,BOT-005,215,0,55,55,0,160,0,104014.4,2.548,False,78,False
2024-03-04,BOT-005,160,0,85,85,0,75,450,48756.75,1.192,False,78,True
2024-03-11,BOT-005,75,438,67,67,0,446,0,289940.14,7.076,False,78,False
2024-03-18,BOT-005,446,0,65,65,0,381,0,247684.29,6.033,False,78,False
2024-03-25,BOT-005,381,0,45,45,0,336,0,218430.24,5.31,False,78,False
2024-04-01,BOT-005,336,0,55,55,0,281,0,182675.29,4.433,False,78,False
2024-04-08,BOT-005,281,0,74,74,0,207,0,134568.63,3.259,False,78,False
2024-04-15,BOT-005,207,0,70,70,0,137,0,89062.33,2.153,False,78,False
2024-04-22,BOT-005,137,0,53,53,0,84,0,54607.56,1.318,False,78,False
2024-04-29,BOT-005,84,0,66,66,0,18,510,11701.62,0.282,False,78,True
2024-05-06,BOT-005,18,0,74,18,56,0,510,0.0,0.0,True,78,False
2024-05-13,BOT-005,0,0,73,0,73,0,510,0.0,0.0,True,78,False
2024-05-20,BOT-005,0,0,75,0,75,0,510,0.0,0.0,True,78,False
2024-05-27,BOT-005,0,0,51,0,51,0,510,0.0,0.0,True,78,False
2024-06-03,BOT-005,0,0,73,0,73,0,510,0.0,0.0,True,78,False
2024-06-10,BOT-005,0,0,99,0,99,0,510,0.0,0.0,True,78,False
2024-06-17,BOT-005,0,0,56,0,56,0,510,0.0,0.0,True,78,False
2024-06-24,BOT-005,0,0,67,0,67,0,510,0.0,0.0,True,78,False
2024-07-01,BOT-005,0,0,73,0,73,0,510,0.0,0.0,True,78,False
2024-07-08,BOT-005,0,0,54,0,54,0,510,0.0,0.0,True,78,False
2024-07-15,BOT-005,0,0,69,0,69,0,510,0.0,0.0,True,78,False
2024-07-22,BOT-005,0,0,66,0,66,0,510,0.0,0.0,True,78,False
2024-07-29,BOT-005,0,0,60,0,60,0,510,0.0,0.0,True,78,False
2024-08-05,BOT-005,0,0,44,0,44,0,510,0.0,0.0,True,78,False
2024-08-12,BOT-005,0,0,52,0,52,0,510,0.0,0.0,True,78,False
2024-08-19,BOT-005,0,0,86,0,86,0,510,0.0,0.0,True,78,False
2024-08-26,BOT-005,0,0,50,0,50,0,510,0.0,0.0,True,78,False
2024-09-02,BOT-005,0,0,50,0,50,0,510,0.0,0.0,True,78,False
2024-09-09,BOT-005,0,0,80,0,80,0,510,0.0,0.0,True,78,False
2024-09-16,BOT-005,0,0,94,0,94,0,510,0.0,0.0,True,78,False
2024-09-23,BOT-005,0,0,54,0,54,0,510,0.0,0.0,True,78,False
2024-09-30,BOT-005,0,0,54,0,54,0,510,0.0,0.0,True,78,False
2024-10-07,BOT-005,0,0,68,0,68,0,510,0.0,0.0,True,78,False
2024-10-14,BOT-005,0,0,51,0,51,0,510,0.0,0.0,True,78,False
2024-10-21,BOT-005,0,0,64,0,64,0,510,0.0,0.0,True,78,False
2024-10-28,BOT-005,0,0,56,0,56,0,510,0.0,0.0,True,78,False
2024-11-04,BOT-005,0,0,79,0,79,0,510,0.0,0.0,True,78,False
2024-11-11,BOT-005,0,0,64,0,64,0,510,0.0,0.0,True,78,False
2024-11-18,BOT-005,0,0,157,0,157,0,510,0.0,0.0,True,78,False
2024-11-25,BOT-005,0,0,111,0,111,0,510,0.0,0.0,True,78,False
2024-12-02,BOT-005,0,0,69,0,69,0,510,0.0,0.0,True,78,False
2024-12-09,BOT-005,0,0,82,0,82,0,510,0.0,0.0,True,78,False
2024-12-16,BOT-005,0,0,80,0,80,0,510,0.0,0.0,True,78,False
2024-12-23,BOT-005,0,0,81,0,81,0,510,0.0,0.0,True,78,False
2024-12-30,BOT-005,0,0,68,0,68,0,510,0.0,0.0,True,78,False
2025-01-06,BOT-005,0,0,102,0,102,0,510,0.0,0.0,True,78,False
2025-01-13,BOT-005,0,0,99,0,99,0,510,0.0,0.0,True,78,False
2025-01-20,BOT-005,0,0,90,0,90,0,510,0.0,0.0,True,78,False
2025-01-27,BOT-005,0,0,74,0,74,0,510,0.0,0.0,True,78,False
2025-02-03,BOT-005,0,0,52,0,52,0,510,0.0,0.0,True,78,False
2025-02-10,BOT-005,0,0,75,0,75,0,510,0.0,0.0,True,78,False
2025-02-17,BOT-005,0,0,73,0,73,0,510,0.0,0.0,True,78,False
2025-02-24,BOT-005,0,0,64,0,64,0,510,0.0,0.0,True,78,False
2025-03-03,BOT-005,0,0,88,0,88,0,510,0.0,0.0,True,78,False
2025-03-10,BOT-005,0,0,90,0,90,0,510,0.0,0.0,True,78,False
2025-03-17,BOT-005,0,0,59,0,59,0,510,0.0,0.0,True,78,False
2025-03-24,BOT-005,0,0,77,0,77,0,510,0.0,0.0,True,78,False
2025-03-31,BOT-005,0,0,88,0,88,0,510,0.0,0.0,True,78,False
2025-04-07,BOT-005,0,0,88,0,88,0,510,0.0,0.0,True,78,False
2025-04-14,BOT-005,0,0,69,0,69,0,510,0.0,0.0,True,78,False
2025-04-21,BOT-005,0,0,60,0,60,0,510,0.0,0.0,True,78,False
2025-04-28,BOT-005,0,0,86,0,86,0,510,0.0,0.0,True,78,False
2025-05-05,BOT-005,0,0,79,0,79,0,510,0.0,0.0,True,78,False
2025-05-12,BOT-005,0,0,79,0,79,0,510,0.0,0.0,True,78,False
2025-05-19,BOT-005,0,0,92,0,92,0,510,0.0,0.0,True,78,False
2025-05-26,BOT-005,0,0,81,0,81,0,510,0.0,0.0,True,78,False
2025-06-02,BOT-005,0,0,65,0,65,0,510,0.0,0.0,True,78,False
2025-06-09,BOT-005,0,0,80,0,80,0,510,0.0,0.0,True,78,False
2025-06-16,BOT-005,0,0,46,0,46,0,510,0.0,0.0,True,78,False
2025-06-23,BOT-005,0,0,77,0,77,0,510,0.0,0.0,True,78,False
2025-06-30,BOT-005,0,0,77,0,77,0,510,0.0,0.0,True,78,False
2025-07-07,BOT-005,0,0,63,0,63,0,510,0.0,0.0,True,78,False
2025-07-14,BOT-005,0,0,60,0,60,0,510,0.0,0.0,True,78,False
2025-07-21,BOT-005,0,0,91,0,91,0,510,0.0,0.0,True,78,False
2025-07-28,BOT-005,0,0,70,0,70,0,510,0.0,0.0,True,78,False
2025-08-04,BOT-005,0,0,62,0,62,0,510,0.0,0.0,True,78,False
2025-08-11,BOT-005,0,0,74,0,74,0,510,0.0,0.0,True,78,False
2025-08-18,BOT-005,0,0,65,0,65,0,510,0.0,0.0,True,78,False
2025-08-25,BOT-005,0,0,83,0,83,0,510,0.0,0.0,True,78,False
2025-09-01,BOT-005,0,0,81,0,81,0,510,0.0,0.0,True,78,False
2025-09-08,BOT-005,0,0,83,0,83,0,510,0.0,0.0,True,78,False
2025-09-15,BOT-005,0,0,68,0,68,0,510,0.0,0.0,True,78,False
2025-09-22,BOT-005,0,0,76,0,76,0,510,0.0,0.0,True,78,False
2025-09-29,BOT-005,0,0,70,0,70,0,510,0.0,0.0,True,78,False
2025-10-06,BOT-005,0,0,72,0,72,0,510,0.0,0.0,True,78,False
2025-10-13,BOT-005,0,0,51,0,51,0,510,0.0,0.0,True,78,False
2025-10-20,BOT-005,0,0,79,0,79,0,510,0.0,0.0,True,78,False
2025-10-27,BOT-005,0,0,55,0,55,0,510,0.0,0.0,True,78,False
2025-11-03,BOT-005,0,0,108,0,108,0,510,0.0,0.0,True,78,False
2025-11-10,BOT-005,0,0,56,0,56,0,510,0.0,0.0,True,78,False
2025-11-17,BOT-005,0,0,143,0,143,0,510,0.0,0.0,True,78,False
2025-11-24,BOT-005,0,0,176,0,176,0,510,0.0,0.0,True,78,False
2025-12-01,BOT-005,0,0,76,0,76,0,510,0.0,0.0,True,78,False
2025-12-08,BOT-005,0,0,76,0,76,0,510,0.0,0.0,True,78,False
2025-12-15,BOT-005,0,0,98,0,98,0,510,0.0,0.0,True,78,False
2025-12-22,BOT-005,0,0,96,0,96,0,510,0.0,0.0,True,78,False
2025-12-29,BOT-005,0,0,58,0,58,0,510,0.0,0.0,True,78,False
2023-01-02,BOT-006,650,0,72,72,0,578,0,436806.16,9.099,False,163,False
2023-01-09,BOT-006,578,0,62,62,0,516,0,389951.52,8.106,False,163,False
2023-01-16,BOT-006,516,0,80,80,0,436,0,329493.92,6.835,False,163,False
2023-01-23,BOT-006,436,0,58,58,0,378,0,285662.16,5.913,False,163,False
2023-01-30,BOT-006,378,0,46,46,0,332,0,250899.04,5.182,False,163,False
2023-02-06,BOT-006,332,0,76,76,0,256,0,193464.32,3.987,False,163,False
2023-02-13,BOT-006,256,0,64,64,0,192,0,145098.24,2.984,False,163,False
2023-02-20,BOT-006,192,0,83,83,0,109,568,82373.48,1.691,False,163,True
2023-02-27,BOT-006,109,0,74,74,0,35,568,26450.2,0.542,False,163,False
2023-03-06,BOT-006,35,560,62,62,0,533,0,402798.76,8.232,False,163,False
2023-03-13,BOT-006,533,0,54,54,0,479,0,361989.88,7.382,False,163,False
2023-03-20,BOT-006,479,0,90,90,0,389,0,293975.08,5.983,False,163,False
2023-03-27,BOT-006,389,0,83,83,0,306,0,231250.32,4.696,False,163,False
2023-04-03,BOT-006,306,0,86,86,0,220,0,166258.4,3.369,False,163,False
2023-04-10,BOT-006,220,0,80,80,0,140,536,105800.8,2.14,False,163,True
2023-04-17,BOT-006,140,0,74,74,0,66,536,49877.52,1.007,False,163,False
2023-04-24,BOT-006,66,530,66,66,0,530,0,400531.6,8.066,False,163,False
2023-05-01,BOT-006,530,0,66,66,0,464,0,350654.08,7.047,False,163,False
2023-05-08,BOT-006,464,0,61,61,0,403,0,304555.16,6.108,False,163,False
2023-05-15,BOT-006,403,0,58,58,0,345,0,260723.4,5.218,False,163,False
2023-05-22,BOT-006,345,0,56,56,0,289,0,218403.08,4.362,False,163,False
2023-05-29,BOT-006,289,0,67,67,0,222,0,167769.84,3.344,False,163,False
2023-06-05,BOT-006,222,0,78,78,0,144,528,108823.68,2.165,False,163,True
2023-06-12,BOT-006,144,0,94,94,0,50,528,37786.0,0.75,False,163,False
2023-06-19,BOT-006,50,525,44,44,0,531,0,401287.32,7.949,False,163,False
2023-06-26,BOT-006,531,0,53,53,0,478,0,361234.16,7.141,False,163,False
2023-07-03,BOT-006,478,0,104,104,0,374,0,282639.28,5.576,False,163,False
2023-07-10,BOT-006,374,0,71,71,0,303,0,228983.16,4.508,False,163,False
2023-07-17,BOT-006,303,0,56,56,0,247,0,186662.84,3.668,False,163,False
2023-07-24,BOT-006,247,0,71,71,0,176,0,133006.72,2.608,False,163,False
2023-07-31,BOT-006,176,0,69,69,0,107,568,80862.04,1.582,False,163,True
2023-08-07,BOT-006,107,0,62,62,0,45,568,34007.4,0.664,False,163,False
2023-08-14,BOT-006,45,568,75,75,0,538,0,406577.36,7.925,False,163,False
2023-08-21,BOT-006,538,0,56,56,0,482,0,364257.04,7.085,False,163,False
2023-08-28,BOT-006,482,0,51,51,0,431,0,325715.32,6.323,False,163,False
2023-09-04,BOT-006,431,0,64,64,0,367,0,277349.24,5.373,False,163,False
2023-09-11,BOT-006,367,0,88,88,0,279,0,210845.88,4.077,False,163,False
2023-09-18,BOT-006,279,0,44,44,0,235,0,177594.2,3.427,False,163,False
2023-09-25,BOT-006,235,0,62,62,0,173,0,130739.56,2.518,False,163,False
2023-10-02,BOT-006,173,0,71,71,0,102,576,77083.44,1.482,False,163,True
2023-10-09,BOT-006,102,0,67,67,0,35,576,26450.2,0.507,False,163,False
2023-10-16,BOT-006,35,572,59,59,0,548,0,414134.56,7.928,False,163,False
2023-10-23,BOT-006,548,0,62,62,0,486,0,367279.92,7.017,False,163,False
2023-10-30,BOT-006,486,0,67,67,0,419,0,316646.68,6.038,False,163,False
2023-11-06,BOT-006,419,0,59,59,0,360,0,272059.2,5.178,False,163,False
2023-11-13,BOT-006,360,0,70,70,0,290,0,219158.8,4.163,False,163,False
2023-11-20,BOT-006,290,0,134,134,0,156,520,117892.32,2.235,False,163,True
2023-11-27,BOT-006,156,0,117,117,0,39,520,29473.08,0.558,False,163,False
2023-12-04,BOT-006,39,519,82,82,0,476,0,359722.72,6.793,False,163,False
2023-12-11,BOT-006,476,0,98,98,0,378,0,285662.16,5.384,False,163,False
2023-12-18,BOT-006,378,0,83,83,0,295,0,222937.4,4.193,False,163,False
2023-12-25,BOT-006,295,0,80,80,0,215,0,162479.8,3.05,False,163,False
2024-01-01,BOT-006,215,0,79,79,0,136,536,102777.92,1.926,False,163,True
2024-01-08,BOT-006,136,0,106,106,0,30,536,22671.6,0.424,False,163,False
2024-01-15,BOT-006,30,533,83,83,0,480,0,362745.6,6.771,False,163,False
2024-01-22,BOT-006,480,0,64,64,0,416,0,314379.52,5.857,False,163,False
2024-01-29,BOT-006,416,0,103,103,0,313,0,236540.36,4.398,False,163,False
2024-02-05,BOT-006,313,0,53,53,0,260,0,196487.2,3.646,False,163,False
2024-02-12,BOT-006,260,0,82,82,0,178,0,134518.16,2.492,False,163,False
2024-02-19,BOT-006,178,0,103,103,0,75,600,56679.0,1.048,False,163,True
2024-02-26,BOT-006,75,0,65,65,0,10,600,7557.2,0.139,False,163,False
2024-03-04,BOT-006,10,598,90,90,0,518,0,391462.96,7.209,False,163,False
2024-03-11,BOT-006,518,0,76,76,0,442,0,334028.24,6.14,False,163,False
2024-03-18,BOT-006,442,0,102,102,0,340,0,256944.8,4.714,False,163,False
2024-03-25,BOT-006,340,0,99,99,0,241,0,182128.52,3.335,False,163,False
2024-04-01,BOT-006,241,0,60,60,0,181,0,136785.32,2.5,False,163,False
2024-04-08,BOT-006,181,0,75,75,0,106,568,80106.32,1.461,False,163,True
2024-04-15,BOT-006,106,556,71,71,0,591,0,446630.52,8.133,False,163,False
2024-04-22,BOT-006,591,0,72,72,0,519,0,392218.68,7.128,False,163,False
2024-04-29,BOT-006,519,0,75,75,0,444,0,335539.68,6.087,False,163,False
2024-05-06,BOT-006,444,0,76,76,0,368,0,278104.96,5.036,False,163,False
2024-05-13,BOT-006,368,0,103,103,0,265,0,200265.8,3.619,False,163,False
2024-05-20,BOT-006,265,0,100,100,0,165,0,124693.8,2.249,False,163,False
2024-05-27,BOT-006,165,0,95,95,0,70,608,52900.4,0.953,False,163,True
2024-06-03,BOT-006,70,0,69,69,0,1,608,755.72,0.014,False,163,False
2024-06-10,BOT-006,1,593,115,115,0,479,0,361989.88,6.494,False,163,False
2024-06-17,BOT-006,479,0,101,101,0,378,0,285662.16,5.115,False,163,False
2024-06-24,BOT-006,378,0,90,90,0,288,0,217647.36,3.89,False,163,False
2024-07-01,BOT-006,288,0,69,69,0,219,0,165502.68,2.953,False,163,False
2024-07-08,BOT-006,219,0,56,56,0,163,512,123182.36,2.194,False,163,True
2024-07-15,BOT-006,163,0,51,51,0,112,512,84640.64,1.504,False,163,False
2024-07-22,BOT-006,112,504,63,63,0,553,0,417913.16,7.415,False,163,False
2024-07-29,BOT-006,553,0,87,87,0,466,0,352165.52,6.237,False,163,False
2024-08-05,BOT-006,466,0,75,75,0,391,0,295486.52,5.223,False,163,False
2024-08-12,BOT-006,391,0,59,59,0,332,0,250899.04,4.427,False,163,False
2024-08-19,BOT-006,332,0,72,72,0,260,0,196487.2,3.461,False,163,False
2024-08-26,BOT-006,260,0,85,85,0,175,0,132251.0,2.325,False,163,False
2024-09-02,BOT-006,175,0,68,68,0,107,568,80862.04,1.419,False,163,True
2024-09-09,BOT-006,107,0,79,79,0,28,568,21160.16,0.371,False,163,False
2024-09-16,BOT-006,28,553,59,59,0,522,0,394485.84,6.898,False,163,False
2024-09-23,BOT-006,522,0,105,105,0,417,0,315135.24,5.501,False,163,False
2024-09-30,BOT-006,417,0,57,57,0,360,0,272059.2,4.74,False,163,False
2024-10-07,BOT-006,360,0,81,81,0,279,0,210845.88,3.667,False,163,False
2024-10-14,BOT-006,279,0,68,68,0,211,0,159456.92,2.768,False,163,False
2024-10-21,BOT-006,211,0,56,56,0,155,520,117136.6,2.03,False,163,True
2024-10-28,BOT-006,155,0,75,75,0,80,520,60457.6,1.046,False,163,False
2024-11-04,BOT-006,80,518,83,83,0,515,0,389195.8,6.721,False,163,False
2024-11-11,BOT-006,515,0,76,76,0,439,0,331761.08,5.719,False,163,False
2024-11-18,BOT-006,439,0,109,109,0,330,0,249387.6,4.291,False,163,False
2024-11-25,BOT-006,330,0,116,116,0,214,0,161724.08,2.778,False,163,False
2024-12-02,BOT-006,214,0,88,88,0,126,552,95220.72,1.633,False,163,True
2024-12-09,BOT-006,126,0,97,97,0,29,552,21915.88,0.375,False,163,False
2024-12-16,BOT-006,29,537,95,95,0,471,0,355944.12,6.081,False,163,False
2024-12-23,BOT-006,471,0,96,96,0,375,0,283395.0,4.833,False,163,False
2024-12-30,BOT-006,375,0,59,59,0,316,0,238807.52,4.066,False,163,False
2025-01-06,BOT-006,316,0,93,93,0,223,0,168525.56,2.864,False,163,False
2025-01-13,BOT-006,223,0,92,92,0,131,544,98999.32,1.68,False,163,True
2025-01-20,BOT-006,131,0,69,69,0,62,544,46854.64,0.794,False,163,False
2025-01-27,BOT-006,62,529,79,79,0,512,0,386928.64,6.542,False,163,False
2025-02-03,BOT-006,512,0,104,104,0,408,0,308333.76,5.204,False,163,False
2025-02-10,BOT-006,408,0,84,84,0,324,0,244853.28,4.125,False,163,False
2025-02-17,BOT-006,324,0,97,97,0,227,0,171548.44,2.885,False,163,False
2025-02-24,BOT-006,227,0,78,78,0,149,528,112602.28,1.89,False,163,True
2025-03-03,BOT-006,149,0,80,80,0,69,528,52144.68,0.874,False,163,False
2025-03-10,BOT-006,69,514,62,62,0,521,0,393730.12,6.588,False,163,False
2025-03-17,BOT-006,521,0,100,100,0,421,0,318158.12,5.314,False,163,False
2025-03-24,BOT-006,421,0,84,84,0,337,0,254677.64,4.246,False,163,False
2025-03-31,BOT-006,337,0,102,102,0,235,0,177594.2,2.956,False,163,False
2025-04-07,BOT-006,235,0,79,79,0,156,520,117892.32,1.959,False,163,True
2025-04-14,BOT-006,156,512,102,102,0,566,0,427737.52,7.095,False,163,False
2025-04-21,BOT-006,566,0,84,84,0,482,0,364257.04,6.032,False,163,False
2025-04-28,BOT-006,482,0,93,93,0,389,0,293975.08,4.86,False,163,False
2025-05-05,BOT-006,389,0,84,84,0,305,0,230494.6,3.804,False,163,False
2025-05-12,BOT-006,305,0,103,103,0,202,0,152655.44,2.515,False,163,False
2025-05-19,BOT-006,202,0,102,102,0,100,576,75572.0,1.243,False,163,True
2025-05-26,BOT-006,100,0,84,84,0,16,576,12091.52,0.199,False,163,False
2025-06-02,BOT-006,16,559,70,70,0,505,0,381638.6,6.256,False,163,False
2025-06-09,BOT-006,505,0,104,104,0,401,0,303043.72,4.959,False,163,False
2025-06-16,BOT-006,401,0,72,72,0,329,0,248631.88,4.062,False,163,False
2025-06-23,BOT-006,329,0,82,82,0,247,0,186662.84,3.044,False,163,False
2025-06-30,BOT-006,247,0,79,79,0,168,0,126960.96,2.067,False,163,False
2025-07-07,BOT-006,168,0,69,69,0,99,576,74816.28,1.216,False,163,True
2025-07-14,BOT-006,99,0,88,88,0,11,576,8312.92,0.135,False,163,False
2025-07-21,BOT-006,11,562,103,103,0,470,0,355188.4,5.754,False,163,False
2025-07-28,BOT-006,470,0,70,70,0,400,0,302288.0,4.889,False,163,False
2025-08-04,BOT-006,400,0,74,74,0,326,0,246364.72,3.978,False,163,False
2025-08-11,BOT-006,326,0,82,82,0,244,0,184395.68,2.972,False,163,False
2025-08-18,BOT-006,244,0,73,73,0,171,0,129228.12,2.08,False,163,False
2025-08-25,BOT-006,171,0,73,73,0,98,576,74060.56,1.19,False,163,True
2025-09-01,BOT-006,98,0,120,98,22,0,576,0.0,0.0,True,163,False
2025-09-08,BOT-006,0,572,70,70,0,502,0,379371.44,6.075,False,163,False
2025-09-15,BOT-006,502,0,60,60,0,442,0,334028.24,5.34,False,163,False
2025-09-22,BOT-006,442,0,85,85,0,357,0,269792.04,4.306,False,163,False
2025-09-29,BOT-006,357,0,86,86,0,271,0,204800.12,3.263,False,163,False
2025-10-06,BOT-006,271,0,95,95,0,176,0,133006.72,2.116,False,163,False
2025-10-13,BOT-006,176,0,73,73,0,103,568,77839.16,1.236,False,163,True
2025-10-20,BOT-006,103,0,50,50,0,53,568,40053.16,0.635,False,163,False
2025-10-27,BOT-006,53,563,80,80,0,536,0,405065.92,6.412,False,163,False
2025-11-03,BOT-006,536,0,103,103,0,433,0,327226.76,5.171,False,163,False
2025-11-10,BOT-006,433,0,82,82,0,351,0,265257.72,4.185,False,163,False
2025-11-17,BOT-006,351,0,147,147,0,204,0,154166.88,2.428,False,163,False
2025-11-24,BOT-006,204,0,133,133,0,71,600,53656.12,0.844,False,163,True
2025-12-01,BOT-006,71,0,88,71,17,0,600,0.0,0.0,True,163,False
2025-12-08,BOT-006,0,585,142,142,0,443,0,334783.96,5.248,False,163,False
2025-12-15,BOT-006,443,0,79,79,0,364,0,275082.08,4.305,False,163,False
2025-12-22,BOT-006,364,0,105,105,0,259,0,195731.48,3.058,False,163,False
2025-12-29,BOT-006,259,0,90,90,0,169,0,127716.68,1.992,False,163,False
2023-01-02,BOT-007,589,0,80,80,0,509,0,368571.99,9.893,False,190,False
2023-01-09,BOT-007,509,0,49,49,0,460,0,333090.6,8.922,False,190,False
2023-01-16,BOT-007,460,0,73,73,0,387,0,280230.57,7.49,False,190,False
2023-01-23,BOT-007,387,0,66,66,0,321,0,232439.31,6.199,False,190,False
2023-01-30,BOT-007,321,0,62,62,0,259,0,187544.49,4.991,False,190,False
2023-02-06,BOT-007,259,0,52,52,0,207,0,149890.77,3.981,False,190,False
2023-02-13,BOT-007,207,0,58,58,0,149,456,107892.39,2.859,False,190,True
2023-02-20,BOT-007,149,0,51,51,0,98,456,70962.78,1.877,False,190,False
2023-02-27,BOT-007,98,0,71,71,0,27,456,19550.97,0.516,False,190,False
2023-03-06,BOT-007,27,445,51,51,0,421,0,304850.31,8.027,False,190,False
2023-03-13,BOT-007,421,0,48,48,0,373,0,270093.03,7.097,False,190,False
2023-03-20,BOT-007,373,0,79,79,0,294,0,212888.34,5.582,False,190,False
2023-03-27,BOT-007,294,0,42,42,0,252,0,182475.72,4.775,False,190,False
2023-04-03,BOT-007,252,0,47,47,0,205,0,148442.55,3.876,False,190,False
2023-04-10,BOT-007,205,0,65,65,0,140,464,101375.4,2.642,False,190,True
2023-04-17,BOT-007,140,0,64,64,0,76,464,55032.36,1.431,False,190,False
2023-04-24,BOT-007,76,0,58,58,0,18,464,13033.98,0.338,False,190,False
2023-05-01,BOT-007,18,450,81,81,0,387,0,280230.57,7.257,False,190,False
2023-05-08,BOT-007,387,0,64,64,0,323,0,233887.53,6.044,False,190,False
2023-05-15,BOT-007,323,0,46,46,0,277,0,200578.47,5.173,False,190,False
2023-05-22,BOT-007,277,0,49,49,0,228,0,165097.08,4.249,False,190,False
2023-05-29,BOT-007,228,0,44,44,0,184,420,133236.24,3.422,False,190,True
2023-06-05,BOT-007,184,0,49,49,0,135,420,97754.85,2.505,False,190,False
2023-06-12,BOT-007,135,0,76,76,0,59,420,42722.49,1.093,False,190,False
2023-06-19,BOT-007,59,411,57,57,0,413,0,299057.43,7.633,False,190,False
2023-06-26,BOT-007,413,0,42,42,0,371,0,268644.81,6.843,False,190,False
2023-07-03,BOT-007,371,0,59,59,0,312,0,225922.32,5.743,False,190,False
2023-07-10,BOT-007,312,0,54,54,0,258,0,186820.38,4.739,False,190,False
2023-07-17,BOT-007,258,0,51,51,0,207,0,149890.77,3.795,False,190,False
2023-07-24,BOT-007,207,0,66,66,0,141,464,102099.51,2.58,False,190,True
2023-07-31,BOT-007,141,0,43,43,0,98,464,70962.78,1.789,False,190,False
2023-08-07,BOT-007,98,0,51,51,0,47,464,34033.17,0.856,False,190,False
2023-08-14,BOT-007,47,463,66,66,0,444,0,321504.84,8.074,False,190,False
2023-08-21,BOT-007,444,0,76,76,0,368,0,266472.48,6.679,False,190,False
2023-08-28,BOT-007,368,0,57,57,0,311,0,225198.21,5.633,False,190,False
2023-09-04,BOT-007,311,0,59,59,0,252,0,182475.72,4.555,False,190,False
2023-09-11,BOT-007,252,0,63,63,0,189,416,136856.79,3.41,False,190,True
2023-09-18,BOT-007,189,0,72,72,0,117,416,84720.87,2.106,False,190,False
2023-09-25,BOT-007,117,0,59,59,0,58,416,41998.38,1.042,False,190,False
2023-10-02,BOT-007,58,410,50,50,0,418,0,302677.98,7.496,False,190,False
2023-10-09,BOT-007,418,0,49,49,0,369,0,267196.59,6.604,False,190,False
2023-10-16,BOT-007,369,0,52,52,0,317,0,229542.87,5.662,False,190,False
2023-10-23,BOT-007,317,0,53,53,0,264,0,191165.04,4.706,False,190,False
2023-10-30,BOT-007,264,0,48,48,0,216,0,156407.76,3.843,False,190,False
2023-11-06,BOT-007,216,0,64,64,0,152,452,110064.72,2.699,False,190,True
2023-11-13,BOT-007,152,0,54,54,0,98,452,70962.78,1.737,False,190,False
2023-11-20,BOT-007,98,0,97,97,0,1,452,724.11,0.018,False,190,False
2023-11-27,BOT-007,1,444,88,88,0,357,0,258507.27,6.302,False,190,False
2023-12-04,BOT-007,357,0,69,69,0,288,0,208543.68,5.074,False,190,False
2023-12-11,BOT-007,288,0,67,67,0,221,0,160028.31,3.886,False,190,False
2023-12-18,BOT-007,221,0,59,59,0,162,440,117305.82,2.843,False,190,True
2023-12-25,BOT-007,162,0,85,85,0,77,440,55756.47,1.349,False,190,False
2024-01-01,BOT-007,77,0,51,51,0,26,440,18826.86,0.455,False,190,False
2024-01-08,BOT-007,26,430,81,81,0,375,0,271541.25,6.543,False,190,False
2024-01-15,BOT-007,375,0,71,71,0,304,0,220129.44,5.294,False,190,False
2024-01-22,BOT-007,304,0,48,48,0,256,0,185372.16,4.45,False,190,False
2024-01-29,BOT-007,256,0,40,40,0,216,0,156407.76,3.747,False,190,False
2024-02-05,BOT-007,216,0,60,60,0,156,448,112961.16,2.701,False,190,True
2024-02-12,BOT-007,156,0,58,58,0,98,448,70962.78,1.694,False,190,False
2024-02-19,BOT-007,98,0,63,63,0,35,448,25343.85,0.604,False,190,False
2024-02-26,BOT-007,35,439,36,36,0,438,0,317160.18,7.54,False,190,False
2024-03-04,BOT-007,438,0,65,65,0,373,0,270093.03,6.409,False,190,False
2024-03-11,BOT-007,373,0,73,73,0,300,0,217233.0,5.145,False,190,False
2024-03-18,BOT-007,300,0,72,72,0,228,0,165097.08,3.903,False,190,False
2024-03-25,BOT-007,228,0,71,71,0,157,448,113685.27,2.682,False,190,True
2024-04-01,BOT-007,157,0,90,90,0,67,448,48515.37,1.143,False,190,False
2024-04-08,BOT-007,67,0,48,48,0,19,448,13758.09,0.323,False,190,False
2024-04-15,BOT-007,19,442,68,68,0,393,0,284575.23,6.677,False,190,False
2024-04-22,BOT-007,393,0,65,65,0,328,0,237508.08,5.562,False,190,False
2024-04-29,BOT-007,328,0,63,63,0,265,0,191889.15,4.485,False,190,False
2024-05-06,BOT-007,265,0,86,86,0,179,424,129615.69,3.024,False,190,True
2024-05-13,BOT-007,179,0,55,55,0,124,424,89789.64,2.091,False,190,False
2024-05-20,BOT-007,124,0,72,72,0,52,424,37653.72,0.875,False,190,False
2024-05-27,BOT-007,52,414,68,68,0,398,0,288195.78,6.686,False,190,False
2024-06-03,BOT-007,398,0,59,59,0,339,0,245473.29,5.685,False,190,False
2024-06-10,BOT-007,339,0,80,80,0,259,0,187544.49,4.335,False,190,False
2024-06-17,BOT-007,259,0,63,63,0,196,0,141925.56,3.274,False,190,False
2024-06-24,BOT-007,196,0,65,65,0,131,472,94858.41,2.185,False,190,True
2024-07-01,BOT-007,131,0,63,63,0,68,472,49239.48,1.132,False,190,False
2024-07-08,BOT-007,68,0,59,59,0,9,472,6516.99,0.15,False,190,False
2024-07-15,BOT-007,9,459,66,66,0,402,0,291092.22,6.667,False,190,False
2024-07-22,BOT-007,402,0,95,95,0,307,0,222301.77,5.082,False,190,False
2024-07-29,BOT-007,307,0,51,51,0,256,0,185372.16,4.23,False,190,False
2024-08-05,BOT-007,256,0,47,47,0,209,0,151338.99,3.447,False,190,False
2024-08-12,BOT-007,209,0,59,59,0,150,452,108616.5,2.469,False,190,True
2024-08-19,BOT-007,150,0,43,43,0,107,452,77479.77,1.758,False,190,False
2024-08-26,BOT-007,107,0,55,55,0,52,452,37653.72,0.853,False,190,False
2024-09-02,BOT-007,52,443,54,54,0,441,0,319332.51,7.221,False,190,False
2024-09-09,BOT-007,441,0,66,66,0,375,0,271541.25,6.129,False,190,False
2024-09-16,BOT-007,375,0,59,59,0,316,0,228818.76,5.155,False,190,False
2024-09-23,BOT-007,316,0,70,70,0,246,0,178131.06,4.006,False,190,False
2024-09-30,BOT-007,246,0,53,53,0,193,0,139753.23,3.137,False,190,False
2024-10-07,BOT-007,193,0,65,65,0,128,476,92686.08,2.077,False,190,True
2024-10-14,BOT-007,128,0,73,73,0,55,476,39826.05,0.891,False,190,False
2024-10-21,BOT-007,55,0,63,55,8,0,476,0.0,0.0,True,190,False
2024-10-28,BOT-007,0,465,57,57,0,408,0,295436.88,6.585,False,190,False
2024-11-04,BOT-007,408,0,96,96,0,312,0,225922.32,5.027,False,190,False
2024-11-11,BOT-007,312,0,45,45,0,267,0,193337.37,4.294,False,190,False
2024-11-18,BOT-007,267,0,108,108,0,159,444,115133.49,2.553,False,190,True
2024-11-25,BOT-007,159,0,146,146,0,13,444,9413.43,0.208,False,190,False
2024-12-02,BOT-007,13,0,54,13,41,0,444,0.0,0.0,True,190,False
2024-12-09,BOT-007,0,440,92,92,0,348,0,251990.28,5.557,False,190,False
2024-12-16,BOT-007,348,0,67,67,0,281,0,203474.91,4.479,False,190,False
2024-12-23,BOT-007,281,0,57,57,0,224,0,162200.64,3.564,False,190,False
2024-12-30,BOT-007,224,0,40,40,0,184,420,133236.24,2.923,False,190,True
2025-01-06,BOT-007,184,0,75,75,0,109,420,78927.99,1.728,False,190,False
2025-01-13,BOT-007,109,0,67,67,0,42,420,30412.62,0.665,False,190,False
2025-01-20,BOT-007,42,414,62,62,0,394,0,285299.34,6.226,False,190,False
2025-01-27,BOT-007,394,0,62,62,0,332,0,240404.52,5.237,False,190,False
2025-02-03,BOT-007,332,0,92,92,0,240,0,173786.4,3.779,False,190,False
2025-02-10,BOT-007,240,0,57,57,0,183,420,132512.13,2.877,False,190,True
2025-02-17,BOT-007,183,0,48,48,0,135,420,97754.85,2.118,False,190,False
2025-02-24,BOT-007,135,0,79,79,0,56,420,40550.16,0.877,False,190,False
2025-03-03,BOT-007,56,412,79,79,0,389,0,281678.79,6.083,False,190,False
2025-03-10,BOT-007,389,0,86,86,0,303,0,219405.33,4.73,False,190,False
2025-03-17,BOT-007,303,0,75,75,0,228,0,165097.08,3.553,False,190,False
2025-03-24,BOT-007,228,0,64,64,0,164,440,118754.04,2.551,False,190,True
2025-03-31,BOT-007,164,0,70,70,0,94,440,68066.34,1.46,False,190,False
2025-04-07,BOT-007,94,436,54,54,0,476,0,344676.36,7.38,False,190,False
2025-04-14,BOT-007,476,0,49,49,0,427,0,309194.97,6.609,False,190,False
2025-04-21,BOT-007,427,0,60,60,0,367,0,265748.37,5.67,False,190,False
2025-04-28,BOT-007,367,0,61,61,0,306,0,221577.66,4.72,False,190,False
2025-05-05,BOT-007,306,0,76,76,0,230,0,166545.3,3.541,False,190,False
2025-05-12,BOT-007,230,0,93,93,0,137,468,99203.07,2.106,False,190,True
2025-05-19,BOT-007,137,0,57,57,0,80,468,57928.8,1.228,False,190,False
2025-05-26,BOT-007,80,0,71,71,0,9,468,6516.99,0.138,False,190,False
2025-06-02,BOT-007,9,457,75,75,0,391,0,283127.01,5.98,False,190,False
2025-06-09,BOT-007,391,0,83,83,0,308,0,223025.88,4.702,False,190,False
2025-06-16,BOT-007,308,0,54,54,0,254,0,183923.94,3.871,False,190,False
2025-06-23,BOT-007,254,0,65,65,0,189,416,136856.79,2.876,False,190,True
2025-06-30,BOT-007,189,0,93,93,0,96,416,69514.56,1.458,False,190,False
2025-07-07,BOT-007,96,0,58,58,0,38,416,27516.18,0.576,False,190,False
2025-07-14,BOT-007,38,413,49,49,0,402,0,291092.22,6.086,False,190,False
2025-07-21,BOT-007,402,0,62,62,0,340,0,246197.4,5.139,False,190,False
2025-07-28,BOT-007,340,0,67,67,0,273,0,197682.03,4.119,False,190,False
2025-08-04,BOT-007,273,0,64,64,0,209,0,151338.99,3.148,False,190,False
2025-08-11,BOT-007,209,0,62,62,0,147,456,106444.17,2.211,False,190,True
2025-08-18,BOT-007,147,0,57,57,0,90,456,65169.9,1.351,False,190,False
2025-08-25,BOT-007,90,0,61,61,0,29,456,20999.19,0.435,False,190,False
2025-09-01,BOT-007,29,456,42,42,0,443,0,320780.73,6.629,False,190,False
2025-09-08,BOT-007,443,0,75,75,0,368,0,266472.48,5.498,False,190,False
2025-09-15,BOT-007,368,0,52,52,0,316,0,228818.76,4.713,False,190,False
2025-09-22,BOT-007,316,0,66,66,0,250,0,181027.5,3.723,False,190,False
2025-09-29,BOT-007,250,0,56,56,0,194,0,140477.34,2.884,False,190,False
2025-10-06,BOT-007,194,0,58,58,0,136,468,98478.96,2.018,False,190,True
2025-10-13,BOT-007,136,0,55,55,0,81,468,58652.91,1.2,False,190,False
2025-10-20,BOT-007,81,0,37,37,0,44,468,31860.84,0.651,False,190,False
2025-10-27,BOT-007,44,460,62,62,0,442,0,320056.62,6.528,False,190,False
2025-11-03,BOT-007,442,0,82,82,0,360,0,260679.6,5.308,False,190,False
2025-11-10,BOT-007,360,0,64,64,0,296,0,214336.56,4.357,False,190,False
2025-11-17,BOT-007,296,0,109,109,0,187,416,135408.57,2.748,False,190,True
2025-11-24,BOT-007,187,0,157,157,0,30,416,21723.3,0.44,False,190,False
2025-12-01,BOT-007,30,0,62,30,32,0,416,0.0,0.0,True,190,False
2025-12-08,BOT-007,0,405,75,75,0,330,0,238956.3,4.826,False,190,False
2025-12-15,BOT-007,330,0,99,99,0,231,0,167269.41,3.373,False,190,False
2025-12-22,BOT-007,231,0,106,106,0,125,480,90513.75,1.822,False,190,True
2025-12-29,BOT-007,125,477,71,71,0,531,0,384502.41,7.729,False,190,False
2023-01-02,BOT-008,474,0,54,54,0,420,0,339868.2,9.855,False,110,False
2023-01-09,BOT-008,420,0,37,37,0,383,0,309927.43,8.967,False,110,False
2023-01-16,BOT-008,383,0,49,49,0,334,0,270276.14,7.803,False,110,False
2023-01-23,BOT-008,334,0,54,54,0,280,0,226578.8,6.528,False,110,False
2023-01-30,BOT-008,280,0,49,49,0,231,0,186927.51,5.374,False,110,False
2023-02-06,BOT-008,231,0,34,34,0,197,0,159414.37,4.573,False,110,False
2023-02-13,BOT-008,197,0,66,66,0,131,0,106006.51,3.035,False,110,False
2023-02-20,BOT-008,131,0,53,53,0,78,380,63118.38,1.803,False,110,True
2023-02-27,BOT-008,78,0,39,39,0,39,380,31559.19,0.9,False,110,False
2023-03-06,BOT-008,39,376,60,60,0,355,0,287269.55,8.171,False,110,False
2023-03-13,BOT-008,355,0,42,42,0,313,0,253282.73,7.189,False,110,False
2023-03-20,BOT-008,313,0,56,56,0,257,0,207966.97,5.891,False,110,False
2023-03-27,BOT-008,257,0,42,42,0,215,0,173980.15,4.918,False,110,False
2023-04-03,BOT-008,215,0,49,49,0,166,0,134328.86,3.789,False,110,False
2023-04-10,BOT-008,166,0,43,43,0,123,0,99532.83,2.802,False,110,False
2023-04-17,BOT-008,123,0,46,46,0,77,380,62309.17,1.75,False,110,True
2023-04-24,BOT-008,77,0,56,56,0,21,380,16993.41,0.476,False,110,False
2023-05-01,BOT-008,21,369,58,58,0,332,0,268657.72,7.515,False,110,False
2023-05-08,BOT-008,332,0,54,54,0,278,0,224960.38,6.28,False,110,False
2023-05-15,BOT-008,278,0,79,79,0,199,0,161032.79,4.486,False,110,False
2023-05-22,BOT-008,199,0,43,43,0,156,0,126236.76,3.509,False,110,False
2023-05-29,BOT-008,156,0,59,59,0,97,360,78493.37,2.178,False,110,True
2023-06-05,BOT-008,97,0,46,46,0,51,360,41269.71,1.143,False,110,False
2023-06-12,BOT-008,51,352,60,60,0,343,0,277559.03,7.669,False,110,False
2023-06-19,BOT-008,343,0,42,42,0,301,0,243572.21,6.716,False,110,False
2023-06-26,BOT-008,301,0,32,32,0,269,0,217677.49,5.99,False,110,False
2023-07-03,BOT-008,269,0,55,55,0,214,0,173170.94,4.755,False,110,False
2023-07-10,BOT-008,214,0,46,46,0,168,0,135947.28,3.726,False,110,False
2023-07-17,BOT-008,168,0,43,43,0,125,0,101151.25,2.766,False,110,False
2023-07-24,BOT-008,125,0,36,36,0,89,370,72019.69,1.966,False,110,True
2023-07-31,BOT-008,89,0,52,52,0,37,370,29940.77,0.816,False,110,False
2023-08-07,BOT-008,37,364,46,46,0,355,0,287269.55,7.809,False,110,False
2023-08-14,BOT-008,355,0,57,57,0,298,0,241144.58,6.542,False,110,False
2023-08-21,BOT-008,298,0,34,34,0,264,0,213631.44,5.784,False,110,False
2023-08-28,BOT-008,264,0,32,32,0,232,0,187736.72,5.073,False,110,False
2023-09-04,BOT-008,232,0,34,34,0,198,0,160223.58,4.321,False,110,False
2023-09-11,BOT-008,198,0,54,54,0,144,0,116526.24,3.136,False,110,False
2023-09-18,BOT-008,144,0,59,59,0,85,370,68782.85,1.847,False,110,True
2023-09-25,BOT-008,85,0,53,53,0,32,370,25894.72,0.694,False,110,False
2023-10-02,BOT-008,32,359,46,46,0,345,0,279177.45,7.469,False,110,False
2023-10-09,BOT-008,345,0,56,56,0,289,0,233861.69,6.244,False,110,False
2023-10-16,BOT-008,289,0,47,47,0,242,0,195828.82,5.218,False,110,False
2023-10-23,BOT-008,242,0,49,49,0,193,0,156177.53,4.153,False,110,False
2023-10-30,BOT-008,193,0,43,43,0,150,0,121381.5,3.222,False,110,False
2023-11-06,BOT-008,150,0,51,51,0,99,360,80111.79,2.122,False,110,True
2023-11-13,BOT-008,99,0,41,41,0,58,360,46934.18,1.241,False,110,False
2023-11-20,BOT-008,58,357,95,95,0,320,0,258947.2,6.832,False,110,False
2023-11-27,BOT-008,320,0,78,78,0,242,0,195828.82,5.157,False,110,False
2023-12-04,BOT-008,242,0,34,34,0,208,0,168315.68,4.424,False,110,False
2023-12-11,BOT-008,208,0,57,57,0,151,0,122190.71,3.205,False,110,False
2023-12-18,BOT-008,151,0,73,73,0,78,380,63118.38,1.652,False,110,True
2023-12-25,BOT-008,78,0,56,56,0,22,380,17802.62,0.465,False,110,False
2024-01-01,BOT-008,22,370,49,49,0,343,0,277559.03,7.239,False,110,False
2024-01-08,BOT-008,343,0,43,43,0,300,0,242763.0,6.319,False,110,False
2024-01-15,BOT-008,300,0,46,46,0,254,0,205539.34,5.34,False,110,False
2024-01-22,BOT-008,254,0,47,47,0,207,0,167506.47,4.343,False,110,False
2024-01-29,BOT-008,207,0,57,57,0,150,0,121381.5,3.141,False,110,False
2024-02-05,BOT-008,150,0,56,56,0,94,360,76065.74,1.965,False,110,True
2024-02-12,BOT-008,94,0,56,56,0,38,360,30749.98,0.793,False,110,False
2024-02-19,BOT-008,38,352,42,42,0,348,0,281605.08,7.246,False,110,False
2024-02-26,BOT-008,348,0,58,58,0,290,0,234670.9,6.027,False,110,False
2024-03-04,BOT-008,290,0,51,51,0,239,0,193401.19,4.958,False,110,False
2024-03-11,BOT-008,239,0,42,42,0,197,0,159414.37,4.079,False,110,False
2024-03-18,BOT-008,197,0,48,48,0,149,0,120572.29,3.079,False,110,False
2024-03-25,BOT-008,149,0,45,45,0,104,350,84157.84,2.145,False,110,True
2024-04-01,BOT-008,104,0,55,55,0,49,350,39651.29,1.009,False,110,False
2024-04-08,BOT-008,49,342,58,58,0,333,0,269466.93,6.842,False,110,False
2024-04-15,BOT-008,333,0,51,51,0,282,0,228197.22,5.783,False,110,False
2024-04-22,BOT-008,282,0,56,56,0,226,0,182881.46,4.626,False,110,False
2024-04-29,BOT-008,226,0,59,59,0,167,0,135138.07,3.412,False,110,False
2024-05-06,BOT-008,167,0,45,45,0,122,0,98723.62,2.488,False,110,False
2024-05-13,BOT-008,122,0,48,48,0,74,380,59881.54,1.506,False,110,True
2024-05-20,BOT-008,74,0,57,57,0,17,380,13756.57,0.345,False,110,False
2024-05-27,BOT-008,17,370,50,50,0,337,0,272703.77,6.834,False,110,False
2024-06-03,BOT-008,337,0,48,48,0,289,0,233861.69,5.85,False,110,False
2024-06-10,BOT-008,289,0,73,73,0,216,0,174789.36,4.364,False,110,False
2024-06-17,BOT-008,216,0,50,50,0,166,0,134328.86,3.348,False,110,False
2024-06-24,BOT-008,166,0,61,61,0,105,350,84967.05,2.114,False,110,True
2024-07-01,BOT-008,105,0,66,66,0,39,350,31559.19,0.784,False,110,False
2024-07-08,BOT-008,39,347,37,37,0,349,0,282414.29,7.0,False,110,False
2024-07-15,BOT-008,349,0,50,50,0,299,0,241953.79,5.986,False,110,False
2024-07-22,BOT-008,299,0,70,70,0,229,0,185309.09,4.576,False,110,False
2024-07-29,BOT-008,229,0,52,52,0,177,0,143230.17,3.531,False,110,False
2024-08-05,BOT-008,177,0,47,47,0,130,0,105197.3,2.588,False,110,False
2024-08-12,BOT-008,130,0,50,50,0,80,380,64736.8,1.59,False,110,True
2024-08-19,BOT-008,80,0,44,44,0,36,380,29131.56,0.714,False,110,False
2024-08-26,BOT-008,36,369,41,41,0,364,0,294552.44,7.208,False,110,False
2024-09-02,BOT-008,364,0,40,40,0,324,0,262184.04,6.404,False,110,False
2024-09-09,BOT-008,324,0,67,67,0,257,0,207966.97,5.071,False,110,False
2024-09-16,BOT-008,257,0,44,44,0,213,0,172361.73,4.195,False,110,False
2024-09-23,BOT-008,213,0,57,57,0,156,0,126236.76,3.067,False,110,False
2024-09-30,BOT-008,156,0,44,44,0,112,0,90631.52,2.198,False,110,False
2024-10-07,BOT-008,112,0,45,45,0,67,390,54217.07,1.312,False,110,True
2024-10-14,BOT-008,67,0,41,41,0,26,390,21039.46,0.508,False,110,False
2024-10-21,BOT-008,26,380,80,80,0,326,0,263802.46,6.363,False,110,False
2024-10-28,BOT-008,326,0,37,37,0,289,0,233861.69,5.631,False,110,False
2024-11-04,BOT-008,289,0,58,58,0,231,0,186927.51,4.493,False,110,False
2024-11-11,BOT-008,231,0,56,56,0,175,0,141611.75,3.398,False,110,False
2024-11-18,BOT-008,175,0,83,83,0,92,360,74447.32,1.783,False,110,True
2024-11-25,BOT-008,92,0,86,86,0,6,360,4855.26,0.116,False,110,False
2024-12-02,BOT-008,6,351,52,52,0,305,0,246809.05,5.89,False,110,False
2024-12-09,BOT-008,305,0,79,79,0,226,0,182881.46,4.357,False,110,False
2024-12-16,BOT-008,226,0,66,66,0,160,0,129473.6,3.079,False,110,False
2024-12-23,BOT-008,160,0,62,62,0,98,360,79302.58,1.883,False,110,True
2024-12-30,BOT-008,98,0,49,49,0,49,360,39651.29,0.94,False,110,False
2025-01-06,BOT-008,49,357,33,33,0,373,0,301835.33,7.14,False,110,False
2025-01-13,BOT-008,373,0,54,54,0,319,0,258137.99,6.096,False,110,False
2025-01-20,BOT-008,319,0,69,69,0,250,0,202302.5,4.769,False,110,False
2025-01-27,BOT-008,250,0,56,56,0,194,0,156986.74,3.694,False,110,False
2025-02-03,BOT-008,194,0,39,39,0,155,0,125427.55,2.946,False,110,False
2025-02-10,BOT-008,155,0,53,53,0,102,350,82539.42,1.935,False,110,True
2025-02-17,BOT-008,102,0,52,52,0,50,350,40460.5,0.947,False,110,False
2025-02-24,BOT-008,50,348,70,70,0,328,0,265420.88,6.202,False,110,False
2025-03-03,BOT-008,328,0,66,66,0,262,0,212013.02,4.946,False,110,False
2025-03-10,BOT-008,262,0,60,60,0,202,0,163460.42,3.807,False,110,False
2025-03-17,BOT-008,202,0,76,76,0,126,0,101960.46,2.37,False,110,False
2025-03-24,BOT-008,126,0,49,49,0,77,380,62309.17,1.446,False,110,True
2025-03-31,BOT-008,77,370,68,68,0,379,0,306690.59,7.105,False,110,False
2025-04-07,BOT-008,379,0,46,46,0,333,0,269466.93,6.232,False,110,False
2025-04-14,BOT-008,333,0,35,35,0,298,0,241144.58,5.568,False,110,False
2025-04-21,BOT-008,298,0,62,62,0,236,0,190973.56,4.402,False,110,False
2025-04-28,BOT-008,236,0,64,64,0,172,0,139184.12,3.203,False,110,False
2025-05-05,BOT-008,172,0,61,61,0,111,0,89822.31,2.063,False,110,False
2025-05-12,BOT-008,111,0,51,51,0,60,400,48552.6,1.113,False,110,True
2025-05-19,BOT-008,60,0,67,60,7,0,400,0.0,0.0,True,110,False
2025-05-26,BOT-008,0,397,55,55,0,342,0,276749.82,6.325,False,110,False
2025-06-02,BOT-008,342,0,42,42,0,300,0,242763.0,5.539,False,110,False
2025-06-09,BOT-008,300,0,56,56,0,244,0,197447.24,4.497,False,110,False
2025-06-16,BOT-008,244,0,47,47,0,197,0,159414.37,3.625,False,110,False
2025-06-23,BOT-008,197,0,45,45,0,152,0,122999.92,2.792,False,110,False
2025-06-30,BOT-008,152,0,66,66,0,86,370,69592.06,1.577,False,110,True
2025-07-07,BOT-008,86,0,50,50,0,36,370,29131.56,0.659,False,110,False
2025-07-14,BOT-008,36,363,63,63,0,336,0,271894.56,6.141,False,110,False
2025-07-21,BOT-008,336,0,49,49,0,287,0,232243.27,5.237,False,110,False
2025-07-28,BOT-008,287,0,60,60,0,227,0,183690.67,4.135,False,110,False
2025-08-04,BOT-008,227,0,42,42,0,185,0,149703.85,3.364,False,110,False
2025-08-11,BOT-008,185,0,44,44,0,141,0,114098.61,2.56,False,110,False
2025-08-18,BOT-008,141,0,46,46,0,95,360,76874.95,1.722,False,110,True
2025-08-25,BOT-008,95,0,50,50,0,45,360,36414.45,0.814,False,110,False
2025-09-01,BOT-008,45,354,64,64,0,335,0,271085.35,6.052,False,110,False
2025-09-08,BOT-008,335,0,55,55,0,280,0,226578.8,5.05,False,110,False
2025-09-15,BOT-008,280,0,38,38,0,242,0,195828.82,4.357,False,110,False
2025-09-22,BOT-008,242,0,59,59,0,183,0,148085.43,3.289,False,110,False
2025-09-29,BOT-008,183,0,34,34,0,149,0,120572.29,2.674,False,110,False
2025-10-06,BOT-008,149,0,60,60,0,89,370,72019.69,1.595,False,110,True
2025-10-13,BOT-008,89,0,61,61,0,28,370,22657.88,0.501,False,110,False
2025-10-20,BOT-008,28,360,50,50,0,338,0,273512.98,6.036,False,110,False
2025-10-27,BOT-008,338,0,49,49,0,289,0,233861.69,5.152,False,110,False
2025-11-03,BOT-008,289,0,77,77,0,212,0,171552.52,3.773,False,110,False
2025-11-10,BOT-008,212,0,47,47,0,165,0,133519.65,2.932,False,110,False
2025-11-17,BOT-008,165,0,121,121,0,44,410,35605.24,0.781,False,110,True
2025-11-24,BOT-008,44,0,83,44,39,0,410,0.0,0.0,True,110,False
2025-12-01,BOT-008,0,402,67,67,0,335,0,271085.35,5.924,False,110,False
2025-12-08,BOT-008,335,0,71,71,0,264,0,213631.44,4.661,False,110,False
2025-12-15,BOT-008,264,0,62,62,0,202,0,163460.42,3.561,False,110,False
2025-12-22,BOT-008,202,0,57,57,0,145,0,117335.45,2.552,False,110,False
2025-12-29,BOT-008,145,0,67,67,0,78,380,63118.38,1.37,False,110,True
2023-01-02,BOT-009,340,0,32,32,0,308,0,279691.72,8.485,False,51,False
2023-01-09,BOT-009,308,0,46,46,0,262,0,237919.58,7.202,False,51,False
2023-01-16,BOT-009,262,0,42,42,0,220,0,199779.8,6.035,False,51,False
2023-01-23,BOT-009,220,0,31,31,0,189,0,171629.01,5.173,False,51,False
2023-01-30,BOT-009,189,0,30,30,0,159,0,144386.31,4.343,False,51,False
2023-02-06,BOT-009,159,0,36,36,0,123,0,111695.07,3.352,False,51,False
2023-02-13,BOT-009,123,0,40,40,0,83,0,75371.47,2.257,False,51,False
2023-02-20,BOT-009,83,0,40,40,0,43,300,39047.87,1.167,False,51,True
2023-02-27,BOT-009,43,293,33,33,0,303,0,275151.27,8.206,False,51,False
2023-03-06,BOT-009,303,0,40,40,0,263,0,238827.67,7.108,False,51,False
2023-03-13,BOT-009,263,0,52,52,0,211,0,191606.99,5.69,False,51,False
2023-03-20,BOT-009,211,0,45,45,0,166,0,150742.94,4.467,False,51,False
2023-03-27,BOT-009,166,0,46,46,0,120,0,108970.8,3.223,False,51,False
2023-04-03,BOT-009,120,0,49,49,0,71,0,64474.39,1.903,False,51,False
2023-04-10,BOT-009,71,0,46,46,0,25,324,22702.25,0.669,False,51,True
2023-04-17,BOT-009,25,317,44,44,0,298,0,270610.82,7.953,False,51,False
2023-04-24,BOT-009,298,0,40,40,0,258,0,234287.22,6.871,False,51,False
2023-05-01,BOT-009,258,0,41,41,0,217,0,197055.53,5.767,False,51,False
2023-05-08,BOT-009,217,0,29,29,0,188,0,170720.92,4.986,False,51,False
2023-05-15,BOT-009,188,0,41,41,0,147,0,133489.23,3.891,False,51,False
2023-05-22,BOT-009,147,0,33,33,0,114,0,103522.26,3.011,False,51,False
2023-05-29,BOT-009,114,0,50,50,0,64,0,58117.76,1.687,False,51,False
2023-06-05,BOT-009,64,0,31,31,0,33,312,29966.97,0.868,False,51,True
2023-06-12,BOT-009,33,308,54,54,0,287,0,260621.83,7.534,False,51,False
2023-06-19,BOT-009,287,0,40,40,0,247,0,224298.23,6.471,False,51,False
2023-06-26,BOT-009,247,0,60,60,0,187,0,169812.83,4.889,False,51,False
2023-07-03,BOT-009,187,0,46,46,0,141,0,128040.69,3.679,False,51,False
2023-07-10,BOT-009,141,0,35,35,0,106,0,96257.54,2.76,False,51,False
2023-07-17,BOT-009,106,0,35,35,0,71,0,64474.39,1.845,False,51,False
2023-07-24,BOT-009,71,0,43,43,0,28,324,25426.52,0.726,False,51,True
2023-07-31,BOT-009,28,319,36,36,0,311,0,282415.99,8.048,False,51,False
2023-08-07,BOT-009,311,0,31,31,0,280,0,254265.2,7.232,False,51,False
2023-08-14,BOT-009,280,0,43,43,0,237,0,215217.33,6.109,False,51,False
2023-08-21,BOT-009,237,0,47,47,0,190,0,172537.1,4.887,False,51,False
2023-08-28,BOT-009,190,0,37,37,0,153,0,138937.77,3.928,False,51,False
2023-09-04,BOT-009,153,0,35,35,0,118,0,107154.62,3.023,False,51,False
2023-09-11,BOT-009,118,0,47,47,0,71,0,64474.39,1.815,False,51,False
2023-09-18,BOT-009,71,0,27,27,0,44,300,39955.96,1.123,False,51,True
2023-09-25,BOT-009,44,292,44,44,0,292,0,265162.28,7.437,False,51,False
2023-10-02,BOT-009,292,0,45,45,0,247,0,224298.23,6.278,False,51,False
2023-10-09,BOT-009,247,0,32,32,0,215,0,195239.35,5.454,False,51,False
2023-10-16,BOT-009,215,0,33,33,0,182,0,165272.38,4.608,False,51,False
2023-10-23,BOT-009,182,0,37,37,0,145,0,131673.05,3.664,False,51,False
2023-10-30,BOT-009,145,0,34,34,0,111,0,100797.99,2.799,False,51,False
2023-11-06,BOT-009,111,0,53,53,0,58,0,52669.22,1.46,False,51,False
2023-11-13,BOT-009,58,0,31,31,0,27,324,24518.43,0.678,False,51,True
2023-11-20,BOT-009,27,319,51,51,0,295,0,267886.55,7.395,False,51,False
2023-11-27,BOT-009,295,0,75,75,0,220,0,199779.8,5.504,False,51,False
2023-12-04,BOT-009,220,0,43,43,0,177,0,160731.93,4.42,False,51,False
2023-12-11,BOT-009,177,0,56,56,0,121,0,109878.89,3.016,False,51,False
2023-12-18,BOT-009,121,0,40,40,0,81,0,73555.29,2.015,False,51,False
2023-12-25,BOT-009,81,0,35,35,0,46,300,41772.14,1.142,False,51,True
2024-01-01,BOT-009,46,299,43,43,0,302,0,274243.18,7.483,False,51,False
2024-01-08,BOT-009,302,0,36,36,0,266,0,241551.94,6.578,False,51,False
2024-01-15,BOT-009,266,0,46,46,0,220,0,199779.8,5.43,False,51,False
2024-01-22,BOT-009,220,0,29,29,0,191,0,173445.19,4.705,False,51,False
2024-01-29,BOT-009,191,0,26,26,0,165,0,149834.85,4.057,False,51,False
2024-02-05,BOT-009,165,0,47,47,0,118,0,107154.62,2.896,False,51,False
2024-02-12,BOT-009,118,0,34,34,0,84,0,76279.56,2.057,False,51,False
2024-02-19,BOT-009,84,0,43,43,0,41,312,37231.69,1.002,False,51,True
2024-02-26,BOT-009,41,309,30,30,0,320,0,290588.8,7.808,False,51,False
2024-03-04,BOT-009,320,0,38,38,0,282,0,256081.38,6.868,False,51,False
2024-03-11,BOT-009,282,0,56,56,0,226,0,205228.34,5.494,False,51,False
2024-03-18,BOT-009,226,0,38,38,0,188,0,170720.92,4.561,False,51,False
2024-03-25,BOT-009,188,0,46,46,0,142,0,128948.78,3.439,False,51,False
2024-04-01,BOT-009,142,0,65,65,0,77,0,69922.93,1.861,False,51,False
2024-04-08,BOT-009,77,0,37,37,0,40,312,36323.6,0.965,False,51,True
2024-04-15,BOT-009,40,307,37,37,0,310,0,281507.9,7.465,False,51,False
2024-04-22,BOT-009,310,0,46,46,0,264,0,239735.76,6.345,False,51,False
2024-04-29,BOT-009,264,0,43,43,0,221,0,200687.89,5.302,False,51,False
2024-05-06,BOT-009,221,0,51,51,0,170,0,154375.3,4.071,False,51,False
2024-05-13,BOT-009,170,0,39,39,0,131,0,118959.79,3.131,False,51,False
2024-05-20,BOT-009,131,0,43,43,0,88,0,79911.92,2.099,False,51,False
2024-05-27,BOT-009,88,0,33,33,0,55,0,49944.95,1.31,False,51,False
2024-06-03,BOT-009,55,0,31,31,0,24,324,21794.16,0.57,False,51,True
2024-06-10,BOT-009,24,321,60,60,0,285,0,258805.65,6.761,False,51,False
2024-06-17,BOT-009,285,0,48,48,0,237,0,215217.33,5.612,False,51,False
2024-06-24,BOT-009,237,0,47,47,0,190,0,172537.1,4.491,False,51,False
2024-07-01,BOT-009,190,0,49,49,0,141,0,128040.69,3.326,False,51,False
2024-07-08,BOT-009,141,0,30,30,0,111,0,100797.99,2.614,False,51,False
2024-07-15,BOT-009,111,0,50,50,0,61,0,55393.49,1.434,False,51,False
2024-07-22,BOT-009,61,0,57,57,0,4,348,3632.36,0.094,False,51,True
2024-07-29,BOT-009,4,339,59,59,0,284,0,257897.56,6.651,False,51,False
2024-08-05,BOT-009,284,0,37,37,0,247,0,224298.23,5.774,False,51,False
2024-08-12,BOT-009,247,0,44,44,0,203,0,184342.27,4.737,False,51,False
2024-08-19,BOT-009,203,0,44,44,0,159,0,144386.31,3.703,False,51,False
2024-08-26,BOT-009,159,0,37,37,0,122,0,110786.98,2.836,False,51,False
2024-09-02,BOT-009,122,0,30,30,0,92,0,83544.28,2.135,False,51,False
2024-09-09,BOT-009,92,0,50,50,0,42,300,38139.78,0.973,False,51,True
2024-09-16,BOT-009,42,298,37,37,0,303,0,275151.27,7.006,False,51,False
2024-09-23,BOT-009,303,0,51,51,0,252,0,228838.68,5.817,False,51,False
2024-09-30,BOT-009,252,0,48,48,0,204,0,185250.36,4.7,False,51,False
2024-10-07,BOT-009,204,0,46,46,0,158,0,143478.22,3.634,False,51,False
2024-10-14,BOT-009,158,0,37,37,0,121,0,109878.89,2.778,False,51,False
2024-10-21,BOT-009,121,0,33,33,0,88,0,79911.92,2.017,False,51,False
2024-10-28,BOT-009,88,0,48,48,0,40,312,36323.6,0.915,False,51,True
2024-11-04,BOT-009,40,308,68,68,0,280,0,254265.2,6.394,False,51,False
2024-11-11,BOT-009,280,0,44,44,0,236,0,214309.24,5.379,False,51,False
2024-11-18,BOT-009,236,0,100,100,0,136,0,123500.24,3.095,False,51,False
2024-11-25,BOT-009,136,0,68,68,0,68,0,61750.12,1.545,False,51,False
2024-12-02,BOT-009,68,0,31,31,0,37,312,33599.33,0.839,False,51,True
2024-12-09,BOT-009,37,312,58,58,0,291,0,264254.19,6.586,False,51,False
2024-12-16,BOT-009,291,0,49,49,0,242,0,219757.78,5.468,False,51,False
2024-12-23,BOT-009,242,0,56,56,0,186,0,168904.74,4.195,False,51,False
2024-12-30,BOT-009,186,0,37,37,0,149,0,135305.41,3.355,False,51,False
2025-01-06,BOT-009,149,0,50,50,0,99,0,89900.91,2.225,False,51,False
2025-01-13,BOT-009,99,0,50,50,0,49,300,44496.41,1.099,False,51,True
2025-01-20,BOT-009,49,293,44,44,0,298,0,270610.82,6.674,False,51,False
2025-01-27,BOT-009,298,0,33,33,0,265,0,240643.85,5.925,False,51,False
2025-02-03,BOT-009,265,0,38,38,0,227,0,206136.43,5.066,False,51,False
2025-02-10,BOT-009,227,0,56,56,0,171,0,155283.39,3.81,False,51,False
2025-02-17,BOT-009,171,0,54,54,0,117,0,106246.53,2.602,False,51,False
2025-02-24,BOT-009,117,0,53,53,0,64,0,58117.76,1.421,False,51,False
2025-03-03,BOT-009,64,0,41,41,0,23,324,20886.07,0.51,False,51,True
2025-03-10,BOT-009,23,316,32,32,0,307,0,278783.63,6.792,False,51,False
2025-03-17,BOT-009,307,0,49,49,0,258,0,234287.22,5.698,False,51,False
2025-03-24,BOT-009,258,0,53,53,0,205,0,186158.45,4.52,False,51,False
2025-03-31,BOT-009,205,0,53,53,0,152,0,138029.68,3.346,False,51,False
2025-04-07,BOT-009,152,0,50,50,0,102,0,92625.18,2.241,False,51,False
2025-04-14,BOT-009,102,0,35,35,0,67,0,60842.03,1.47,False,51,False
2025-04-21,BOT-009,67,0,57,57,0,10,336,9080.9,0.219,False,51,True
2025-04-28,BOT-009,10,328,39,39,0,299,0,271518.91,6.536,False,51,False
2025-05-05,BOT-009,299,0,59,59,0,240,0,217941.6,5.238,False,51,False
2025-05-12,BOT-009,240,0,40,40,0,200,0,181618.0,4.357,False,51,False
2025-05-19,BOT-009,200,0,41,41,0,159,0,144386.31,3.458,False,51,False
2025-05-26,BOT-009,159,0,40,40,0,119,0,108062.71,2.584,False,51,False
2025-06-02,BOT-009,119,0,77,77,0,42,300,38139.78,0.91,False,51,True
2025-06-09,BOT-009,42,299,51,51,0,290,0,263346.1,6.275,False,51,False
2025-06-16,BOT-009,290,0,46,46,0,244,0,221573.96,5.271,False,51,False
2025-06-23,BOT-009,244,0,47,47,0,197,0,178893.73,4.249,False,51,False
2025-06-30,BOT-009,197,0,37,37,0,160,0,145294.4,3.445,False,51,False
2025-07-07,BOT-009,160,0,36,36,0,124,0,112603.16,2.665,False,51,False
2025-07-14,BOT-009,124,0,44,44,0,80,0,72647.2,1.717,False,51,False
2025-07-21,BOT-009,80,0,35,35,0,45,300,40864.05,0.964,False,51,True
2025-07-28,BOT-009,45,298,33,33,0,310,0,281507.9,6.63,False,51,False
2025-08-04,BOT-009,310,0,38,38,0,272,0,247000.48,5.807,False,51,False
2025-08-11,BOT-009,272,0,49,49,0,223,0,202504.07,4.753,False,51,False
2025-08-18,BOT-009,223,0,35,35,0,188,0,170720.92,4.001,False,51,False
2025-08-25,BOT-009,188,0,37,37,0,151,0,137121.59,3.208,False,51,False
2025-09-01,BOT-009,151,0,42,42,0,109,0,98981.81,2.312,False,51,False
2025-09-08,BOT-009,109,0,49,49,0,60,0,54485.4,1.27,False,51,False
2025-09-15,BOT-009,60,0,58,58,0,2,348,1816.18,0.042,False,51,True
2025-09-22,BOT-009,2,339,61,61,0,280,0,254265.2,5.909,False,51,False
2025-09-29,BOT-009,280,0,44,44,0,236,0,214309.24,4.973,False,51,False
2025-10-06,BOT-009,236,0,47,47,0,189,0,171629.01,3.976,False,51,False
2025-10-13,BOT-009,189,0,39,39,0,150,0,136213.5,3.15,False,51,False
2025-10-20,BOT-009,150,0,44,44,0,106,0,96257.54,2.222,False,51,False
2025-10-27,BOT-009,106,0,46,46,0,60,0,54485.4,1.256,False,51,False
2025-11-03,BOT-009,60,0,72,60,12,0,348,0.0,0.0,True,51,True
2025-11-10,BOT-009,0,343,43,43,0,300,0,272427.0,6.259,False,51,False
2025-11-17,BOT-009,300,0,82,82,0,218,0,197963.62,4.541,False,51,False
2025-11-24,BOT-009,218,0,108,108,0,110,0,99889.9,2.288,False,51,False
2025-12-01,BOT-009,110,0,39,39,0,71,0,64474.39,1.474,False,51,False
2025-12-08,BOT-009,71,0,77,71,6,0,348,0.0,0.0,True,51,True
2025-12-15,BOT-009,0,338,52,52,0,286,0,259713.74,5.919,False,51,False
2025-12-22,BOT-009,286,0,54,54,0,232,0,210676.88,4.794,False,51,False
2025-12-29,BOT-009,232,0,45,45,0,187,0,169812.83,3.858,False,51,False
2023-01-02,BOT-010,446,0,45,45,0,401,0,219435.22,9.644,False,245,False
2023-01-09,BOT-010,401,0,55,55,0,346,0,189338.12,8.303,False,245,False
2023-01-16,BOT-010,346,0,38,38,0,308,0,168543.76,7.376,False,245,False
2023-01-23,BOT-010,308,0,38,38,0,270,0,147749.4,6.452,False,245,False
2023-01-30,BOT-010,270,0,42,42,0,228,350,124766.16,5.437,False,245,True
2023-02-06,BOT-010,228,0,52,52,0,176,350,96310.72,4.188,False,245,False
2023-02-13,BOT-010,176,0,39,39,0,137,350,74969.14,3.253,False,245,False
2023-02-20,BOT-010,137,0,42,42,0,95,350,51985.9,2.251,False,245,False
2023-02-27,BOT-010,95,0,48,48,0,47,350,25719.34,1.111,False,245,False
2023-03-06,BOT-010,47,350,72,72,0,325,0,177846.5,7.668,False,245,False
2023-03-13,BOT-010,325,0,53,53,0,272,0,148843.84,6.404,False,245,False
2023-03-20,BOT-010,272,0,71,71,0,201,380,109991.22,4.722,False,245,True
2023-03-27,BOT-010,201,0,51,51,0,150,380,82083.0,3.517,False,245,False
2023-04-03,BOT-010,150,0,38,38,0,112,380,61288.64,2.62,False,245,False
2023-04-10,BOT-010,112,0,61,61,0,51,380,27908.22,1.191,False,245,False
2023-04-17,BOT-010,51,0,46,46,0,5,380,2736.1,0.116,False,245,False
2023-04-24,BOT-010,5,372,63,63,0,314,0,171827.08,7.301,False,245,False
2023-05-01,BOT-010,314,0,35,35,0,279,0,152674.38,6.473,False,245,False
2023-05-08,BOT-010,279,0,43,43,0,236,350,129143.92,5.464,False,245,True
2023-05-15,BOT-010,236,0,53,53,0,183,350,100141.26,4.228,False,245,False
2023-05-22,BOT-010,183,0,53,53,0,130,350,71138.6,2.998,False,245,False
2023-05-29,BOT-010,130,0,48,48,0,82,350,44872.04,1.887,False,245,False
2023-06-05,BOT-010,82,0,46,46,0,36,350,19699.92,0.827,False,245,False
2023-06-12,BOT-010,36,350,42,42,0,344,0,188243.68,7.883,False,245,False
2023-06-19,BOT-010,344,0,26,26,0,318,0,174015.96,7.273,False,245,False
2023-06-26,BOT-010,318,0,51,51,0,267,0,146107.74,6.094,False,245,False
2023-07-03,BOT-010,267,0,48,48,0,219,360,119841.18,4.988,False,245,True
2023-07-10,BOT-010,219,0,59,59,0,160,360,87555.2,3.637,False,245,False
2023-07-17,BOT-010,160,0,46,46,0,114,360,62383.08,2.586,False,245,False
2023-07-24,BOT-010,114,0,54,54,0,60,360,32833.2,1.358,False,245,False
2023-07-31,BOT-010,60,0,39,39,0,21,360,11491.62,0.474,False,245,False
2023-08-07,BOT-010,21,353,56,56,0,318,0,174015.96,7.17,False,245,False
2023-08-14,BOT-010,318,0,32,32,0,286,0,156504.92,6.436,False,245,False
2023-08-21,BOT-010,286,0,37,37,0,249,0,136257.78,5.592,False,245,False
2023-08-28,BOT-010,249,0,55,55,0,194,390,106160.68,4.348,False,245,True
2023-09-04,BOT-010,194,0,38,38,0,156,390,85366.32,3.489,False,245,False
2023-09-11,BOT-010,156,0,50,50,0,106,390,58005.32,2.366,False,245,False
2023-09-18,BOT-010,106,0,40,40,0,66,390,36116.52,1.47,False,245,False
2023-09-25,BOT-010,66,380,36,36,0,410,0,224360.2,9.116,False,245,False
2023-10-02,BOT-010,410,0,46,46,0,364,0,199188.08,8.077,False,245,False
2023-10-09,BOT-010,364,0,50,50,0,314,0,171827.08,6.954,False,245,False
2023-10-16,BOT-010,314,0,45,45,0,269,0,147202.18,5.945,False,245,False
2023-10-23,BOT-010,269,0,45,45,0,224,360,122577.28,4.941,False,245,True
2023-10-30,BOT-010,224,0,38,38,0,186,360,101782.92,4.095,False,245,False
2023-11-06,BOT-010,186,0,58,58,0,128,360,70044.16,2.812,False,245,False
2023-11-13,BOT-010,128,0,39,39,0,89,360,48702.58,1.952,False,245,False
2023-11-20,BOT-010,89,0,88,88,0,1,360,547.22,0.022,False,245,False
2023-11-27,BOT-010,1,357,79,79,0,279,0,152674.38,6.094,False,245,False
2023-12-04,BOT-010,279,0,62,62,0,217,370,118746.74,4.731,False,245,True
2023-12-11,BOT-010,217,0,60,60,0,157,370,85913.54,3.416,False,245,False
2023-12-18,BOT-010,157,0,43,43,0,114,370,62383.08,2.476,False,245,False
2023-12-25,BOT-010,114,0,58,58,0,56,370,30644.32,1.214,False,245,False
2024-01-01,BOT-010,56,0,45,45,0,11,370,6019.42,0.238,False,245,False
2024-01-08,BOT-010,11,365,51,51,0,325,0,177846.5,7.017,False,245,False
2024-01-15,BOT-010,325,0,53,53,0,272,0,148843.84,5.861,False,245,False
2024-01-22,BOT-010,272,0,36,36,0,236,350,129143.92,5.076,False,245,True
2024-01-29,BOT-010,236,0,52,52,0,184,350,100688.48,3.95,False,245,False
2024-02-05,BOT-010,184,0,54,54,0,130,350,71138.6,2.785,False,245,False
2024-02-12,BOT-010,130,0,52,52,0,78,350,42683.16,1.668,False,245,False
2024-02-19,BOT-010,78,347,60,60,0,365,0,199735.3,7.79,False,245,False
2024-02-26,BOT-010,365,0,49,49,0,316,0,172921.52,6.731,False,245,False
2024-03-04,BOT-010,316,0,46,46,0,270,0,147749.4,5.741,False,245,False
2024-03-11,BOT-010,270,0,47,47,0,223,360,122030.06,4.732,False,245,True
2024-03-18,BOT-010,223,0,47,47,0,176,360,96310.72,3.728,False,245,False
2024-03-25,BOT-010,176,0,54,54,0,122,360,66760.84,2.579,False,245,False
2024-04-01,BOT-010,122,0,60,60,0,62,360,33927.64,1.308,False,245,False
2024-04-08,BOT-010,62,0,68,62,6,0,360,0.0,0.0,True,245,False
2024-04-15,BOT-010,0,359,62,62,0,297,0,162524.34,6.243,False,245,False
2024-04-22,BOT-010,297,0,44,44,0,253,0,138446.66,5.309,False,245,False
2024-04-29,BOT-010,253,0,32,32,0,221,360,120935.62,4.628,False,245,True
2024-05-06,BOT-010,221,0,48,48,0,173,360,94669.06,3.616,False,245,False
2024-05-13,BOT-010,173,0,38,38,0,135,360,73874.7,2.817,False,245,False
2024-05-20,BOT-010,135,0,49,49,0,86,360,47060.92,1.791,False,245,False
2024-05-27,BOT-010,86,0,41,41,0,45,360,24624.9,0.935,False,245,False
2024-06-03,BOT-010,45,360,57,57,0,348,0,190432.56,7.221,False,245,False
2024-06-10,BOT-010,348,0,61,61,0,287,0,157052.14,5.944,False,245,False
2024-06-17,BOT-010,287,0,51,51,0,236,350,129143.92,4.879,False,245,True
2024-06-24,BOT-010,236,0,32,32,0,204,350,111632.88,4.209,False,245,False
2024-07-01,BOT-010,204,0,70,70,0,134,350,73327.48,2.76,False,245,False
2024-07-08,BOT-010,134,0,65,65,0,69,350,37758.18,1.419,False,245,False
2024-07-15,BOT-010,69,0,54,54,0,15,350,8208.3,0.308,False,245,False
2024-07-22,BOT-010,15,346,54,54,0,307,0,167996.54,6.288,False,245,False
2024-07-29,BOT-010,307,0,59,59,0,248,0,135710.56,5.07,False,245,False
2024-08-05,BOT-010,248,0,51,51,0,197,390,107802.34,4.02,False,245,True
2024-08-12,BOT-010,197,0,52,52,0,145,390,79346.9,2.954,False,245,False
2024-08-19,BOT-010,145,0,38,38,0,107,390,58552.54,2.176,False,245,False
2024-08-26,BOT-010,107,0,54,54,0,53,390,29002.66,1.076,False,245,False
2024-09-02,BOT-010,53,0,51,51,0,2,390,1094.44,0.041,False,245,False
2024-09-09,BOT-010,2,383,57,57,0,328,0,179488.16,6.633,False,245,False
2024-09-16,BOT-010,328,0,48,48,0,280,0,153221.6,5.652,False,245,False
2024-09-23,BOT-010,280,0,81,81,0,199,380,108896.78,4.01,False,245,True
2024-09-30,BOT-010,199,0,44,44,0,155,380,84819.1,3.118,False,245,False
2024-10-07,BOT-010,155,0,47,47,0,108,380,59099.76,2.168,False,245,False
2024-10-14,BOT-010,108,0,54,54,0,54,380,29549.88,1.082,False,245,False
2024-10-21,BOT-010,54,0,39,39,0,15,380,8208.3,0.3,False,245,False
2024-10-28,BOT-010,15,380,60,60,0,335,0,183318.7,6.69,False,245,False
2024-11-04,BOT-010,335,0,42,42,0,293,0,160335.46,5.841,False,245,False
2024-11-11,BOT-010,293,0,56,56,0,237,350,129691.14,4.716,False,245,True
2024-11-18,BOT-010,237,0,58,58,0,179,350,97952.38,3.556,False,245,False
2024-11-25,BOT-010,179,0,94,94,0,85,350,46513.7,1.685,False,245,False
2024-12-02,BOT-010,85,0,49,49,0,36,350,19699.92,0.713,False,245,False
2024-12-09,BOT-010,36,0,63,36,27,0,350,0.0,0.0,True,245,False
2024-12-16,BOT-010,0,348,60,60,0,288,0,157599.36,5.681,False,245,False
2024-12-23,BOT-010,288,0,56,56,0,232,350,126955.04,4.568,False,245,True
2024-12-30,BOT-010,232,0,59,59,0,173,350,94669.06,3.4,False,245,False
2025-01-06,BOT-010,173,0,52,52,0,121,350,66213.62,2.374,False,245,False
2025-01-13,BOT-010,121,0,66,66,0,55,350,30097.1,1.077,False,245,False
2025-01-20,BOT-010,55,0,42,42,0,13,350,7113.86,0.254,False,245,False
2025-01-27,BOT-010,13,349,56,56,0,306,0,167449.32,5.972,False,245,False
2025-02-03,BOT-010,306,0,54,54,0,252,0,137899.44,4.91,False,245,False
2025-02-10,BOT-010,252,0,51,51,0,201,380,109991.22,3.909,False,245,True
2025-02-17,BOT-010,201,0,44,44,0,157,380,85913.54,3.048,False,245,False
2025-02-24,BOT-010,157,0,45,45,0,112,380,61288.64,2.171,False,245,False
2025-03-03,BOT-010,112,0,58,58,0,54,380,29549.88,1.045,False,245,False
2025-03-10,BOT-010,54,0,48,48,0,6,380,3283.32,0.116,False,245,False
2025-03-17,BOT-010,6,0,81,6,75,0,380,0.0,0.0,True,245,False
2025-03-24,BOT-010,0,376,41,41,0,335,0,183318.7,6.449,False,245,False
2025-03-31,BOT-010,335,0,78,78,0,257,0,140635.54,4.939,False,245,False
2025-04-07,BOT-010,257,0,45,45,0,212,370,116010.64,4.067,False,245,True
2025-04-14,BOT-010,212,0,55,55,0,157,370,85913.54,3.007,False,245,False
2025-04-21,BOT-010,157,0,49,49,0,108,370,59099.76,2.065,False,245,False
2025-04-28,BOT-010,108,0,61,61,0,47,370,25719.34,0.897,False,245,False
2025-05-05,BOT-010,47,0,57,47,10,0,370,0.0,0.0,True,245,False
2025-05-12,BOT-010,0,0,43,0,43,0,370,0.0,0.0,True,245,False
2025-05-19,BOT-010,0,363,47,47,0,316,0,172921.52,6.0,False,245,False
2025-05-26,BOT-010,316,0,45,45,0,271,0,148296.62,5.137,False,245,False
2025-06-02,BOT-010,271,0,48,48,0,223,360,122030.06,4.22,False,245,True
2025-06-09,BOT-010,223,0,50,50,0,173,360,94669.06,3.268,False,245,False
2025-06-16,BOT-010,173,0,52,52,0,121,360,66213.62,2.282,False,245,False
2025-06-23,BOT-010,121,0,47,47,0,74,360,40494.28,1.393,False,245,False
2025-06-30,BOT-010,74,0,65,65,0,9,360,4924.98,0.169,False,245,False
2025-07-07,BOT-010,9,354,53,53,0,310,0,169638.2,5.817,False,245,False
2025-07-14,BOT-010,310,0,58,58,0,252,0,137899.44,4.721,False,245,False
2025-07-21,BOT-010,252,0,42,42,0,210,370,114916.2,3.927,False,245,True
2025-07-28,BOT-010,210,0,50,50,0,160,370,87555.2,2.987,False,245,False
2025-08-04,BOT-010,160,0,48,48,0,112,370,61288.64,2.088,False,245,False
2025-08-11,BOT-010,112,0,56,56,0,56,370,30644.32,1.042,False,245,False
2025-08-18,BOT-010,56,0,46,46,0,10,370,5472.2,0.186,False,245,False
2025-08-25,BOT-010,10,369,47,47,0,332,0,181677.04,6.158,False,245,False
2025-09-01,BOT-010,332,0,61,61,0,271,0,148296.62,5.018,False,245,False
2025-09-08,BOT-010,271,0,81,81,0,190,390,103971.8,3.512,False,245,True
2025-09-15,BOT-010,190,0,53,53,0,137,390,74969.14,2.528,False,245,False
2025-09-22,BOT-010,137,0,62,62,0,75,390,41041.5,1.382,False,245,False
2025-09-29,BOT-010,75,0,47,47,0,28,390,15322.16,0.515,False,245,False
2025-10-06,BOT-010,28,0,45,28,17,0,390,0.0,0.0,True,245,False
2025-10-13,BOT-010,0,379,49,49,0,330,0,180582.6,6.05,False,245,False
2025-10-20,BOT-010,330,0,49,49,0,281,0,153768.82,5.144,False,245,False
2025-10-27,BOT-010,281,0,31,31,0,250,0,136805.0,4.569,False,245,False
2025-11-03,BOT-010,250,0,53,53,0,197,390,107802.34,3.594,False,245,True
2025-11-10,BOT-010,197,0,43,43,0,154,390,84271.88,2.805,False,245,False
2025-11-17,BOT-010,154,0,90,90,0,64,390,35022.08,1.164,False,245,False
2025-11-24,BOT-010,64,0,88,64,24,0,390,0.0,0.0,True,245,False
2025-12-01,BOT-010,0,0,61,0,61,0,390,0.0,0.0,True,245,False
2025-12-08,BOT-010,0,0,59,0,59,0,390,0.0,0.0,True,245,False
2025-12-15,BOT-010,0,384,71,71,0,313,0,171279.86,5.655,False,245,False
2025-12-22,BOT-010,313,0,81,81,0,232,350,126955.04,4.185,False,245,True
2025-12-29,BOT-010,232,340,46,46,0,526,0,287837.72,9.473,False,245,False
2023-01-02,ACC-001,699,0,74,74,0,625,0,210206.25,10.102,False,229,False
2023-01-09,ACC-001,625,0,80,80,0,545,0,183299.85,8.79,False,229,False
2023-01-16,ACC-001,545,0,79,79,0,466,0,156729.78,7.5,False,229,False
2023-01-23,ACC-001,466,0,72,72,0,394,0,132514.02,6.327,False,229,False
2023-01-30,ACC-001,394,0,77,77,0,317,0,106616.61,5.08,False,229,False
2023-02-06,ACC-001,317,0,65,65,0,252,0,84755.16,4.03,False,229,False
2023-02-13,ACC-001,252,0,72,72,0,180,550,60539.4,2.872,False,229,True
2023-02-20,ACC-001,180,0,80,80,0,100,550,33633.0,1.592,False,229,False
2023-02-27,ACC-001,100,0,74,74,0,26,550,8744.58,0.413,False,229,False
2023-03-06,ACC-001,26,537,56,56,0,507,0,170519.31,8.039,False,229,False
2023-03-13,ACC-001,507,0,56,56,0,451,0,151684.83,7.136,False,229,False
2023-03-20,ACC-001,451,0,80,80,0,371,0,124778.43,5.858,False,229,False
2023-03-27,ACC-001,371,0,44,44,0,327,0,109979.91,5.152,False,229,False
2023-04-03,ACC-001,327,0,56,56,0,271,0,91145.43,4.261,False,229,False
2023-04-10,ACC-001,271,0,61,61,0,210,520,70629.3,3.295,False,229,True
2023-04-17,ACC-001,210,0,42,42,0,168,520,56503.44,2.631,False,229,False
2023-04-24,ACC-001,168,0,75,75,0,93,520,31278.69,1.453,False,229,False
2023-05-01,ACC-001,93,520,71,71,0,542,0,182290.86,8.451,False,229,False
2023-05-08,ACC-001,542,0,61,61,0,481,0,161774.73,7.485,False,229,False
2023-05-15,ACC-001,481,0,43,43,0,438,0,147312.54,6.802,False,229,False
2023-05-22,ACC-001,438,0,54,54,0,384,0,129150.72,5.951,False,229,False
2023-05-29,ACC-001,384,0,63,63,0,321,0,107961.93,4.964,False,229,False
2023-06-05,ACC-001,321,0,52,52,0,269,0,90472.77,4.151,False,229,False
2023-06-12,ACC-001,269,0,74,74,0,195,530,65584.35,3.003,False,229,True
2023-06-19,ACC-001,195,0,53,53,0,142,530,47758.86,2.183,False,229,False
2023-06-26,ACC-001,142,0,53,53,0,89,530,29933.37,1.365,False,229,False
2023-07-03,ACC-001,89,514,55,55,0,548,0,184308.84,8.388,False,229,False
2023-07-10,ACC-001,548,0,71,71,0,477,0,160429.41,7.287,False,229,False
2023-07-17,ACC-001,477,0,62,62,0,415,0,139576.95,6.327,False,229,False
2023-07-24,ACC-001,415,0,49,49,0,366,0,123096.78,5.568,False,229,False
2023-07-31,ACC-001,366,0,54,54,0,312,0,104934.96,4.737,False,229,False
2023-08-07,ACC-001,312,0,56,56,0,256,0,86100.48,3.879,False,229,False
2023-08-14,ACC-001,256,0,44,44,0,212,520,71301.96,3.206,False,229,True
2023-08-21,ACC-001,212,0,75,75,0,137,520,46077.21,2.068,False,229,False
2023-08-28,ACC-001,137,0,71,71,0,66,520,22197.78,0.994,False,229,False
2023-09-04,ACC-001,66,517,74,74,0,509,0,171191.97,7.651,False,229,False
2023-09-11,ACC-001,509,0,83,83,0,426,0,143276.58,6.391,False,229,False
2023-09-18,ACC-001,426,0,69,69,0,357,0,120069.81,5.345,False,229,False
2023-09-25,ACC-001,357,0,74,74,0,283,0,95181.39,4.229,False,229,False
2023-10-02,ACC-001,283,0,68,68,0,215,510,72310.95,3.206,False,229,True
2023-10-09,ACC-001,215,0,56,56,0,159,510,53476.47,2.366,False,229,False
2023-10-16,ACC-001,159,0,78,78,0,81,510,27242.73,1.203,False,229,False
2023-10-23,ACC-001,81,497,63,63,0,515,0,173209.95,7.635,False,229,False
2023-10-30,ACC-001,515,0,77,77,0,438,0,147312.54,6.48,False,229,False
2023-11-06,ACC-001,438,0,99,99,0,339,0,114015.87,5.006,False,229,False
2023-11-13,ACC-001,339,0,96,96,0,243,0,81728.19,3.581,False,229,False
2023-11-20,ACC-001,243,0,176,176,0,67,660,22534.11,0.985,False,229,True
2023-11-27,ACC-001,67,0,181,67,114,0,660,0.0,0.0,True,229,False
2023-12-04,ACC-001,0,0,106,0,106,0,660,0.0,0.0,True,229,False
2023-12-11,ACC-001,0,641,112,112,0,529,0,177918.57,7.735,False,229,False
2023-12-18,ACC-001,529,0,112,112,0,417,0,140249.61,6.086,False,229,False
2023-12-25,ACC-001,417,0,139,139,0,278,0,93499.74,4.049,False,229,False
2024-01-01,ACC-001,278,0,68,68,0,210,520,70629.3,3.053,False,229,True
2024-01-08,ACC-001,210,0,93,93,0,117,520,39350.61,1.698,False,229,False
2024-01-15,ACC-001,117,0,106,106,0,11,520,3699.63,0.159,False,229,False
2024-01-22,ACC-001,11,516,78,78,0,449,0,151012.17,6.49,False,229,False
2024-01-29,ACC-001,449,0,57,57,0,392,0,131841.36,5.655,False,229,False
2024-02-05,ACC-001,392,0,69,69,0,323,0,108634.59,4.651,False,229,False
2024-02-12,ACC-001,323,0,69,69,0,254,0,85427.82,3.65,False,229,False
2024-02-19,ACC-001,254,0,81,81,0,173,560,58185.09,2.481,False,229,True
2024-02-26,ACC-001,173,0,60,60,0,113,560,38005.29,1.618,False,229,False
2024-03-04,ACC-001,113,0,95,95,0,18,560,6053.94,0.257,False,229,False
2024-03-11,ACC-001,18,555,58,58,0,515,0,173209.95,7.345,False,229,False
2024-03-18,ACC-001,515,0,70,70,0,445,0,149666.85,6.334,False,229,False
2024-03-25,ACC-001,445,0,65,65,0,380,0,127805.4,5.399,False,229,False
2024-04-01,ACC-001,380,0,56,56,0,324,0,108970.92,4.595,False,229,False
2024-04-08,ACC-001,324,0,55,55,0,269,0,90472.77,3.808,False,229,False
2024-04-15,ACC-001,269,0,58,58,0,211,520,70965.63,2.981,False,229,True
2024-04-22,ACC-001,211,0,94,94,0,117,520,39350.61,1.65,False,229,False
2024-04-29,ACC-001,117,0,73,73,0,44,520,14798.52,0.619,False,229,False
2024-05-06,ACC-001,44,515,60,60,0,499,0,167828.67,7.01,False,229,False
2024-05-13,ACC-001,499,0,50,50,0,449,0,151012.17,6.296,False,229,False
2024-05-20,ACC-001,449,0,65,65,0,384,0,129150.72,5.375,False,229,False
2024-05-27,ACC-001,384,0,68,68,0,316,0,106280.28,4.415,False,229,False
2024-06-03,ACC-001,316,0,61,61,0,255,0,85764.15,3.556,False,229,False
2024-06-10,ACC-001,255,0,65,65,0,190,540,63902.7,2.645,False,229,True
2024-06-17,ACC-001,190,0,62,62,0,128,540,43050.24,1.778,False,229,False
2024-06-24,ACC-001,128,0,77,77,0,51,540,17152.83,0.707,False,229,False
2024-07-01,ACC-001,51,531,91,91,0,491,0,165138.03,6.796,False,229,False
2024-07-08,ACC-001,491,0,37,37,0,454,0,152693.82,6.273,False,229,False
2024-07-15,ACC-001,454,0,51,51,0,403,0,135540.99,5.558,False,229,False
2024-07-22,ACC-001,403,0,79,79,0,324,0,108970.92,4.46,False,229,False
2024-07-29,ACC-001,324,0,57,57,0,267,0,89800.11,3.669,False,229,False
2024-08-05,ACC-001,267,0,95,95,0,172,560,57848.76,2.359,False,229,True
2024-08-12,ACC-001,172,0,57,57,0,115,560,38677.95,1.574,False,229,False
2024-08-19,ACC-001,115,0,68,68,0,47,560,15807.51,0.642,False,229,False
2024-08-26,ACC-001,47,559,65,65,0,541,0,181954.53,7.38,False,229,False
2024-09-02,ACC-001,541,0,50,50,0,491,0,165138.03,6.685,False,229,False
2024-09-09,ACC-001,491,0,72,72,0,419,0,140922.27,5.695,False,229,False
2024-09-16,ACC-001,419,0,59,59,0,360,0,121078.8,4.884,False,229,False
2024-09-23,ACC-001,360,0,96,96,0,264,0,88791.12,3.575,False,229,False
2024-09-30,ACC-001,264,0,82,82,0,182,550,61212.06,2.46,False,229,True
2024-10-07,ACC-001,182,0,87,87,0,95,550,31951.35,1.282,False,229,False
2024-10-14,ACC-001,95,0,80,80,0,15,550,5044.95,0.202,False,229,False
2024-10-21,ACC-001,15,546,103,103,0,458,0,154039.14,6.158,False,229,False
2024-10-28,ACC-001,458,0,87,87,0,371,0,124778.43,4.979,False,229,False
2024-11-04,ACC-001,371,0,143,143,0,228,500,76683.24,3.055,False,229,True
2024-11-11,ACC-001,228,0,105,105,0,123,500,41368.59,1.645,False,229,False
2024-11-18,ACC-001,123,0,174,123,51,0,500,0.0,0.0,True,229,False
2024-11-25,ACC-001,0,489,239,239,0,250,0,84082.5,3.332,False,229,False
2024-12-02,ACC-001,250,0,79,79,0,171,560,57512.43,2.275,False,229,True
2024-12-09,ACC-001,171,0,143,143,0,28,560,9417.24,0.372,False,229,False
2024-12-16,ACC-001,28,0,136,28,108,0,560,0.0,0.0,True,229,False
2024-12-23,ACC-001,0,550,105,105,0,445,0,149666.85,5.888,False,229,False
2024-12-30,ACC-001,445,0,117,117,0,328,0,110316.24,4.333,False,229,False
2025-01-06,ACC-001,328,0,105,105,0,223,510,75001.59,2.941,False,229,True
2025-01-13,ACC-001,223,0,103,103,0,120,510,40359.6,1.58,False,229,False
2025-01-20,ACC-001,120,0,86,86,0,34,510,11435.22,0.447,False,229,False
2025-01-27,ACC-001,34,503,87,87,0,450,0,151348.5,5.903,False,229,False
2025-02-03,ACC-001,450,0,89,89,0,361,0,121415.13,4.727,False,229,False
2025-02-10,ACC-001,361,0,66,66,0,295,0,99217.35,3.856,False,229,False
2025-02-17,ACC-001,295,0,92,92,0,203,530,68274.99,2.649,False,229,True
2025-02-24,ACC-001,203,0,71,71,0,132,530,44395.56,1.719,False,229,False
2025-03-03,ACC-001,132,0,97,97,0,35,530,11771.55,0.455,False,229,False
2025-03-10,ACC-001,35,527,72,72,0,490,0,164801.7,6.361,False,229,False
2025-03-17,ACC-001,490,0,78,78,0,412,0,138567.96,5.339,False,229,False
2025-03-24,ACC-001,412,0,80,80,0,332,0,111661.56,4.295,False,229,False
2025-03-31,ACC-001,332,0,107,107,0,225,500,75674.25,2.906,False,229,True
2025-04-07,ACC-001,225,0,93,93,0,132,500,44395.56,1.702,False,229,False
2025-04-14,ACC-001,132,0,97,97,0,35,500,11771.55,0.45,False,229,False
2025-04-21,ACC-001,35,489,91,91,0,433,0,145630.89,5.563,False,229,False
2025-04-28,ACC-001,433,0,82,82,0,351,0,118051.83,4.502,False,229,False
2025-05-05,ACC-001,351,0,58,58,0,293,0,98544.69,3.752,False,229,False
2025-05-12,ACC-001,293,0,59,59,0,234,0,78701.22,2.991,False,229,False
2025-05-19,ACC-001,234,0,72,72,0,162,570,54485.46,2.067,False,229,True
2025-05-26,ACC-001,162,0,71,71,0,91,570,30606.03,1.159,False,229,False
2025-06-02,ACC-001,91,0,48,48,0,43,570,14462.19,0.547,False,229,False
2025-06-09,ACC-001,43,567,77,77,0,533,0,179263.89,6.767,False,229,False
2025-06-16,ACC-001,533,0,61,61,0,472,0,158747.76,5.983,False,229,False
2025-06-23,ACC-001,472,0,92,92,0,380,0,127805.4,4.808,False,229,False
2025-06-30,ACC-001,380,0,68,68,0,312,0,104934.96,3.941,False,229,False
2025-07-07,ACC-001,312,0,51,51,0,261,0,87782.13,3.291,False,229,False
2025-07-14,ACC-001,261,0,50,50,0,211,520,70965.63,2.656,False,229,True
2025-07-21,ACC-001,211,0,80,80,0,131,520,44059.23,1.647,False,229,False
2025-07-28,ACC-001,131,0,71,71,0,60,520,20179.8,0.753,False,229,False
2025-08-04,ACC-001,60,511,68,68,0,503,0,169173.99,6.301,False,229,False
2025-08-11,ACC-001,503,0,85,85,0,418,0,140585.94,5.228,False,229,False
2025-08-18,ACC-001,418,0,46,46,0,372,0,125114.76,4.645,False,229,False
2025-08-25,ACC-001,372,0,74,74,0,298,0,100226.34,3.714,False,229,False
2025-09-01,ACC-001,298,0,76,76,0,222,510,74665.26,2.763,False,229,True
2025-09-08,ACC-001,222,0,99,99,0,123,510,41368.59,1.528,False,229,False
2025-09-15,ACC-001,123,0,71,71,0,52,510,17489.16,0.645,False,229,False
2025-09-22,ACC-001,52,500,79,79,0,473,0,159084.09,5.857,False,229,False
2025-09-29,ACC-001,473,0,105,105,0,368,0,123769.44,4.549,False,229,False
2025-10-06,ACC-001,368,0,72,72,0,296,0,99553.68,3.653,False,229,False
2025-10-13,ACC-001,296,0,77,77,0,219,510,73656.27,2.698,False,229,True
2025-10-20,ACC-001,219,0,79,79,0,140,510,47086.2,1.722,False,229,False
2025-10-27,ACC-001,140,0,77,77,0,63,510,21188.79,0.774,False,229,False
2025-11-03,ACC-001,63,501,131,131,0,433,0,145630.89,5.309,False,229,False
2025-11-10,ACC-001,433,0,102,102,0,331,0,111325.23,4.052,False,229,False
2025-11-17,ACC-001,331,0,225,225,0,106,620,35650.98,1.295,False,229,True
2025-11-24,ACC-001,106,0,154,106,48,0,620,0.0,0.0,True,229,False
2025-12-01,ACC-001,0,0,117,0,117,0,620,0.0,0.0,True,229,False
2025-12-08,ACC-001,0,619,142,142,0,477,0,160429.41,5.801,False,229,False
2025-12-15,ACC-001,477,0,127,127,0,350,0,117715.5,4.25,False,229,False
2025-12-22,ACC-001,350,0,170,170,0,180,550,60539.4,2.182,False,229,True
2025-12-29,ACC-001,180,545,123,123,0,602,0,202470.66,7.286,False,229,False
2023-01-02,ACC-002,514,0,51,51,0,463,0,114101.72,9.275,False,240,False
2023-01-09,ACC-002,463,0,70,70,0,393,0,96850.92,7.856,False,240,False
2023-01-16,ACC-002,393,0,51,51,0,342,0,84282.48,6.822,False,240,False
2023-01-23,ACC-002,342,0,56,56,0,286,0,70481.84,5.692,False,240,False
2023-01-30,ACC-002,286,0,70,70,0,216,424,53231.04,4.29,False,240,True
2023-02-06,ACC-002,216,0,51,51,0,165,424,40662.6,3.27,False,240,False
2023-02-13,ACC-002,165,0,37,37,0,128,424,31544.32,2.531,False,240,False
2023-02-20,ACC-002,128,0,70,70,0,58,424,14293.52,1.145,False,240,False
2023-02-27,ACC-002,58,420,50,50,0,428,0,105476.32,8.429,False,240,False
2023-03-06,ACC-002,428,0,67,67,0,361,0,88964.84,7.094,False,240,False
2023-03-13,ACC-002,361,0,44,44,0,317,0,78121.48,6.217,False,240,False
2023-03-20,ACC-002,317,0,69,69,0,248,0,61117.12,4.853,False,240,False
2023-03-27,ACC-002,248,0,34,34,0,214,432,52738.16,4.179,False,240,True
2023-04-03,ACC-002,214,0,55,55,0,159,432,39183.96,3.098,False,240,False
2023-04-10,ACC-002,159,0,53,53,0,106,432,26122.64,2.061,False,240,False
2023-04-17,ACC-002,106,0,52,52,0,54,432,13307.76,1.048,False,240,False
2023-04-24,ACC-002,54,430,48,48,0,436,0,107447.84,8.444,False,240,False
2023-05-01,ACC-002,436,0,55,55,0,381,0,93893.64,7.363,False,240,False
2023-05-08,ACC-002,381,0,47,47,0,334,0,82310.96,6.441,False,240,False
2023-05-15,ACC-002,334,0,54,54,0,280,0,69003.2,5.389,False,240,False
2023-05-22,ACC-002,280,0,53,53,0,227,416,55941.88,4.36,False,240,True
2023-05-29,ACC-002,227,0,43,43,0,184,416,45344.96,3.527,False,240,False
2023-06-05,ACC-002,184,0,53,53,0,131,416,32283.64,2.506,False,240,False
2023-06-12,ACC-002,131,0,48,48,0,83,416,20454.52,1.584,False,240,False
2023-06-19,ACC-002,83,412,75,75,0,420,0,103504.8,8.001,False,240,False
2023-06-26,ACC-002,420,0,43,43,0,377,0,92907.88,7.167,False,240,False
2023-07-03,ACC-002,377,0,58,58,0,319,0,78614.36,6.052,False,240,False
2023-07-10,ACC-002,319,0,46,46,0,273,0,67278.12,5.169,False,240,False
2023-07-17,ACC-002,273,0,56,56,0,217,424,53477.48,4.1,False,240,True
2023-07-24,ACC-002,217,0,72,72,0,145,424,35733.8,2.734,False,240,False
2023-07-31,ACC-002,145,0,56,56,0,89,424,21933.16,1.675,False,240,False
2023-08-07,ACC-002,89,0,47,47,0,42,424,10350.48,0.789,False,240,False
2023-08-14,ACC-002,42,422,64,64,0,400,0,98576.0,7.497,False,240,False
2023-08-21,ACC-002,400,0,48,48,0,352,0,86746.88,6.584,False,240,False
2023-08-28,ACC-002,352,0,55,55,0,297,0,73192.68,5.544,False,240,False
2023-09-04,ACC-002,297,0,45,45,0,252,0,62102.88,4.695,False,240,False
2023-09-11,ACC-002,252,0,62,62,0,190,456,46823.6,3.533,False,240,True
2023-09-18,ACC-002,190,0,76,76,0,114,456,28094.16,2.115,False,240,False
2023-09-25,ACC-002,114,0,52,52,0,62,456,15279.28,1.148,False,240,False
2023-10-02,ACC-002,62,0,53,53,0,9,456,2217.96,0.166,False,240,False
2023-10-09,ACC-002,9,451,40,40,0,420,0,103504.8,7.747,False,240,False
2023-10-16,ACC-002,420,0,61,61,0,359,0,88471.96,6.609,False,240,False
2023-10-23,ACC-002,359,0,44,44,0,315,0,77628.6,5.787,False,240,False
2023-10-30,ACC-002,315,0,44,44,0,271,0,66785.24,4.969,False,240,False
2023-11-06,ACC-002,271,0,66,66,0,205,440,50520.2,3.752,False,240,True
2023-11-13,ACC-002,205,0,102,102,0,103,440,25383.32,1.881,False,240,False
2023-11-20,ACC-002,103,0,125,103,22,0,440,0.0,0.0,True,240,False
2023-11-27,ACC-002,0,0,152,0,152,0,440,0.0,0.0,True,240,False
2023-12-04,ACC-002,0,438,64,64,0,374,0,92168.56,6.791,False,240,False
2023-12-11,ACC-002,374,0,91,91,0,283,0,69742.52,5.129,False,240,False
2023-12-18,ACC-002,283,0,67,67,0,216,424,53231.04,3.907,False,240,True
2023-12-25,ACC-002,216,0,82,82,0,134,424,33022.96,2.419,False,240,False
2024-01-01,ACC-002,134,0,53,53,0,81,424,19961.64,1.459,False,240,False
2024-01-08,ACC-002,81,0,61,61,0,20,424,4928.8,0.36,False,240,False
2024-01-15,ACC-002,20,412,62,62,0,370,0,91182.8,6.641,False,240,False
2024-01-22,ACC-002,370,0,70,70,0,300,0,73932.0,5.374,False,240,False
2024-01-29,ACC-002,300,0,48,48,0,252,0,62102.88,4.506,False,240,False
2024-02-05,ACC-002,252,0,49,49,0,203,440,50027.32,3.623,False,240,True
2024-02-12,ACC-002,203,0,53,53,0,150,440,36966.0,2.672,False,240,False
2024-02-19,ACC-002,150,0,89,89,0,61,440,15032.84,1.084,False,240,False
2024-02-26,ACC-002,61,0,62,61,1,0,440,0.0,0.0,True,240,False
2024-03-04,ACC-002,0,0,60,0,60,0,440,0.0,0.0,True,240,False
2024-03-11,ACC-002,0,434,48,48,0,386,0,95125.84,6.823,False,240,False
2024-03-18,ACC-002,386,0,63,63,0,323,0,79600.12,5.698,False,240,False
2024-03-25,ACC-002,323,0,54,54,0,269,0,66292.36,4.737,False,240,False
2024-04-01,ACC-002,269,0,59,59,0,210,432,51752.4,3.691,False,240,True
2024-04-08,ACC-002,210,0,24,24,0,186,432,45837.84,3.263,False,240,False
2024-04-15,ACC-002,186,0,49,49,0,137,432,33762.28,2.399,False,240,False
2024-04-22,ACC-002,137,0,40,40,0,97,432,23904.68,1.695,False,240,False
2024-04-29,ACC-002,97,426,50,50,0,473,0,116566.12,8.251,False,240,False
2024-05-06,ACC-002,473,0,67,67,0,406,0,100054.64,7.069,False,240,False
2024-05-13,ACC-002,406,0,75,75,0,331,0,81571.64,5.752,False,240,False
2024-05-20,ACC-002,331,0,48,48,0,283,0,69742.52,4.909,False,240,False
2024-05-27,ACC-002,283,0,73,73,0,210,432,51752.4,3.636,False,240,True
2024-06-03,ACC-002,210,0,57,57,0,153,432,37705.32,2.644,False,240,False
2024-06-10,ACC-002,153,0,53,53,0,100,432,24644.0,1.725,False,240,False
2024-06-17,ACC-002,100,0,50,50,0,50,432,12322.0,0.861,False,240,False
2024-06-24,ACC-002,50,429,53,53,0,426,0,104983.44,7.322,False,240,False
2024-07-01,ACC-002,426,0,46,46,0,380,0,93647.2,6.519,False,240,False
2024-07-08,ACC-002,380,0,60,60,0,320,0,78860.8,5.48,False,240,False
2024-07-15,ACC-002,320,0,49,49,0,271,0,66785.24,4.632,False,240,False
2024-07-22,ACC-002,271,0,62,62,0,209,432,51505.96,3.566,False,240,True
2024-07-29,ACC-002,209,0,47,47,0,162,432,39923.28,2.759,False,240,False
2024-08-05,ACC-002,162,0,44,44,0,118,432,29079.92,2.006,False,240,False
2024-08-12,ACC-002,118,0,47,47,0,71,432,17497.24,1.205,False,240,False
2024-08-19,ACC-002,71,429,51,51,0,449,0,110651.56,7.605,False,240,False
2024-08-26,ACC-002,449,0,38,38,0,411,0,101286.84,6.948,False,240,False
2024-09-02,ACC-002,411,0,61,61,0,350,0,86254.0,5.906,False,240,False
2024-09-09,ACC-002,350,0,81,81,0,269,0,66292.36,4.531,False,240,False
2024-09-16,ACC-002,269,0,48,48,0,221,424,54463.24,3.716,False,240,True
2024-09-23,ACC-002,221,0,83,83,0,138,424,34008.72,2.316,False,240,False
2024-09-30,ACC-002,138,0,43,43,0,95,424,23411.8,1.592,False,240,False
2024-10-07,ACC-002,95,0,60,60,0,35,424,8625.4,0.585,False,240,False
2024-10-14,ACC-002,35,419,61,61,0,393,0,96850.92,6.561,False,240,False
2024-10-21,ACC-002,393,0,58,58,0,335,0,82557.4,5.583,False,240,False
2024-10-28,ACC-002,335,0,59,59,0,276,0,68017.44,4.591,False,240,False
2024-11-04,ACC-002,276,0,111,111,0,165,480,40662.6,2.74,False,240,True
2024-11-11,ACC-002,165,0,97,97,0,68,480,16757.92,1.127,False,240,False
2024-11-18,ACC-002,68,0,120,68,52,0,480,0.0,0.0,True,240,False
2024-11-25,ACC-002,0,0,171,0,171,0,480,0.0,0.0,True,240,False
2024-12-02,ACC-002,0,474,71,71,0,403,0,99315.32,6.644,False,240,False
2024-12-09,ACC-002,403,0,123,123,0,280,0,69003.2,4.608,False,240,False
2024-12-16,ACC-002,280,0,128,128,0,152,488,37458.88,2.497,False,240,True
2024-12-23,ACC-002,152,0,104,104,0,48,488,11829.12,0.787,False,240,False
2024-12-30,ACC-002,48,0,109,48,61,0,488,0.0,0.0,True,240,False
2025-01-06,ACC-002,0,0,71,0,71,0,488,0.0,0.0,True,240,False
2025-01-13,ACC-002,0,476,63,63,0,413,0,101779.72,6.738,False,240,False
2025-01-20,ACC-002,413,0,61,61,0,352,0,86746.88,5.733,False,240,False
2025-01-27,ACC-002,352,0,60,60,0,292,0,71960.48,4.747,False,240,False
2025-02-03,ACC-002,292,0,99,99,0,193,448,47562.92,3.132,False,240,True
2025-02-10,ACC-002,193,0,66,66,0,127,448,31297.88,2.057,False,240,False
2025-02-17,ACC-002,127,0,69,69,0,58,448,14293.52,0.938,False,240,False
2025-02-24,ACC-002,58,0,61,58,3,0,448,0.0,0.0,True,240,False
2025-03-03,ACC-002,0,442,78,78,0,364,0,89704.16,5.866,False,240,False
2025-03-10,ACC-002,364,0,62,62,0,302,0,74424.88,4.859,False,240,False
2025-03-17,ACC-002,302,0,53,53,0,249,0,61363.56,3.999,False,240,False
2025-03-24,ACC-002,249,0,55,55,0,194,448,47809.36,3.11,False,240,True
2025-03-31,ACC-002,194,0,50,50,0,144,448,35487.36,2.305,False,240,False
2025-04-07,ACC-002,144,0,70,70,0,74,448,18236.56,1.182,False,240,False
2025-04-14,ACC-002,74,0,76,74,2,0,448,0.0,0.0,True,240,False
2025-04-21,ACC-002,0,446,62,62,0,384,0,94632.96,6.115,False,240,False
2025-04-28,ACC-002,384,0,70,70,0,314,0,77382.16,4.992,False,240,False
2025-05-05,ACC-002,314,0,87,87,0,227,416,55941.88,3.602,False,240,True
2025-05-12,ACC-002,227,0,56,56,0,171,416,42141.24,2.709,False,240,False
2025-05-19,ACC-002,171,0,58,58,0,113,416,27847.72,1.787,False,240,False
2025-05-26,ACC-002,113,0,40,40,0,73,416,17990.12,1.153,False,240,False
2025-06-02,ACC-002,73,409,58,58,0,424,0,104490.56,6.683,False,240,False
2025-06-09,ACC-002,424,0,72,72,0,352,0,86746.88,5.539,False,240,False
2025-06-16,ACC-002,352,0,45,45,0,307,0,75657.08,4.823,False,240,False
2025-06-23,ACC-002,307,0,58,58,0,249,0,61363.56,3.905,False,240,False
2025-06-30,ACC-002,249,0,73,73,0,176,464,43373.44,2.755,False,240,True
2025-07-07,ACC-002,176,0,47,47,0,129,464,31790.76,2.016,False,240,False
2025-07-14,ACC-002,129,0,38,38,0,91,464,22426.04,1.42,False,240,False
2025-07-21,ACC-002,91,0,59,59,0,32,464,7886.08,0.498,False,240,False
2025-07-28,ACC-002,32,456,61,61,0,427,0,105229.88,6.641,False,240,False
2025-08-04,ACC-002,427,0,47,47,0,380,0,93647.2,5.9,False,240,False
2025-08-11,ACC-002,380,0,67,67,0,313,0,77135.72,4.851,False,240,False
2025-08-18,ACC-002,313,0,70,70,0,243,0,59884.92,3.76,False,240,False
2025-08-25,ACC-002,243,0,54,54,0,189,456,46577.16,2.92,False,240,True
2025-09-01,ACC-002,189,0,59,59,0,130,456,32037.2,2.005,False,240,False
2025-09-08,ACC-002,130,0,68,68,0,62,456,15279.28,0.955,False,240,False
2025-09-15,ACC-002,62,0,45,45,0,17,456,4189.48,0.261,False,240,False
2025-09-22,ACC-002,17,452,65,65,0,404,0,99561.76,6.2,False,240,False
2025-09-29,ACC-002,404,0,62,62,0,342,0,84282.48,5.24,False,240,False
2025-10-06,ACC-002,342,0,60,60,0,282,0,69496.08,4.314,False,240,False
2025-10-13,ACC-002,282,0,48,48,0,234,408,57666.96,3.573,False,240,True
2025-10-20,ACC-002,234,0,47,47,0,187,408,46084.28,2.851,False,240,False
2025-10-27,ACC-002,187,0,58,58,0,129,408,31790.76,1.964,False,240,False
2025-11-03,ACC-002,129,0,147,129,18,0,408,0.0,0.0,True,240,False
2025-11-10,ACC-002,0,403,85,85,0,318,0,78367.92,4.825,False,240,False
2025-11-17,ACC-002,318,0,199,199,0,119,520,29326.36,1.803,False,240,True
2025-11-24,ACC-002,119,0,176,119,57,0,520,0.0,0.0,True,240,False
2025-12-01,ACC-002,0,0,90,0,90,0,520,0.0,0.0,True,240,False
2025-12-08,ACC-002,0,0,123,0,123,0,520,0.0,0.0,True,240,False
2025-12-15,ACC-002,0,506,163,163,0,343,0,84528.92,5.162,False,240,False
2025-12-22,ACC-002,343,0,94,94,0,249,0,61363.56,3.741,False,240,False
2025-12-29,ACC-002,249,0,94,94,0,155,488,38198.2,2.325,False,240,True
2023-01-02,ACC-003,504,0,54,54,0,450,0,202797.0,8.557,False,74,False
2023-01-09,ACC-003,450,0,84,84,0,366,0,164941.56,6.945,False,74,False
2023-01-16,ACC-003,366,0,51,51,0,315,0,141957.9,5.964,False,74,False
2023-01-23,ACC-003,315,0,67,67,0,248,0,111763.68,4.686,False,74,False
2023-01-30,ACC-003,248,0,68,68,0,180,0,81118.8,3.394,False,74,False
2023-02-06,ACC-003,180,0,63,63,0,117,0,52727.22,2.201,False,74,False
2023-02-13,ACC-003,117,0,60,60,0,57,440,25687.62,1.07,False,74,True
2023-02-20,ACC-003,57,437,54,54,0,440,0,198290.4,8.243,False,74,False
2023-02-27,ACC-003,440,0,52,52,0,388,0,174856.08,7.253,False,74,False
2023-03-06,ACC-003,388,0,58,58,0,330,0,148717.8,6.156,False,74,False
2023-03-13,ACC-003,330,0,46,46,0,284,0,127987.44,5.287,False,74,False
2023-03-20,ACC-003,284,0,67,67,0,217,0,97793.22,4.031,False,74,False
2023-03-27,ACC-003,217,0,67,67,0,150,0,67599.0,2.781,False,74,False
2023-04-03,ACC-003,150,0,49,49,0,101,0,45516.66,1.868,False,74,False
2023-04-10,ACC-003,101,0,71,71,0,30,468,13519.8,0.554,False,74,True
2023-04-17,ACC-003,30,464,53,53,0,441,0,198741.06,8.124,False,74,False
2023-04-24,ACC-003,441,0,83,83,0,358,0,161336.28,6.581,False,74,False
2023-05-01,ACC-003,358,0,36,36,0,322,0,145112.52,5.907,False,74,False
2023-05-08,ACC-003,322,0,50,50,0,272,0,122579.52,4.979,False,74,False
2023-05-15,ACC-003,272,0,65,65,0,207,0,93286.62,3.782,False,74,False
2023-05-22,ACC-003,207,0,64,64,0,143,0,64444.38,2.607,False,74,False
2023-05-29,ACC-003,143,0,48,48,0,95,0,42812.7,1.728,False,74,False
2023-06-05,ACC-003,95,0,64,64,0,31,464,13970.46,0.563,False,74,True
2023-06-12,ACC-003,31,461,54,54,0,438,0,197389.08,7.936,False,74,False
2023-06-19,ACC-003,438,0,37,37,0,401,0,180714.66,7.251,False,74,False
2023-06-26,ACC-003,401,0,32,32,0,369,0,166293.54,6.659,False,74,False
2023-07-03,ACC-003,369,0,42,42,0,327,0,147365.82,5.889,False,74,False
2023-07-10,ACC-003,327,0,60,60,0,267,0,120326.22,4.798,False,74,False
2023-07-17,ACC-003,267,0,37,37,0,230,0,103651.8,4.125,False,74,False
2023-07-24,ACC-003,230,0,65,65,0,165,0,74358.9,2.953,False,74,False
2023-07-31,ACC-003,165,0,68,68,0,97,0,43714.02,1.733,False,74,False
2023-08-07,ACC-003,97,0,60,60,0,37,460,16674.42,0.66,False,74,True
2023-08-14,ACC-003,37,456,54,54,0,439,0,197839.74,7.81,False,74,False
2023-08-21,ACC-003,439,0,44,44,0,395,0,178010.7,7.013,False,74,False
2023-08-28,ACC-003,395,0,40,40,0,355,0,159984.3,6.29,False,74,False
2023-09-04,ACC-003,355,0,64,64,0,291,0,131142.06,5.146,False,74,False
2023-09-11,ACC-003,291,0,73,73,0,218,0,98243.88,3.847,False,74,False
2023-09-18,ACC-003,218,0,59,59,0,159,0,71654.94,2.801,False,74,False
2023-09-25,ACC-003,159,0,51,51,0,108,0,48671.28,1.899,False,74,False
2023-10-02,ACC-003,108,0,65,65,0,43,452,19378.38,0.754,False,74,True
2023-10-09,ACC-003,43,451,84,84,0,410,0,184770.6,7.179,False,74,False
2023-10-16,ACC-003,410,0,60,60,0,350,0,157731.0,6.116,False,74,False
2023-10-23,ACC-003,350,0,53,53,0,297,0,133846.02,5.18,False,74,False
2023-10-30,ACC-003,297,0,63,63,0,234,0,105454.44,4.073,False,74,False
2023-11-06,ACC-003,234,0,79,79,0,155,0,69852.3,2.693,False,74,False
2023-11-13,ACC-003,155,0,74,74,0,81,0,36503.46,1.404,False,74,False
2023-11-20,ACC-003,81,0,114,81,33,0,496,0.0,0.0,True,74,True
2023-11-27,ACC-003,0,0,121,0,121,0,496,0.0,0.0,True,74,False
2023-12-04,ACC-003,0,0,61,0,61,0,496,0.0,0.0,True,74,False
2023-12-11,ACC-003,0,0,127,0,127,0,496,0.0,0.0,True,74,False
2023-12-18,ACC-003,0,0,111,0,111,0,496,0.0,0.0,True,74,False
2023-12-25,ACC-003,0,0,115,0,115,0,496,0.0,0.0,True,74,False
2024-01-01,ACC-003,0,0,64,0,64,0,496,0.0,0.0,True,74,False
2024-01-08,ACC-003,0,0,78,0,78,0,496,0.0,0.0,True,74,False
2024-01-15,ACC-003,0,0,86,0,86,0,496,0.0,0.0,True,74,False
2024-01-22,ACC-003,0,0,43,0,43,0,496,0.0,0.0,True,74,False
2024-01-29,ACC-003,0,0,66,0,66,0,496,0.0,0.0,True,74,False
2024-02-05,ACC-003,0,0,56,0,56,0,496,0.0,0.0,True,74,False
2024-02-12,ACC-003,0,0,41,0,41,0,496,0.0,0.0,True,74,False
2024-02-19,ACC-003,0,0,58,0,58,0,496,0.0,0.0,True,74,False
2024-02-26,ACC-003,0,0,66,0,66,0,496,0.0,0.0,True,74,False
2024-03-04,ACC-003,0,0,52,0,52,0,496,0.0,0.0,True,74,False
2024-03-11,ACC-003,0,0,70,0,70,0,496,0.0,0.0,True,74,False
2024-03-18,ACC-003,0,0,74,0,74,0,496,0.0,0.0,True,74,False
2024-03-25,ACC-003,0,0,66,0,66,0,496,0.0,0.0,True,74,False
2024-04-01,ACC-003,0,0,56,0,56,0,496,0.0,0.0,True,74,False
2024-04-08,ACC-003,0,0,74,0,74,0,496,0.0,0.0,True,74,False
2024-04-15,ACC-003,0,0,67,0,67,0,496,0.0,0.0,True,74,False
2024-04-22,ACC-003,0,0,53,0,53,0,496,0.0,0.0,True,74,False
2024-04-29,ACC-003,0,0,60,0,60,0,496,0.0,0.0,True,74,False
2024-05-06,ACC-003,0,0,46,0,46,0,496,0.0,0.0,True,74,False
2024-05-13,ACC-003,0,0,40,0,40,0,496,0.0,0.0,True,74,False
2024-05-20,ACC-003,0,0,52,0,52,0,496,0.0,0.0,True,74,False
2024-05-27,ACC-003,0,0,71,0,71,0,496,0.0,0.0,True,74,False
2024-06-03,ACC-003,0,0,50,0,50,0,496,0.0,0.0,True,74,False
2024-06-10,ACC-003,0,0,79,0,79,0,496,0.0,0.0,True,74,False
2024-06-17,ACC-003,0,0,48,0,48,0,496,0.0,0.0,True,74,False
2024-06-24,ACC-003,0,0,50,0,50,0,496,0.0,0.0,True,74,False
2024-07-01,ACC-003,0,0,58,0,58,0,496,0.0,0.0,True,74,False
2024-07-08,ACC-003,0,0,49,0,49,0,496,0.0,0.0,True,74,False
2024-07-15,ACC-003,0,0,61,0,61,0,496,0.0,0.0,True,74,False
2024-07-22,ACC-003,0,0,69,0,69,0,496,0.0,0.0,True,74,False
2024-07-29,ACC-003,0,0,37,0,37,0,496,0.0,0.0,True,74,False
2024-08-05,ACC-003,0,0,58,0,58,0,496,0.0,0.0,True,74,False
2024-08-12,ACC-003,0,0,50,0,50,0,496,0.0,0.0,True,74,False
2024-08-19,ACC-003,0,0,60,0,60,0,496,0.0,0.0,True,74,False
2024-08-26,ACC-003,0,0,52,0,52,0,496,0.0,0.0,True,74,False
2024-09-02,ACC-003,0,0,68,0,68,0,496,0.0,0.0,True,74,False
2024-09-09,ACC-003,0,0,36,0,36,0,496,0.0,0.0,True,74,False
2024-09-16,ACC-003,0,0,85,0,85,0,496,0.0,0.0,True,74,False
2024-09-23,ACC-003,0,0,82,0,82,0,496,0.0,0.0,True,74,False
2024-09-30,ACC-003,0,0,67,0,67,0,496,0.0,0.0,True,74,False
2024-10-07,ACC-003,0,0,72,0,72,0,496,0.0,0.0,True,74,False
2024-10-14,ACC-003,0,0,70,0,70,0,496,0.0,0.0,True,74,False
2024-10-21,ACC-003,0,0,70,0,70,0,496,0.0,0.0,True,74,False
2024-10-28,ACC-003,0,0,78,0,78,0,496,0.0,0.0,True,74,False
2024-11-04,ACC-003,0,0,120,0,120,0,496,0.0,0.0,True,74,False
2024-11-11,ACC-003,0,0,106,0,106,0,496,0.0,0.0,True,74,False
2024-11-18,ACC-003,0,0,160,0,160,0,496,0.0,0.0,True,74,False
2024-11-25,ACC-003,0,0,221,0,221,0,496,0.0,0.0,True,74,False
2024-12-02,ACC-003,0,0,91,0,91,0,496,0.0,0.0,True,74,False
2024-12-09,ACC-003,0,0,99,0,99,0,496,0.0,0.0,True,74,False
2024-12-16,ACC-003,0,0,100,0,100,0,496,0.0,0.0,True,74,False
2024-12-23,ACC-003,0,0,106,0,106,0,496,0.0,0.0,True,74,False
2024-12-30,ACC-003,0,0,113,0,113,0,496,0.0,0.0,True,74,False
2025-01-06,ACC-003,0,0,75,0,75,0,496,0.0,0.0,True,74,False
2025-01-13,ACC-003,0,0,99,0,99,0,496,0.0,0.0,True,74,False
2025-01-20,ACC-003,0,0,75,0,75,0,496,0.0,0.0,True,74,False
2025-01-27,ACC-003,0,0,77,0,77,0,496,0.0,0.0,True,74,False
2025-02-03,ACC-003,0,0,104,0,104,0,496,0.0,0.0,True,74,False
2025-02-10,ACC-003,0,0,71,0,71,0,496,0.0,0.0,True,74,False
2025-02-17,ACC-003,0,0,72,0,72,0,496,0.0,0.0,True,74,False
2025-02-24,ACC-003,0,0,62,0,62,0,496,0.0,0.0,True,74,False
2025-03-03,ACC-003,0,0,83,0,83,0,496,0.0,0.0,True,74,False
2025-03-10,ACC-003,0,0,81,0,81,0,496,0.0,0.0,True,74,False
2025-03-17,ACC-003,0,0,111,0,111,0,496,0.0,0.0,True,74,False
2025-03-24,ACC-003,0,0,85,0,85,0,496,0.0,0.0,True,74,False
2025-03-31,ACC-003,0,0,76,0,76,0,496,0.0,0.0,True,74,False
2025-04-07,ACC-003,0,0,61,0,61,0,496,0.0,0.0,True,74,False
2025-04-14,ACC-003,0,0,65,0,65,0,496,0.0,0.0,True,74,False
2025-04-21,ACC-003,0,0,66,0,66,0,496,0.0,0.0,True,74,False
2025-04-28,ACC-003,0,0,64,0,64,0,496,0.0,0.0,True,74,False
2025-05-05,ACC-003,0,0,52,0,52,0,496,0.0,0.0,True,74,False
2025-05-12,ACC-003,0,0,74,0,74,0,496,0.0,0.0,True,74,False
2025-05-19,ACC-003,0,0,66,0,66,0,496,0.0,0.0,True,74,False
2025-05-26,ACC-003,0,0,55,0,55,0,496,0.0,0.0,True,74,False
2025-06-02,ACC-003,0,0,68,0,68,0,496,0.0,0.0,True,74,False
2025-06-09,ACC-003,0,0,77,0,77,0,496,0.0,0.0,True,74,False
2025-06-16,ACC-003,0,0,53,0,53,0,496,0.0,0.0,True,74,False
2025-06-23,ACC-003,0,0,48,0,48,0,496,0.0,0.0,True,74,False
2025-06-30,ACC-003,0,0,55,0,55,0,496,0.0,0.0,True,74,False
2025-07-07,ACC-003,0,0,60,0,60,0,496,0.0,0.0,True,74,False
2025-07-14,ACC-003,0,0,52,0,52,0,496,0.0,0.0,True,74,False
2025-07-21,ACC-003,0,0,78,0,78,0,496,0.0,0.0,True,74,False
2025-07-28,ACC-003,0,0,57,0,57,0,496,0.0,0.0,True,74,False
2025-08-04,ACC-003,0,0,43,0,43,0,496,0.0,0.0,True,74,False
2025-08-11,ACC-003,0,0,45,0,45,0,496,0.0,0.0,True,74,False
2025-08-18,ACC-003,0,0,46,0,46,0,496,0.0,0.0,True,74,False
2025-08-25,ACC-003,0,0,55,0,55,0,496,0.0,0.0,True,74,False
2025-09-01,ACC-003,0,0,75,0,75,0,496,0.0,0.0,True,74,False
2025-09-08,ACC-003,0,0,61,0,61,0,496,0.0,0.0,True,74,False
2025-09-15,ACC-003,0,0,59,0,59,0,496,0.0,0.0,True,74,False
2025-09-22,ACC-003,0,0,63,0,63,0,496,0.0,0.0,True,74,False
2025-09-29,ACC-003,0,0,78,0,78,0,496,0.0,0.0,True,74,False
2025-10-06,ACC-003,0,0,76,0,76,0,496,0.0,0.0,True,74,False
2025-10-13,ACC-003,0,0,61,0,61,0,496,0.0,0.0,True,74,False
2025-10-20,ACC-003,0,0,73,0,73,0,496,0.0,0.0,True,74,False
2025-10-27,ACC-003,0,0,78,0,78,0,496,0.0,0.0,True,74,False
2025-11-03,ACC-003,0,0,119,0,119,0,496,0.0,0.0,True,74,False
2025-11-10,ACC-003,0,0,103,0,103,0,496,0.0,0.0,True,74,False
2025-11-17,ACC-003,0,0,197,0,197,0,496,0.0,0.0,True,74,False
2025-11-24,ACC-003,0,0,190,0,190,0,496,0.0,0.0,True,74,False
2025-12-01,ACC-003,0,0,120,0,120,0,496,0.0,0.0,True,74,False
2025-12-08,ACC-003,0,0,116,0,116,0,496,0.0,0.0,True,74,False
2025-12-15,ACC-003,0,0,119,0,119,0,496,0.0,0.0,True,74,False
2025-12-22,ACC-003,0,0,122,0,122,0,496,0.0,0.0,True,74,False
2025-12-29,ACC-003,0,0,87,0,87,0,496,0.0,0.0,True,74,False
2023-01-02,ACC-004,547,0,74,74,0,473,0,152126.26,8.539,False,142,False
2023-01-09,ACC-004,473,0,56,56,0,417,0,134115.54,7.512,False,142,False
2023-01-16,ACC-004,417,0,83,83,0,334,0,107421.08,6.004,False,142,False
2023-01-23,ACC-004,334,0,72,72,0,262,0,84264.44,4.7,False,142,False
2023-01-30,ACC-004,262,0,58,58,0,204,0,65610.48,3.652,False,142,False
2023-02-06,ACC-004,204,0,57,57,0,147,0,47278.14,2.626,False,142,False
2023-02-13,ACC-004,147,0,59,59,0,88,504,28302.56,1.569,False,142,True
2023-02-20,ACC-004,88,0,69,69,0,19,504,6110.78,0.338,False,142,False
2023-02-27,ACC-004,19,492,82,82,0,429,0,137974.98,7.614,False,142,False
2023-03-06,ACC-004,429,0,69,69,0,360,0,115783.2,6.376,False,142,False
2023-03-13,ACC-004,360,0,59,59,0,301,0,96807.62,5.32,False,142,False
2023-03-20,ACC-004,301,0,68,68,0,233,0,74937.46,4.109,False,142,False
2023-03-27,ACC-004,233,0,62,62,0,171,0,54997.02,3.01,False,142,False
2023-04-03,ACC-004,171,0,51,51,0,120,468,38594.4,2.108,False,142,True
2023-04-10,ACC-004,120,459,70,70,0,509,0,163704.58,8.921,False,142,False
2023-04-17,ACC-004,509,0,54,54,0,455,0,146337.1,7.958,False,142,False
2023-04-24,ACC-004,455,0,75,75,0,380,0,122215.6,6.632,False,142,False
2023-05-01,ACC-004,380,0,64,64,0,316,0,101631.92,5.504,False,142,False
2023-05-08,ACC-004,316,0,55,55,0,261,0,83942.82,4.536,False,142,False
2023-05-15,ACC-004,261,0,64,64,0,197,0,63359.14,3.417,False,142,False
2023-05-22,ACC-004,197,0,60,60,0,137,456,44061.94,2.371,False,142,True
2023-05-29,ACC-004,137,456,56,56,0,537,0,172709.94,9.276,False,142,False
2023-06-05,ACC-004,537,0,58,58,0,479,0,154055.98,8.257,False,142,False
2023-06-12,ACC-004,479,0,62,62,0,417,0,134115.54,7.174,False,142,False
2023-06-19,ACC-004,417,0,56,56,0,361,0,116104.82,6.198,False,142,False
2023-06-26,ACC-004,361,0,59,59,0,302,0,97129.24,5.174,False,142,False
2023-07-03,ACC-004,302,0,52,52,0,250,0,80405.0,4.275,False,142,False
2023-07-10,ACC-004,250,0,53,53,0,197,0,63359.14,3.361,False,142,False
2023-07-17,ACC-004,197,0,51,51,0,146,0,46956.52,2.486,False,142,False
2023-07-24,ACC-004,146,0,54,54,0,92,504,29589.04,1.563,False,142,True
2023-07-31,ACC-004,92,0,45,45,0,47,504,15116.14,0.797,False,142,False
2023-08-07,ACC-004,47,494,49,49,0,492,0,158237.04,8.327,False,142,False
2023-08-14,ACC-004,492,0,51,51,0,441,0,141834.42,7.449,False,142,False
2023-08-21,ACC-004,441,0,55,55,0,386,0,124145.32,6.507,False,142,False
2023-08-28,ACC-004,386,0,41,41,0,345,0,110958.9,5.804,False,142,False
2023-09-04,ACC-004,345,0,51,51,0,294,0,94556.28,4.936,False,142,False
2023-09-11,ACC-004,294,0,56,56,0,238,0,76545.56,3.988,False,142,False
2023-09-18,ACC-004,238,0,48,48,0,190,0,61107.8,3.177,False,142,False
2023-09-25,ACC-004,190,0,76,76,0,114,480,36664.68,1.903,False,142,True
2023-10-02,ACC-004,114,0,55,55,0,59,480,18975.58,0.983,False,142,False
2023-10-09,ACC-004,59,474,86,86,0,447,0,143764.14,7.431,False,142,False
2023-10-16,ACC-004,447,0,61,61,0,386,0,124145.32,6.404,False,142,False
2023-10-23,ACC-004,386,0,64,64,0,322,0,103561.64,5.332,False,142,False
2023-10-30,ACC-004,322,0,68,68,0,254,0,81691.48,4.198,False,142,False
2023-11-06,ACC-004,254,0,89,89,0,165,0,53067.3,2.721,False,142,False
2023-11-13,ACC-004,165,0,82,82,0,83,504,26694.46,1.366,False,142,True
2023-11-20,ACC-004,83,0,118,83,35,0,504,0.0,0.0,True,142,False
2023-11-27,ACC-004,0,491,165,165,0,326,0,104848.12,5.345,False,142,False
2023-12-04,ACC-004,326,0,103,103,0,223,0,71721.26,3.649,False,142,False
2023-12-11,ACC-004,223,0,96,96,0,127,468,40845.74,2.074,False,142,True
2023-12-18,ACC-004,127,0,154,127,27,0,468,0.0,0.0,True,142,False
2023-12-25,ACC-004,0,467,108,108,0,359,0,115461.58,5.841,False,142,False
2024-01-01,ACC-004,359,0,63,63,0,296,0,95199.52,4.807,False,142,False
2024-01-08,ACC-004,296,0,90,90,0,206,0,66253.72,3.339,False,142,False
2024-01-15,ACC-004,206,0,53,53,0,153,0,49207.86,2.475,False,142,False
2024-01-22,ACC-004,153,0,63,63,0,90,504,28945.8,1.453,False,142,True
2024-01-29,ACC-004,90,0,75,75,0,15,504,4824.3,0.242,False,142,False
2024-02-05,ACC-004,15,489,51,51,0,453,0,145693.86,7.286,False,142,False
2024-02-12,ACC-004,453,0,64,64,0,389,0,125110.18,6.244,False,142,False
2024-02-19,ACC-004,389,0,63,63,0,326,0,104848.12,5.223,False,142,False
2024-02-26,ACC-004,326,0,66,66,0,260,0,83621.2,4.158,False,142,False
2024-03-04,ACC-004,260,0,57,57,0,203,0,65288.86,3.24,False,142,False
2024-03-11,ACC-004,203,0,41,41,0,162,0,52102.44,2.581,False,142,False
2024-03-18,ACC-004,162,0,63,63,0,99,492,31840.38,1.574,False,142,True
2024-03-25,ACC-004,99,0,54,54,0,45,492,14472.9,0.714,False,142,False
2024-04-01,ACC-004,45,0,56,45,11,0,492,0.0,0.0,True,142,False
2024-04-08,ACC-004,0,490,54,54,0,436,0,140226.32,6.893,False,142,False
2024-04-15,ACC-004,436,0,65,65,0,371,0,119321.02,5.855,False,142,False
2024-04-22,ACC-004,371,0,56,56,0,315,0,101310.3,4.962,False,142,False
2024-04-29,ACC-004,315,0,47,47,0,268,0,86194.16,4.213,False,142,False
2024-05-06,ACC-004,268,0,55,55,0,213,0,68505.06,3.342,False,142,False
2024-05-13,ACC-004,213,0,60,60,0,153,0,49207.86,2.396,False,142,False
2024-05-20,ACC-004,153,0,51,51,0,102,492,32805.24,1.595,False,142,True
2024-05-27,ACC-004,102,0,51,51,0,51,492,16402.62,0.796,False,142,False
2024-06-03,ACC-004,51,0,70,51,19,0,492,0.0,0.0,True,142,False
2024-06-10,ACC-004,0,487,55,55,0,432,0,138939.84,6.716,False,142,False
2024-06-17,ACC-004,432,0,50,50,0,382,0,122858.84,5.928,False,142,False
2024-06-24,ACC-004,382,0,50,50,0,332,0,106777.84,5.143,False,142,False
2024-07-01,ACC-004,332,0,83,83,0,249,0,80083.38,3.85,False,142,False
2024-07-08,ACC-004,249,0,45,45,0,204,0,65610.48,3.148,False,142,False
2024-07-15,ACC-004,204,0,53,53,0,151,0,48564.62,2.326,False,142,False
2024-07-22,ACC-004,151,0,73,73,0,78,516,25086.36,1.199,False,142,True
2024-07-29,ACC-004,78,0,54,54,0,24,516,7718.88,0.368,False,142,False
2024-08-05,ACC-004,24,514,48,48,0,490,0,157593.8,7.507,False,142,False
2024-08-12,ACC-004,490,0,69,69,0,421,0,135402.02,6.438,False,142,False
2024-08-19,ACC-004,421,0,71,71,0,350,0,112567.0,5.342,False,142,False
2024-08-26,ACC-004,350,0,51,51,0,299,0,96164.38,4.556,False,142,False
2024-09-02,ACC-004,299,0,82,82,0,217,0,69791.54,3.3,False,142,False
2024-09-09,ACC-004,217,0,53,53,0,164,0,52745.68,2.49,False,142,False
2024-09-16,ACC-004,164,0,39,39,0,125,468,40202.5,1.894,False,142,True
2024-09-23,ACC-004,125,0,83,83,0,42,468,13508.04,0.635,False,142,False
2024-09-30,ACC-004,42,0,79,42,37,0,468,0.0,0.0,True,142,False
2024-10-07,ACC-004,0,463,57,57,0,406,0,130577.72,6.119,False,142,False
2024-10-14,ACC-004,406,0,73,73,0,333,0,107099.46,5.01,False,142,False
2024-10-21,ACC-004,333,0,61,61,0,272,0,87480.64,4.085,False,142,False
2024-10-28,ACC-004,272,0,91,91,0,181,0,58213.22,2.714,False,142,False
2024-11-04,ACC-004,181,0,108,108,0,73,516,23478.26,1.092,False,142,True
2024-11-11,ACC-004,73,0,108,73,35,0,516,0.0,0.0,True,142,False
2024-11-18,ACC-004,0,513,194,194,0,319,0,102596.78,4.757,False,142,False
2024-11-25,ACC-004,319,0,241,241,0,78,516,25086.36,1.161,False,142,True
2024-12-02,ACC-004,78,0,100,78,22,0,516,0.0,0.0,True,142,False
2024-12-09,ACC-004,0,503,101,101,0,402,0,129291.24,5.963,False,142,False
2024-12-16,ACC-004,402,0,145,145,0,257,0,82656.34,3.805,False,142,False
2024-12-23,ACC-004,257,0,108,108,0,149,0,47921.38,2.202,False,142,False
2024-12-30,ACC-004,149,0,90,90,0,59,528,18975.58,0.871,False,142,True
2025-01-06,ACC-004,59,0,105,59,46,0,528,0.0,0.0,True,142,False
2025-01-13,ACC-004,0,519,89,89,0,430,0,138296.6,6.322,False,142,False
2025-01-20,ACC-004,430,0,56,56,0,374,0,120285.88,5.489,False,142,False
2025-01-27,ACC-004,374,0,74,74,0,300,0,96486.0,4.396,False,142,False
2025-02-03,ACC-004,300,0,80,80,0,220,0,70756.4,3.218,False,142,False
2025-02-10,ACC-004,220,0,95,95,0,125,468,40202.5,1.825,False,142,True
2025-02-17,ACC-004,125,0,79,79,0,46,468,14794.52,0.67,False,142,False
2025-02-24,ACC-004,46,460,86,86,0,420,0,135080.4,6.111,False,142,False
2025-03-03,ACC-004,420,0,73,73,0,347,0,111602.14,5.04,False,142,False
2025-03-10,ACC-004,347,0,61,61,0,286,0,91983.32,4.147,False,142,False
2025-03-17,ACC-004,286,0,100,100,0,186,0,59821.32,2.692,False,142,False
2025-03-24,ACC-004,186,0,61,61,0,125,468,40202.5,1.806,False,142,True
2025-03-31,ACC-004,125,0,89,89,0,36,468,11578.32,0.519,False,142,False
2025-04-07,ACC-004,36,459,48,48,0,447,0,143764.14,6.437,False,142,False
2025-04-14,ACC-004,447,0,53,53,0,394,0,126718.28,5.664,False,142,False
2025-04-21,ACC-004,394,0,72,72,0,322,0,103561.64,4.621,False,142,False
2025-04-28,ACC-004,322,0,52,52,0,270,0,86837.4,3.868,False,142,False
2025-05-05,ACC-004,270,0,72,72,0,198,0,63680.76,2.832,False,142,False
2025-05-12,ACC-004,198,0,73,73,0,125,468,40202.5,1.785,False,142,True
2025-05-19,ACC-004,125,0,54,54,0,71,468,22835.02,1.012,False,142,False
2025-05-26,ACC-004,71,458,50,50,0,479,0,154055.98,6.816,False,142,False
2025-06-02,ACC-004,479,0,48,48,0,431,0,138618.22,6.123,False,142,False
2025-06-09,ACC-004,431,0,78,78,0,353,0,113531.86,5.006,False,142,False
2025-06-16,ACC-004,353,0,67,67,0,286,0,91983.32,4.049,False,142,False
2025-06-23,ACC-004,286,0,62,62,0,224,0,72042.88,3.166,False,142,False
2025-06-30,ACC-004,224,0,60,60,0,164,0,52745.68,2.314,False,142,False
2025-07-07,ACC-004,164,0,58,58,0,106,480,34091.72,1.493,False,142,True
2025-07-14,ACC-004,106,0,66,66,0,40,480,12864.8,0.563,False,142,False
2025-07-21,ACC-004,40,476,54,54,0,462,0,148588.44,6.486,False,142,False
2025-07-28,ACC-004,462,0,66,66,0,396,0,127361.52,5.55,False,142,False
2025-08-04,ACC-004,396,0,52,52,0,344,0,110637.28,4.813,False,142,False
2025-08-11,ACC-004,344,0,52,52,0,292,0,93913.04,4.079,False,142,False
2025-08-18,ACC-004,292,0,55,55,0,237,0,76223.94,3.305,False,142,False
2025-08-25,ACC-004,237,0,66,66,0,171,0,54997.02,2.381,False,142,False
2025-09-01,ACC-004,171,0,63,63,0,108,480,34734.96,1.501,False,142,True
2025-09-08,ACC-004,108,0,115,108,7,0,480,0.0,0.0,True,142,False
2025-09-15,ACC-004,0,467,63,63,0,404,0,129934.48,5.597,False,142,False
2025-09-22,ACC-004,404,0,96,96,0,308,0,99058.96,4.26,False,142,False
2025-09-29,ACC-004,308,0,67,67,0,241,0,77510.42,3.328,False,142,False
2025-10-06,ACC-004,241,0,81,81,0,160,0,51459.2,2.206,False,142,False
2025-10-13,ACC-004,160,0,64,64,0,96,492,30875.52,1.321,False,142,True
2025-10-20,ACC-004,96,0,73,73,0,23,492,7397.26,0.316,False,142,False
2025-10-27,ACC-004,23,482,103,103,0,402,0,129291.24,5.515,False,142,False
2025-11-03,ACC-004,402,0,164,164,0,238,0,76545.56,3.26,False,142,False
2025-11-10,ACC-004,238,0,92,92,0,146,0,46956.52,1.996,False,142,False
2025-11-17,ACC-004,146,0,230,146,84,0,588,0.0,0.0,True,142,True
2025-11-24,ACC-004,0,0,216,0,216,0,588,0.0,0.0,True,142,False
2025-12-01,ACC-004,0,578,100,100,0,478,0,153734.36,6.504,False,142,False
2025-12-08,ACC-004,478,0,112,112,0,366,0,117712.92,4.972,False,142,False
2025-12-15,ACC-004,366,0,152,152,0,214,0,68826.68,2.902,False,142,False
2025-12-22,ACC-004,214,0,133,133,0,81,504,26051.22,1.097,False,142,True
2025-12-29,ACC-004,81,504,113,113,0,472,0,151804.64,6.381,False,142,False
2023-01-02,ACC-005,532,0,54,54,0,478,0,147200.1,10.311,False,171,False
2023-01-09,ACC-005,478,0,66,66,0,412,0,126875.4,8.868,False,171,False
2023-01-16,ACC-005,412,0,63,63,0,349,0,107474.55,7.496,False,171,False
2023-01-23,ACC-005,349,0,43,43,0,306,0,94232.7,6.558,False,171,False
2023-01-30,ACC-005,306,0,44,44,0,262,0,80682.9,5.603,False,171,False
2023-02-06,ACC-005,262,0,55,55,0,207,0,63745.65,4.418,False,171,False
2023-02-13,ACC-005,207,0,62,62,0,145,408,44652.75,3.088,False,171,True
2023-02-20,ACC-005,145,0,66,66,0,79,408,24328.05,1.679,False,171,False
2023-02-27,ACC-005,79,0,53,53,0,26,408,8006.7,0.551,False,171,False
2023-03-06,ACC-005,26,397,62,62,0,361,0,111169.95,7.639,False,171,False
2023-03-13,ACC-005,361,0,46,46,0,315,0,97004.25,6.652,False,171,False
2023-03-20,ACC-005,315,0,58,58,0,257,0,79143.15,5.415,False,171,False
2023-03-27,ACC-005,257,0,53,53,0,204,0,62821.8,4.29,False,171,False
2023-04-03,ACC-005,204,0,35,35,0,169,384,52043.55,3.546,False,171,True
2023-04-10,ACC-005,169,0,39,39,0,130,384,40033.5,2.722,False,171,False
2023-04-17,ACC-005,130,0,55,55,0,75,384,23096.25,1.567,False,171,False
2023-04-24,ACC-005,75,383,50,50,0,408,0,125643.6,8.508,False,171,False
2023-05-01,ACC-005,408,0,51,51,0,357,0,109938.15,7.429,False,171,False
2023-05-08,ACC-005,357,0,44,44,0,313,0,96388.35,6.5,False,171,False
2023-05-15,ACC-005,313,0,46,46,0,267,0,82222.65,5.533,False,171,False
2023-05-22,ACC-005,267,0,41,41,0,226,0,69596.7,4.674,False,171,False
2023-05-29,ACC-005,226,0,38,38,0,188,0,57894.6,3.88,False,171,False
2023-06-05,ACC-005,188,0,47,47,0,141,408,43420.95,2.904,False,171,True
2023-06-12,ACC-005,141,0,67,67,0,74,408,22788.3,1.521,False,171,False
2023-06-19,ACC-005,74,0,43,43,0,31,408,9546.45,0.636,False,171,False
2023-06-26,ACC-005,31,407,29,29,0,409,0,125951.55,8.372,False,171,False
2023-07-03,ACC-005,409,0,56,56,0,353,0,108706.35,7.211,False,171,False
2023-07-10,ACC-005,353,0,39,39,0,314,0,96696.3,6.401,False,171,False
2023-07-17,ACC-005,314,0,50,50,0,264,0,81298.8,5.371,False,171,False
2023-07-24,ACC-005,264,0,45,45,0,219,0,67441.05,4.447,False,171,False
2023-07-31,ACC-005,219,0,33,33,0,186,0,57278.7,3.769,False,171,False
2023-08-07,ACC-005,186,0,39,39,0,147,396,45268.65,2.973,False,171,True
2023-08-14,ACC-005,147,0,44,44,0,103,396,31718.85,2.079,False,171,False
2023-08-21,ACC-005,103,0,51,51,0,52,396,16013.4,1.047,False,171,False
2023-08-28,ACC-005,52,392,50,50,0,394,0,121332.3,7.92,False,171,False
2023-09-04,ACC-005,394,0,51,51,0,343,0,105626.85,6.881,False,171,False
2023-09-11,ACC-005,343,0,52,52,0,291,0,89613.45,5.826,False,171,False
2023-09-18,ACC-005,291,0,45,45,0,246,0,75755.7,4.915,False,171,False
2023-09-25,ACC-005,246,0,53,53,0,193,0,59434.35,3.849,False,171,False
2023-10-02,ACC-005,193,0,44,44,0,149,396,45884.55,2.965,False,171,True
2023-10-09,ACC-005,149,0,55,55,0,94,396,28947.3,1.867,False,171,False
2023-10-16,ACC-005,94,388,49,49,0,433,0,133342.35,8.583,False,171,False
2023-10-23,ACC-005,433,0,52,52,0,381,0,117328.95,7.538,False,171,False
2023-10-30,ACC-005,381,0,64,64,0,317,0,97620.15,6.259,False,171,False
2023-11-06,ACC-005,317,0,114,114,0,203,0,62513.85,4.0,False,171,False
2023-11-13,ACC-005,203,0,53,53,0,150,396,46192.5,2.95,False,171,True
2023-11-20,ACC-005,150,0,135,135,0,15,396,4619.25,0.294,False,171,False
2023-11-27,ACC-005,15,0,131,15,116,0,396,0.0,0.0,True,171,False
2023-12-04,ACC-005,0,386,64,64,0,322,0,99159.9,6.296,False,171,False
2023-12-11,ACC-005,322,0,79,79,0,243,0,74831.85,4.742,False,171,False
2023-12-18,ACC-005,243,0,98,98,0,145,408,44652.75,2.824,False,171,True
2023-12-25,ACC-005,145,0,101,101,0,44,408,13549.8,0.855,False,171,False
2024-01-01,ACC-005,44,0,51,44,7,0,408,0.0,0.0,True,171,False
2024-01-08,ACC-005,0,396,82,82,0,314,0,96696.3,6.08,False,171,False
2024-01-15,ACC-005,314,0,68,68,0,246,0,75755.7,4.754,False,171,False
2024-01-22,ACC-005,246,0,61,61,0,185,0,56970.75,3.569,False,171,False
2024-01-29,ACC-005,185,0,66,66,0,119,432,36646.05,2.291,False,171,True
2024-02-05,ACC-005,119,0,55,55,0,64,432,19708.8,1.23,False,171,False
2024-02-12,ACC-005,64,0,41,41,0,23,432,7082.85,0.441,False,171,False
2024-02-19,ACC-005,23,426,52,52,0,397,0,122256.15,7.599,False,171,False
2024-02-26,ACC-005,397,0,55,55,0,342,0,105318.9,6.534,False,171,False
2024-03-04,ACC-005,342,0,65,65,0,277,0,85302.15,5.282,False,171,False
2024-03-11,ACC-005,277,0,53,53,0,224,0,68980.8,4.263,False,171,False
2024-03-18,ACC-005,224,0,61,61,0,163,384,50195.85,3.097,False,171,True
2024-03-25,ACC-005,163,0,47,47,0,116,384,35722.2,2.2,False,171,False
2024-04-01,ACC-005,116,0,52,52,0,64,384,19708.8,1.211,False,171,False
2024-04-08,ACC-005,64,384,47,47,0,401,0,123487.95,7.575,False,171,False
2024-04-15,ACC-005,401,0,56,56,0,345,0,106242.75,6.505,False,171,False
2024-04-22,ACC-005,345,0,49,49,0,296,0,91153.2,5.57,False,171,False
2024-04-29,ACC-005,296,0,44,44,0,252,0,77603.4,4.734,False,171,False
2024-05-06,ACC-005,252,0,60,60,0,192,0,59126.4,3.6,False,171,False
2024-05-13,ACC-005,192,0,51,51,0,141,408,43420.95,2.639,False,171,True
2024-05-20,ACC-005,141,0,55,55,0,86,408,26483.7,1.606,False,171,False
2024-05-27,ACC-005,86,0,30,30,0,56,408,17245.2,1.044,False,171,False
2024-06-03,ACC-005,56,405,42,42,0,419,0,129031.05,7.797,False,171,False
2024-06-10,ACC-005,419,0,58,58,0,361,0,111169.95,6.706,False,171,False
2024-06-17,ACC-005,361,0,45,45,0,316,0,97312.2,5.859,False,171,False
2024-06-24,ACC-005,316,0,48,48,0,268,0,82530.6,4.96,False,171,False
2024-07-01,ACC-005,268,0,38,38,0,230,0,70828.5,4.249,False,171,False
2024-07-08,ACC-005,230,0,47,47,0,183,0,56354.85,3.374,False,171,False
2024-07-15,ACC-005,183,0,58,58,0,125,420,38493.75,2.301,False,171,True
2024-07-22,ACC-005,125,0,64,64,0,61,420,18784.95,1.121,False,171,False
2024-07-29,ACC-005,61,0,39,39,0,22,420,6774.9,0.403,False,171,False
2024-08-05,ACC-005,22,409,43,43,0,388,0,119484.6,7.102,False,171,False
2024-08-12,ACC-005,388,0,62,62,0,326,0,100391.7,5.956,False,171,False
2024-08-19,ACC-005,326,0,57,57,0,269,0,82838.55,4.906,False,171,False
2024-08-26,ACC-005,269,0,51,51,0,218,0,67133.1,3.969,False,171,False
2024-09-02,ACC-005,218,0,50,50,0,168,384,51735.6,3.053,False,171,True
2024-09-09,ACC-005,168,0,61,61,0,107,384,32950.65,1.941,False,171,False
2024-09-16,ACC-005,107,374,34,34,0,447,0,137653.65,8.093,False,171,False
2024-09-23,ACC-005,447,0,63,63,0,384,0,118252.8,6.94,False,171,False
2024-09-30,ACC-005,384,0,68,68,0,316,0,97312.2,5.701,False,171,False
2024-10-07,ACC-005,316,0,55,55,0,261,0,80374.95,4.7,False,171,False
2024-10-14,ACC-005,261,0,34,34,0,227,0,69904.65,4.081,False,171,False
2024-10-21,ACC-005,227,0,40,40,0,187,0,57586.65,3.356,False,171,False
2024-10-28,ACC-005,187,0,46,46,0,141,408,43420.95,2.526,False,171,True
2024-11-04,ACC-005,141,0,122,122,0,19,408,5851.05,0.34,False,171,False
2024-11-11,ACC-005,19,0,81,19,62,0,408,0.0,0.0,True,171,False
2024-11-18,ACC-005,0,403,162,162,0,241,0,74215.95,4.294,False,171,False
2024-11-25,ACC-005,241,0,162,162,0,79,468,24328.05,1.405,False,171,True
2024-12-02,ACC-005,79,0,75,75,0,4,468,1231.8,0.071,False,171,False
2024-12-09,ACC-005,4,0,111,4,107,0,468,0.0,0.0,True,171,False
2024-12-16,ACC-005,0,464,93,93,0,371,0,114249.45,6.563,False,171,False
2024-12-23,ACC-005,371,0,102,102,0,269,0,82838.55,4.75,False,171,False
2024-12-30,ACC-005,269,0,83,83,0,186,0,57278.7,3.279,False,171,False
2025-01-06,ACC-005,186,0,74,74,0,112,432,34490.4,1.971,False,171,True
2025-01-13,ACC-005,112,0,68,68,0,44,432,13549.8,0.773,False,171,False
2025-01-20,ACC-005,44,426,69,69,0,401,0,123487.95,7.032,False,171,False
2025-01-27,ACC-005,401,0,53,53,0,348,0,107166.6,6.092,False,171,False
2025-02-03,ACC-005,348,0,76,76,0,272,0,83762.4,4.753,False,171,False
2025-02-10,ACC-005,272,0,49,49,0,223,0,68672.85,3.89,False,171,False
2025-02-17,ACC-005,223,0,58,58,0,165,384,50811.75,2.873,False,171,True
2025-02-24,ACC-005,165,0,36,36,0,129,384,39725.55,2.243,False,171,False
2025-03-03,ACC-005,129,0,65,65,0,64,384,19708.8,1.111,False,171,False
2025-03-10,ACC-005,64,383,68,68,0,379,0,116713.05,6.566,False,171,False
2025-03-17,ACC-005,379,0,72,72,0,307,0,94540.65,5.309,False,171,False
2025-03-24,ACC-005,307,0,56,56,0,251,0,77295.45,4.333,False,171,False
2025-03-31,ACC-005,251,0,80,80,0,171,372,52659.45,2.947,False,171,True
2025-04-07,ACC-005,171,0,73,73,0,98,372,30179.1,1.686,False,171,False
2025-04-14,ACC-005,98,0,57,57,0,41,372,12625.95,0.704,False,171,False
2025-04-21,ACC-005,41,361,47,47,0,355,0,109322.25,6.087,False,171,False
2025-04-28,ACC-005,355,0,68,68,0,287,0,88381.65,4.913,False,171,False
2025-05-05,ACC-005,287,0,49,49,0,238,0,73292.1,4.067,False,171,False
2025-05-12,ACC-005,238,0,41,41,0,197,0,60666.15,3.361,False,171,False
2025-05-19,ACC-005,197,0,37,37,0,160,384,49272.0,2.725,False,171,True
2025-05-26,ACC-005,160,0,46,46,0,114,384,35106.3,1.938,False,171,False
2025-06-02,ACC-005,114,0,52,52,0,62,384,19092.9,1.052,False,171,False
2025-06-09,ACC-005,62,374,52,52,0,384,0,118252.8,6.506,False,171,False
2025-06-16,ACC-005,384,0,51,51,0,333,0,102547.35,5.633,False,171,False
2025-06-23,ACC-005,333,0,48,48,0,285,0,87765.75,4.813,False,171,False
2025-06-30,ACC-005,285,0,60,60,0,225,0,69288.75,3.793,False,171,False
2025-07-07,ACC-005,225,0,70,70,0,155,396,47732.25,2.609,False,171,True
2025-07-14,ACC-005,155,0,53,53,0,102,396,31410.9,1.714,False,171,False
2025-07-21,ACC-005,102,0,56,56,0,46,396,14165.7,0.772,False,171,False
2025-07-28,ACC-005,46,390,39,39,0,397,0,122256.15,6.648,False,171,False
2025-08-04,ACC-005,397,0,63,63,0,334,0,102855.3,5.584,False,171,False
2025-08-11,ACC-005,334,0,49,49,0,285,0,87765.75,4.757,False,171,False
2025-08-18,ACC-005,285,0,63,63,0,222,0,68364.9,3.699,False,171,False
2025-08-25,ACC-005,222,0,39,39,0,183,0,56354.85,3.044,False,171,False
2025-09-01,ACC-005,183,0,45,45,0,138,408,42497.1,2.292,False,171,True
2025-09-08,ACC-005,138,0,77,77,0,61,408,18784.95,1.011,False,171,False
2025-09-15,ACC-005,61,0,54,54,0,7,408,2155.65,0.116,False,171,False
2025-09-22,ACC-005,7,401,94,94,0,314,0,96696.3,5.189,False,171,False
2025-09-29,ACC-005,314,0,59,59,0,255,0,78527.25,4.207,False,171,False
2025-10-06,ACC-005,255,0,84,84,0,171,372,52659.45,2.817,False,171,True
2025-10-13,ACC-005,171,0,57,57,0,114,372,35106.3,1.875,False,171,False
2025-10-20,ACC-005,114,0,72,72,0,42,372,12933.9,0.69,False,171,False
2025-10-27,ACC-005,42,369,59,59,0,352,0,108398.4,5.769,False,171,False
2025-11-03,ACC-005,352,0,101,101,0,251,0,77295.45,4.107,False,171,False
2025-11-10,ACC-005,251,0,91,91,0,160,384,49272.0,2.614,False,171,True
2025-11-17,ACC-005,160,0,158,158,0,2,384,615.9,0.033,False,171,False
2025-11-24,ACC-005,2,0,172,2,170,0,384,0.0,0.0,True,171,False
2025-12-01,ACC-005,0,383,88,88,0,295,0,90845.25,4.796,False,171,False
2025-12-08,ACC-005,295,0,114,114,0,181,0,55738.95,2.938,False,171,False
2025-12-15,ACC-005,181,0,113,113,0,68,480,20940.6,1.102,False,171,True
2025-12-22,ACC-005,68,0,122,68,54,0,480,0.0,0.0,True,171,False
2025-12-29,ACC-005,0,472,89,89,0,383,0,117944.85,6.186,False,171,False
2023-01-02,ACC-006,689,0,108,108,0,581,0,101094.0,7.591,False,196,False
2023-01-09,ACC-006,581,0,125,125,0,456,0,79344.0,5.945,False,196,False
2023-01-16,ACC-006,456,0,102,102,0,354,0,61596.0,4.605,False,196,False
2023-01-23,ACC-006,354,0,95,95,0,259,0,45066.0,3.362,False,196,False
2023-01-30,ACC-006,259,0,111,111,0,148,752,25752.0,1.917,False,196,True
2023-02-06,ACC-006,148,0,80,80,0,68,752,11832.0,0.879,False,196,False
2023-02-13,ACC-006,68,730,87,87,0,711,0,123714.0,9.171,False,196,False
2023-02-20,ACC-006,711,0,90,90,0,621,0,108054.0,7.993,False,196,False
2023-02-27,ACC-006,621,0,91,91,0,530,0,92220.0,6.807,False,196,False
2023-03-06,ACC-006,530,0,79,79,0,451,0,78474.0,5.78,False,196,False
2023-03-13,ACC-006,451,0,89,89,0,362,0,62988.0,4.63,False,196,False
2023-03-20,ACC-006,362,0,97,97,0,265,0,46110.0,3.382,False,196,False
2023-03-27,ACC-006,265,0,82,82,0,183,752,31842.0,2.331,False,196,True
2023-04-03,ACC-006,183,0,76,76,0,107,752,18618.0,1.36,False,196,False
2023-04-10,ACC-006,107,751,76,76,0,782,0,136068.0,9.918,False,196,False
2023-04-17,ACC-006,782,0,76,76,0,706,0,122844.0,8.936,False,196,False
2023-04-24,ACC-006,706,0,67,67,0,639,0,111186.0,8.071,False,196,False
2023-05-01,ACC-006,639,0,87,87,0,552,0,96048.0,6.958,False,196,False
2023-05-08,ACC-006,552,0,59,59,0,493,0,85782.0,6.201,False,196,False
2023-05-15,ACC-006,493,0,71,71,0,422,0,73428.0,5.297,False,196,False
2023-05-22,ACC-006,422,0,79,79,0,343,0,59682.0,4.297,False,196,False
2023-05-29,ACC-006,343,0,78,78,0,265,0,46110.0,3.313,False,196,False
2023-06-05,ACC-006,265,0,58,58,0,207,0,36018.0,2.582,False,196,False
2023-06-12,ACC-006,207,0,104,104,0,103,752,17922.0,1.282,False,196,True
2023-06-19,ACC-006,103,0,81,81,0,22,752,3828.0,0.273,False,196,False
2023-06-26,ACC-006,22,735,80,80,0,677,0,117798.0,8.394,False,196,False
2023-07-03,ACC-006,677,0,102,102,0,575,0,100050.0,7.115,False,196,False
2023-07-10,ACC-006,575,0,54,54,0,521,0,90654.0,6.433,False,196,False
2023-07-17,ACC-006,521,0,74,74,0,447,0,77778.0,5.508,False,196,False
2023-07-24,ACC-006,447,0,100,100,0,347,0,60378.0,4.267,False,196,False
2023-07-31,ACC-006,347,0,85,85,0,262,0,45588.0,3.216,False,196,False
2023-08-07,ACC-006,262,0,78,78,0,184,752,32016.0,2.254,False,196,True
2023-08-14,ACC-006,184,748,65,65,0,867,0,150858.0,10.598,False,196,False
2023-08-21,ACC-006,867,0,61,61,0,806,0,140244.0,9.833,False,196,False
2023-08-28,ACC-006,806,0,58,58,0,748,0,130152.0,9.107,False,196,False
2023-09-04,ACC-006,748,0,113,113,0,635,0,110490.0,7.716,False,196,False
2023-09-11,ACC-006,635,0,105,105,0,530,0,92220.0,6.427,False,196,False
2023-09-18,ACC-006,530,0,68,68,0,462,0,80388.0,5.591,False,196,False
2023-09-25,ACC-006,462,0,90,90,0,372,0,64728.0,4.493,False,196,False
2023-10-02,ACC-006,372,0,58,58,0,314,0,54636.0,3.785,False,196,False
2023-10-09,ACC-006,314,0,85,85,0,229,0,39846.0,2.755,False,196,False
2023-10-16,ACC-006,229,0,109,109,0,120,752,20880.0,1.441,False,196,True
2023-10-23,ACC-006,120,0,94,94,0,26,752,4524.0,0.312,False,196,False
2023-10-30,ACC-006,26,747,78,78,0,695,0,120930.0,8.312,False,196,False
2023-11-06,ACC-006,695,0,154,154,0,541,0,94134.0,6.457,False,196,False
2023-11-13,ACC-006,541,0,111,111,0,430,0,74820.0,5.122,False,196,False
2023-11-20,ACC-006,430,0,187,187,0,243,0,42282.0,2.889,False,196,False
2023-11-27,ACC-006,243,0,228,228,0,15,800,2610.0,0.178,False,196,True
2023-12-04,ACC-006,15,0,109,15,94,0,800,0.0,0.0,True,196,False
2023-12-11,ACC-006,0,787,151,151,0,636,0,110664.0,7.517,False,196,False
2023-12-18,ACC-006,636,0,123,123,0,513,0,89262.0,6.052,False,196,False
2023-12-25,ACC-006,513,0,165,165,0,348,0,60552.0,4.097,False,196,False
2024-01-01,ACC-006,348,0,96,96,0,252,0,43848.0,2.961,False,196,False
2024-01-08,ACC-006,252,0,95,95,0,157,752,27318.0,1.841,False,196,True
2024-01-15,ACC-006,157,0,89,89,0,68,752,11832.0,0.796,False,196,False
2024-01-22,ACC-006,68,749,84,84,0,733,0,127542.0,8.564,False,196,False
2024-01-29,ACC-006,733,0,108,108,0,625,0,108750.0,7.288,False,196,False
2024-02-05,ACC-006,625,0,95,95,0,530,0,92220.0,6.169,False,196,False
2024-02-12,ACC-006,530,0,75,75,0,455,0,79170.0,5.286,False,196,False
2024-02-19,ACC-006,455,0,80,80,0,375,0,65250.0,4.348,False,196,False
2024-02-26,ACC-006,375,0,81,81,0,294,0,51156.0,3.402,False,196,False
2024-03-04,ACC-006,294,0,85,85,0,209,0,36366.0,2.414,False,196,False
2024-03-11,ACC-006,209,0,98,98,0,111,752,19314.0,1.28,False,196,True
2024-03-18,ACC-006,111,747,110,110,0,748,0,130152.0,8.607,False,196,False
2024-03-25,ACC-006,748,0,106,106,0,642,0,111708.0,7.373,False,196,False
2024-04-01,ACC-006,642,0,107,107,0,535,0,93090.0,6.133,False,196,False
2024-04-08,ACC-006,535,0,90,90,0,445,0,77430.0,5.091,False,196,False
2024-04-15,ACC-006,445,0,97,97,0,348,0,60552.0,3.974,False,196,False
2024-04-22,ACC-006,348,0,95,95,0,253,0,44022.0,2.884,False,196,False
2024-04-29,ACC-006,253,0,93,93,0,160,752,27840.0,1.82,False,196,True
2024-05-06,ACC-006,160,0,71,71,0,89,752,15486.0,1.011,False,196,False
2024-05-13,ACC-006,89,749,76,76,0,762,0,132588.0,8.637,False,196,False
2024-05-20,ACC-006,762,0,87,87,0,675,0,117450.0,7.637,False,196,False
2024-05-27,ACC-006,675,0,105,105,0,570,0,99180.0,6.437,False,196,False
2024-06-03,ACC-006,570,0,74,74,0,496,0,86304.0,5.591,False,196,False
2024-06-10,ACC-006,496,0,89,89,0,407,0,70818.0,4.579,False,196,False
2024-06-17,ACC-006,407,0,62,62,0,345,0,60030.0,3.874,False,196,False
2024-06-24,ACC-006,345,0,93,93,0,252,0,43848.0,2.825,False,196,False
2024-07-01,ACC-006,252,0,82,82,0,170,752,29580.0,1.902,False,196,True
2024-07-08,ACC-006,170,0,103,103,0,67,752,11658.0,0.748,False,196,False
2024-07-15,ACC-006,67,741,81,81,0,727,0,126498.0,8.104,False,196,False
2024-07-22,ACC-006,727,0,84,84,0,643,0,111882.0,7.155,False,196,False
2024-07-29,ACC-006,643,0,89,89,0,554,0,96396.0,6.153,False,196,False
2024-08-05,ACC-006,554,0,74,74,0,480,0,83520.0,5.322,False,196,False
2024-08-12,ACC-006,480,0,83,83,0,397,0,69078.0,4.393,False,196,False
2024-08-19,ACC-006,397,0,78,78,0,319,0,55506.0,3.524,False,196,False
2024-08-26,ACC-006,319,0,86,86,0,233,0,40542.0,2.569,False,196,False
2024-09-02,ACC-006,233,0,101,101,0,132,752,22968.0,1.453,False,196,True
2024-09-09,ACC-006,132,0,79,79,0,53,752,9222.0,0.582,False,196,False
2024-09-16,ACC-006,53,742,107,107,0,688,0,119712.0,7.545,False,196,False
2024-09-23,ACC-006,688,0,90,90,0,598,0,104052.0,6.546,False,196,False
2024-09-30,ACC-006,598,0,87,87,0,511,0,88914.0,5.584,False,196,False
2024-10-07,ACC-006,511,0,85,85,0,426,0,74124.0,4.647,False,196,False
2024-10-14,ACC-006,426,0,80,80,0,346,0,60204.0,3.767,False,196,False
2024-10-21,ACC-006,346,0,76,76,0,270,0,46980.0,2.935,False,196,False
2024-10-28,ACC-006,270,0,90,90,0,180,752,31320.0,1.953,False,196,True
2024-11-04,ACC-006,180,0,187,180,7,0,752,0.0,0.0,True,196,False
2024-11-11,ACC-006,0,731,130,130,0,601,0,104574.0,6.497,False,196,False
2024-11-18,ACC-006,601,0,249,249,0,352,0,61248.0,3.799,False,196,False
2024-11-25,ACC-006,352,0,237,237,0,115,752,20010.0,1.239,False,196,True
2024-12-02,ACC-006,115,0,200,115,85,0,752,0.0,0.0,True,196,False
2024-12-09,ACC-006,0,737,185,185,0,552,0,96048.0,5.925,False,196,False
2024-12-16,ACC-006,552,0,143,143,0,409,0,71166.0,4.383,False,196,False
2024-12-23,ACC-006,409,0,181,181,0,228,0,39672.0,2.439,False,196,False
2024-12-30,ACC-006,228,0,165,165,0,63,752,10962.0,0.673,False,196,True
2025-01-06,ACC-006,63,0,135,63,72,0,752,0.0,0.0,True,196,False
2025-01-13,ACC-006,0,751,163,163,0,588,0,102312.0,6.256,False,196,False
2025-01-20,ACC-006,588,0,135,135,0,453,0,78822.0,4.812,False,196,False
2025-01-27,ACC-006,453,0,107,107,0,346,0,60204.0,3.669,False,196,False
2025-02-03,ACC-006,346,0,91,91,0,255,0,44370.0,2.699,False,196,False
2025-02-10,ACC-006,255,0,96,96,0,159,752,27666.0,1.68,False,196,True
2025-02-17,ACC-006,159,0,99,99,0,60,752,10440.0,0.633,False,196,False
2025-02-24,ACC-006,60,741,96,96,0,705,0,122670.0,7.423,False,196,False
2025-03-03,ACC-006,705,0,158,158,0,547,0,95178.0,5.75,False,196,False
2025-03-10,ACC-006,547,0,115,115,0,432,0,75168.0,4.533,False,196,False
2025-03-17,ACC-006,432,0,101,101,0,331,0,57594.0,3.467,False,196,False
2025-03-24,ACC-006,331,0,82,82,0,249,0,43326.0,2.604,False,196,False
2025-03-31,ACC-006,249,0,127,127,0,122,752,21228.0,1.274,False,196,True
2025-04-07,ACC-006,122,0,99,99,0,23,752,4002.0,0.24,False,196,False
2025-04-14,ACC-006,23,735,96,96,0,662,0,115188.0,6.887,False,196,False
2025-04-21,ACC-006,662,0,92,92,0,570,0,99180.0,5.92,False,196,False
2025-04-28,ACC-006,570,0,81,81,0,489,0,85086.0,5.07,False,196,False
2025-05-05,ACC-006,489,0,130,130,0,359,0,62466.0,3.716,False,196,False
2025-05-12,ACC-006,359,0,97,97,0,262,0,45588.0,2.707,False,196,False
2025-05-19,ACC-006,262,0,81,81,0,181,752,31494.0,1.867,False,196,True
2025-05-26,ACC-006,181,0,80,80,0,101,752,17574.0,1.04,False,196,False
2025-06-02,ACC-006,101,741,69,69,0,773,0,134502.0,7.947,False,196,False
2025-06-09,ACC-006,773,0,86,86,0,687,0,119538.0,7.051,False,196,False
2025-06-16,ACC-006,687,0,87,87,0,600,0,104400.0,6.147,False,196,False
2025-06-23,ACC-006,600,0,76,76,0,524,0,91176.0,5.36,False,196,False
2025-06-30,ACC-006,524,0,94,94,0,430,0,74820.0,4.391,False,196,False
2025-07-07,ACC-006,430,0,84,84,0,346,0,60204.0,3.527,False,196,False
2025-07-14,ACC-006,346,0,69,69,0,277,0,48198.0,2.819,False,196,False
2025-07-21,ACC-006,277,0,103,103,0,174,752,30276.0,1.768,False,196,True
2025-07-28,ACC-006,174,0,68,68,0,106,752,18444.0,1.075,False,196,False
2025-08-04,ACC-006,106,741,66,66,0,781,0,135894.0,7.908,False,196,False
2025-08-11,ACC-006,781,0,91,91,0,690,0,120060.0,6.975,False,196,False
2025-08-18,ACC-006,690,0,81,81,0,609,0,105966.0,6.146,False,196,False
2025-08-25,ACC-006,609,0,80,80,0,529,0,92046.0,5.33,False,196,False
2025-09-01,ACC-006,529,0,97,97,0,432,0,75168.0,4.345,False,196,False
2025-09-08,ACC-006,432,0,132,132,0,300,0,52200.0,3.013,False,196,False
2025-09-15,ACC-006,300,0,93,93,0,207,0,36018.0,2.075,False,196,False
2025-09-22,ACC-006,207,0,112,112,0,95,752,16530.0,0.951,False,196,True
2025-09-29,ACC-006,95,0,118,95,23,0,752,0.0,0.0,True,196,False
2025-10-06,ACC-006,0,733,114,114,0,619,0,107706.0,6.175,False,196,False
2025-10-13,ACC-006,619,0,114,114,0,505,0,87870.0,5.03,False,196,False
2025-10-20,ACC-006,505,0,134,134,0,371,0,64554.0,3.689,False,196,False
2025-10-27,ACC-006,371,0,102,102,0,269,0,46806.0,2.67,False,196,False
2025-11-03,ACC-006,269,0,238,238,0,31,784,5394.0,0.307,False,196,True
2025-11-10,ACC-006,31,0,128,31,97,0,784,0.0,0.0,True,196,False
2025-11-17,ACC-006,0,768,283,283,0,485,0,84390.0,4.791,False,196,False
2025-11-24,ACC-006,485,0,193,193,0,292,0,50808.0,2.88,False,196,False
2025-12-01,ACC-006,292,0,173,173,0,119,752,20706.0,1.172,False,196,True
2025-12-08,ACC-006,119,730,214,214,0,635,0,110490.0,6.243,False,196,False
2025-12-15,ACC-006,635,0,227,227,0,408,0,70992.0,4.005,False,196,False
2025-12-22,ACC-006,408,0,225,225,0,183,752,31842.0,1.793,False,196,True
2025-12-29,ACC-006,183,749,160,160,0,772,0,134328.0,7.553,False,196,False
2023-01-02,ACC-007,671,0,75,75,0,596,0,248496.24,10.539,False,79,False
2023-01-09,ACC-007,596,0,87,87,0,509,0,212222.46,8.982,False,79,False
2023-01-16,ACC-007,509,0,86,86,0,423,0,176365.62,7.448,False,79,False
2023-01-23,ACC-007,423,0,60,60,0,363,0,151349.22,6.378,False,79,False
2023-01-30,ACC-007,363,0,55,55,0,308,0,128417.52,5.4,False,79,False
2023-02-06,ACC-007,308,0,55,55,0,253,0,105485.82,4.426,False,79,False
2023-02-13,ACC-007,253,0,47,47,0,206,0,85889.64,3.596,False,79,False
2023-02-20,ACC-007,206,0,55,55,0,151,0,62957.94,2.631,False,79,False
2023-02-27,ACC-007,151,0,85,85,0,66,468,27518.04,1.147,False,79,True
2023-03-06,ACC-007,66,458,69,69,0,455,0,189707.7,7.893,False,79,False
2023-03-13,ACC-007,455,0,76,76,0,379,0,158020.26,6.561,False,79,False
2023-03-20,ACC-007,379,0,69,69,0,310,0,129251.4,5.355,False,79,False
2023-03-27,ACC-007,310,0,65,65,0,245,0,102150.3,4.223,False,79,False
2023-04-03,ACC-007,245,0,68,68,0,177,0,73798.38,3.045,False,79,False
2023-04-10,ACC-007,177,0,48,48,0,129,0,53785.26,2.215,False,79,False
2023-04-17,ACC-007,129,0,64,64,0,65,468,27101.1,1.114,False,79,True
2023-04-24,ACC-007,65,0,81,65,16,0,468,0.0,0.0,True,79,False
2023-05-01,ACC-007,0,467,55,55,0,412,0,171779.28,7.029,False,79,False
2023-05-08,ACC-007,412,0,53,53,0,359,0,149681.46,6.112,False,79,False
2023-05-15,ACC-007,359,0,59,59,0,300,0,125082.0,5.097,False,79,False
2023-05-22,ACC-007,300,0,48,48,0,252,0,105068.88,4.273,False,79,False
2023-05-29,ACC-007,252,0,34,34,0,218,0,90892.92,3.688,False,79,False
2023-06-05,ACC-007,218,0,38,38,0,180,0,75049.2,3.039,False,79,False
2023-06-12,ACC-007,180,0,49,49,0,131,0,54619.14,2.207,False,79,False
2023-06-19,ACC-007,131,0,50,50,0,81,0,33772.14,1.362,False,79,False
2023-06-26,ACC-007,81,0,54,54,0,27,510,11257.38,0.453,False,79,True
2023-07-03,ACC-007,27,508,108,108,0,427,0,178033.38,7.151,False,79,False
2023-07-10,ACC-007,427,0,51,51,0,376,0,156769.44,6.284,False,79,False
2023-07-17,ACC-007,376,0,46,46,0,330,0,137590.2,5.504,False,79,False
2023-07-24,ACC-007,330,0,47,47,0,283,0,117994.02,4.711,False,79,False
2023-07-31,ACC-007,283,0,56,56,0,227,0,94645.38,3.771,False,79,False
2023-08-07,ACC-007,227,0,60,60,0,167,0,69628.98,2.769,False,79,False
2023-08-14,ACC-007,167,0,61,61,0,106,0,44195.64,1.754,False,79,False
2023-08-21,ACC-007,106,0,66,66,0,40,492,16677.6,0.66,False,79,True
2023-08-28,ACC-007,40,478,51,51,0,467,0,194710.98,7.696,False,79,False
2023-09-04,ACC-007,467,0,53,53,0,414,0,172613.16,6.809,False,79,False
2023-09-11,ACC-007,414,0,68,68,0,346,0,144261.24,5.679,False,79,False
2023-09-18,ACC-007,346,0,58,58,0,288,0,120078.72,4.718,False,79,False
2023-09-25,ACC-007,288,0,86,86,0,202,0,84221.88,3.302,False,79,False
2023-10-02,ACC-007,202,0,44,44,0,158,0,65876.52,2.578,False,79,False
2023-10-09,ACC-007,158,0,63,63,0,95,0,39609.3,1.547,False,79,False
2023-10-16,ACC-007,95,0,84,84,0,11,522,4586.34,0.179,False,79,True
2023-10-23,ACC-007,11,508,52,52,0,467,0,194710.98,7.574,False,79,False
2023-10-30,ACC-007,467,0,54,54,0,413,0,172196.22,6.685,False,79,False
2023-11-06,ACC-007,413,0,136,136,0,277,0,115492.38,4.475,False,79,False
2023-11-13,ACC-007,277,0,61,61,0,216,0,90059.04,3.483,False,79,False
2023-11-20,ACC-007,216,0,159,159,0,57,480,23765.58,0.917,False,79,True
2023-11-27,ACC-007,57,475,150,150,0,382,0,159271.08,6.135,False,79,False
2023-12-04,ACC-007,382,0,83,83,0,299,0,124665.06,4.793,False,79,False
2023-12-11,ACC-007,299,0,121,121,0,178,0,74215.32,2.848,False,79,False
2023-12-18,ACC-007,178,0,96,96,0,82,0,34189.08,1.309,False,79,False
2023-12-25,ACC-007,82,0,123,82,41,0,534,0.0,0.0,True,79,True
2024-01-01,ACC-007,0,526,85,85,0,441,0,183870.54,7.014,False,79,False
2024-01-08,ACC-007,441,0,70,70,0,371,0,154684.74,5.889,False,79,False
2024-01-15,ACC-007,371,0,68,68,0,303,0,126332.82,4.801,False,79,False
2024-01-22,ACC-007,303,0,96,96,0,207,0,86306.58,3.273,False,79,False
2024-01-29,ACC-007,207,0,63,63,0,144,0,60039.36,2.273,False,79,False
2024-02-05,ACC-007,144,0,53,53,0,91,0,37941.54,1.434,False,79,False
2024-02-12,ACC-007,91,0,56,56,0,35,498,14592.9,0.55,False,79,True
2024-02-19,ACC-007,35,488,66,66,0,457,0,190541.58,7.172,False,79,False
2024-02-26,ACC-007,457,0,61,61,0,396,0,165108.24,6.203,False,79,False
2024-03-04,ACC-007,396,0,82,82,0,314,0,130919.16,4.909,False,79,False
2024-03-11,ACC-007,314,0,84,84,0,230,0,95896.2,3.589,False,79,False
2024-03-18,ACC-007,230,0,82,82,0,148,0,61707.12,2.305,False,79,False
2024-03-25,ACC-007,148,0,56,56,0,92,0,38358.48,1.43,False,79,False
2024-04-01,ACC-007,92,0,60,60,0,32,504,13342.08,0.496,False,79,True
2024-04-08,ACC-007,32,490,71,71,0,451,0,188039.94,6.984,False,79,False
2024-04-15,ACC-007,451,0,76,76,0,375,0,156352.5,5.796,False,79,False
2024-04-22,ACC-007,375,0,64,64,0,311,0,129668.34,4.798,False,79,False
2024-04-29,ACC-007,311,0,61,61,0,250,0,104235.0,3.85,False,79,False
2024-05-06,ACC-007,250,0,68,68,0,182,0,75883.08,2.797,False,79,False
2024-05-13,ACC-007,182,0,56,56,0,126,0,52534.44,1.933,False,79,False
2024-05-20,ACC-007,126,0,49,49,0,77,456,32104.38,1.179,False,79,True
2024-05-27,ACC-007,77,447,65,65,0,459,0,191375.46,7.016,False,79,False
2024-06-03,ACC-007,459,0,65,65,0,394,0,164274.36,6.011,False,79,False
2024-06-10,ACC-007,394,0,68,68,0,326,0,135922.44,4.964,False,79,False
2024-06-17,ACC-007,326,0,49,49,0,277,0,115492.38,4.21,False,79,False
2024-06-24,ACC-007,277,0,61,61,0,216,0,90059.04,3.277,False,79,False
2024-07-01,ACC-007,216,0,60,60,0,156,0,65042.64,2.362,False,79,False
2024-07-08,ACC-007,156,0,58,58,0,98,0,40860.12,1.481,False,79,False
2024-07-15,ACC-007,98,0,64,64,0,34,498,14175.96,0.513,False,79,True
2024-07-22,ACC-007,34,495,64,64,0,465,0,193877.1,7.003,False,79,False
2024-07-29,ACC-007,465,0,48,48,0,417,0,173863.98,6.269,False,79,False
2024-08-05,ACC-007,417,0,56,56,0,361,0,150515.34,5.417,False,79,False
2024-08-12,ACC-007,361,0,55,55,0,306,0,127583.64,4.583,False,79,False
2024-08-19,ACC-007,306,0,49,49,0,257,0,107153.58,3.842,False,79,False
2024-08-26,ACC-007,257,0,53,53,0,204,0,85055.76,3.044,False,79,False
2024-09-02,ACC-007,204,0,72,72,0,132,0,55036.08,1.966,False,79,False
2024-09-09,ACC-007,132,0,67,67,0,65,468,27101.1,0.967,False,79,True
2024-09-16,ACC-007,65,460,60,60,0,465,0,193877.1,6.902,False,79,False
2024-09-23,ACC-007,465,0,87,87,0,378,0,157603.32,5.601,False,79,False
2024-09-30,ACC-007,378,0,60,60,0,318,0,132586.92,4.703,False,79,False
2024-10-07,ACC-007,318,0,50,50,0,268,0,111739.92,3.957,False,79,False
2024-10-14,ACC-007,268,0,74,74,0,194,0,80886.36,2.859,False,79,False
2024-10-21,ACC-007,194,0,66,66,0,128,0,53368.32,1.883,False,79,False
2024-10-28,ACC-007,128,0,77,77,0,51,486,21263.94,0.749,False,79,True
2024-11-04,ACC-007,51,474,106,106,0,419,0,174697.86,6.142,False,79,False
2024-11-11,ACC-007,419,0,86,86,0,333,0,138841.02,4.872,False,79,False
2024-11-18,ACC-007,333,0,191,191,0,142,0,59205.48,2.074,False,79,False
2024-11-25,ACC-007,142,0,173,142,31,0,534,0.0,0.0,True,79,True
2024-12-02,ACC-007,0,528,104,104,0,424,0,176782.56,6.171,False,79,False
2024-12-09,ACC-007,424,0,127,127,0,297,0,123831.18,4.315,False,79,False
2024-12-16,ACC-007,297,0,122,122,0,175,0,72964.5,2.538,False,79,False
2024-12-23,ACC-007,175,0,126,126,0,49,486,20430.06,0.709,False,79,True
2024-12-30,ACC-007,49,486,126,126,0,409,0,170528.46,5.911,False,79,False
2025-01-06,ACC-007,409,0,83,83,0,326,0,135922.44,4.703,False,79,False
2025-01-13,ACC-007,326,0,84,84,0,242,0,100899.48,3.485,False,79,False
2025-01-20,ACC-007,242,0,102,102,0,140,0,58371.6,2.013,False,79,False
2025-01-27,ACC-007,140,0,53,53,0,87,0,36273.78,1.249,False,79,False
2025-02-03,ACC-007,87,0,57,57,0,30,504,12508.2,0.43,False,79,True
2025-02-10,ACC-007,30,497,46,46,0,481,0,200548.14,6.879,False,79,False
2025-02-17,ACC-007,481,0,80,80,0,401,0,167192.94,5.725,False,79,False
2025-02-24,ACC-007,401,0,84,84,0,317,0,132169.98,4.518,False,79,False
2025-03-03,ACC-007,317,0,78,78,0,239,0,99648.66,3.4,False,79,False
2025-03-10,ACC-007,239,0,72,72,0,167,0,69628.98,2.372,False,79,False
2025-03-17,ACC-007,167,0,97,97,0,70,462,29185.8,0.992,False,79,True
2025-03-24,ACC-007,70,455,72,72,0,453,0,188873.82,6.412,False,79,False
2025-03-31,ACC-007,453,0,87,87,0,366,0,152600.04,5.171,False,79,False
2025-04-07,ACC-007,366,0,53,53,0,313,0,130502.22,4.415,False,79,False
2025-04-14,ACC-007,313,0,63,63,0,250,0,104235.0,3.52,False,79,False
2025-04-21,ACC-007,250,0,63,63,0,187,0,77967.78,2.629,False,79,False
2025-04-28,ACC-007,187,0,55,55,0,132,0,55036.08,1.852,False,79,False
2025-05-05,ACC-007,132,0,66,66,0,66,468,27518.04,0.925,False,79,True
2025-05-12,ACC-007,66,466,64,64,0,468,0,195127.92,6.545,False,79,False
2025-05-19,ACC-007,468,0,66,66,0,402,0,167609.88,5.612,False,79,False
2025-05-26,ACC-007,402,0,76,76,0,326,0,135922.44,4.544,False,79,False
2025-06-02,ACC-007,326,0,75,75,0,251,0,104651.94,3.492,False,79,False
2025-06-09,ACC-007,251,0,78,78,0,173,0,72130.62,2.403,False,79,False
2025-06-16,ACC-007,173,0,51,51,0,122,0,50866.68,1.692,False,79,False
2025-06-23,ACC-007,122,0,55,55,0,67,468,27934.98,0.928,False,79,True
2025-06-30,ACC-007,67,455,57,57,0,465,0,193877.1,6.427,False,79,False
2025-07-07,ACC-007,465,0,66,66,0,399,0,166359.06,5.505,False,79,False
2025-07-14,ACC-007,399,0,51,51,0,348,0,145095.12,4.793,False,79,False
2025-07-21,ACC-007,348,0,85,85,0,263,0,109655.22,3.617,False,79,False
2025-07-28,ACC-007,263,0,47,47,0,216,0,90059.04,2.965,False,79,False
2025-08-04,ACC-007,216,0,61,61,0,155,0,64625.7,2.124,False,79,False
2025-08-11,ACC-007,155,0,90,90,0,65,468,27101.1,0.889,False,79,True
2025-08-18,ACC-007,65,462,55,55,0,472,0,196795.68,6.447,False,79,False
2025-08-25,ACC-007,472,0,54,54,0,418,0,174280.92,5.7,False,79,False
2025-09-01,ACC-007,418,0,67,67,0,351,0,146345.94,4.779,False,79,False
2025-09-08,ACC-007,351,0,66,66,0,285,0,118827.9,3.874,False,79,False
2025-09-15,ACC-007,285,0,101,101,0,184,0,76716.96,2.497,False,79,False
2025-09-22,ACC-007,184,0,82,82,0,102,0,42527.88,1.382,False,79,False
2025-09-29,ACC-007,102,0,60,60,0,42,492,17511.48,0.568,False,79,True
2025-10-06,ACC-007,42,478,58,58,0,462,0,192626.28,6.238,False,79,False
2025-10-13,ACC-007,462,0,79,79,0,383,0,159688.02,5.163,False,79,False
2025-10-20,ACC-007,383,0,87,87,0,296,0,123414.24,3.984,False,79,False
2025-10-27,ACC-007,296,0,92,92,0,204,0,85055.76,2.741,False,79,False
2025-11-03,ACC-007,204,0,113,113,0,91,0,37941.54,1.221,False,79,False
2025-11-10,ACC-007,91,0,120,91,29,0,534,0.0,0.0,True,79,True
2025-11-17,ACC-007,0,519,169,169,0,350,0,145929.0,4.68,False,79,False
2025-11-24,ACC-007,350,0,211,211,0,139,0,57954.66,1.856,False,79,False
2025-12-01,ACC-007,139,0,90,90,0,49,486,20430.06,0.653,False,79,True
2025-12-08,ACC-007,49,475,130,130,0,394,0,164274.36,5.243,False,79,False
2025-12-15,ACC-007,394,0,154,154,0,240,0,100065.6,3.188,False,79,False
2025-12-22,ACC-007,240,0,123,123,0,117,0,48781.98,1.552,False,79,False
2025-12-29,ACC-007,117,0,113,113,0,4,528,1667.76,0.053,False,79,True
2023-01-02,ACC-008,559,0,84,84,0,475,0,134220.75,7.26,False,386,False
2023-01-09,ACC-008,475,0,92,92,0,383,528,108224.31,5.841,False,386,True
2023-01-16,ACC-008,383,0,65,65,0,318,528,89857.26,4.839,False,386,False
2023-01-23,ACC-008,318,0,76,76,0,242,528,68381.94,3.675,False,386,False
2023-01-30,ACC-008,242,0,74,74,0,168,528,47471.76,2.546,False,386,False
2023-02-06,ACC-008,168,0,84,84,0,84,528,23735.88,1.27,False,386,False
2023-02-13,ACC-008,84,525,89,89,0,520,0,146936.4,7.846,False,386,False
2023-02-20,ACC-008,520,0,93,93,0,427,0,120657.39,6.429,False,386,False
2023-02-27,ACC-008,427,0,71,71,0,356,556,100594.92,5.349,False,386,True
2023-03-06,ACC-008,356,0,83,83,0,273,556,77141.61,4.093,False,386,False
2023-03-13,ACC-008,273,0,73,73,0,200,556,56514.0,2.992,False,386,False
2023-03-20,ACC-008,200,0,98,98,0,102,556,28822.14,1.523,False,386,False
2023-03-27,ACC-008,102,0,68,68,0,34,556,9607.38,0.507,False,386,False
2023-04-03,ACC-008,34,554,67,67,0,521,0,147218.97,7.746,False,386,False
2023-04-10,ACC-008,521,0,59,59,0,462,0,130547.34,6.855,False,386,False
2023-04-17,ACC-008,462,0,73,73,0,389,0,109919.73,5.76,False,386,False
2023-04-24,ACC-008,389,0,67,67,0,322,588,90987.54,4.758,False,386,True
2023-05-01,ACC-008,322,0,66,66,0,256,588,72337.92,3.775,False,386,False
2023-05-08,ACC-008,256,0,48,48,0,208,588,58774.56,3.061,False,386,False
2023-05-15,ACC-008,208,0,79,79,0,129,588,36451.53,1.894,False,386,False
2023-05-22,ACC-008,129,0,60,60,0,69,588,19497.33,1.011,False,386,False
2023-05-29,ACC-008,69,575,67,67,0,577,0,163042.89,8.438,False,386,False
2023-06-05,ACC-008,577,0,54,54,0,523,0,147784.11,7.632,False,386,False
2023-06-12,ACC-008,523,0,78,78,0,445,0,125743.65,6.481,False,386,False
2023-06-19,ACC-008,445,0,68,68,0,377,532,106528.89,5.479,False,386,True
2023-06-26,ACC-008,377,0,49,49,0,328,532,92682.96,4.757,False,386,False
2023-07-03,ACC-008,328,0,61,61,0,267,532,75446.19,3.865,False,386,False
2023-07-10,ACC-008,267,0,45,45,0,222,532,62730.54,3.207,False,386,False
2023-07-17,ACC-008,222,0,57,57,0,165,532,46624.05,2.379,False,386,False
2023-07-24,ACC-008,165,532,86,86,0,611,0,172650.27,8.79,False,386,False
2023-07-31,ACC-008,611,0,88,88,0,523,0,147784.11,7.509,False,386,False
2023-08-07,ACC-008,523,0,76,76,0,447,0,126308.79,6.405,False,386,False
2023-08-14,ACC-008,447,0,107,107,0,340,572,96073.8,4.862,False,386,True
2023-08-21,ACC-008,340,0,85,85,0,255,572,72055.35,3.639,False,386,False
2023-08-28,ACC-008,255,0,77,77,0,178,572,50297.46,2.535,False,386,False
2023-09-04,ACC-008,178,0,61,61,0,117,572,33060.69,1.663,False,386,False
2023-09-11,ACC-008,117,565,79,79,0,603,0,170389.71,8.554,False,386,False
2023-09-18,ACC-008,603,0,70,70,0,533,0,150609.81,7.546,False,386,False
2023-09-25,ACC-008,533,0,92,92,0,441,0,124613.37,6.231,False,386,False
2023-10-02,ACC-008,441,0,82,82,0,359,552,101442.63,5.062,False,386,True
2023-10-09,ACC-008,359,0,73,73,0,286,552,80815.02,4.025,False,386,False
2023-10-16,ACC-008,286,0,65,65,0,221,552,62447.97,3.104,False,386,False
2023-10-23,ACC-008,221,0,86,86,0,135,552,38146.95,1.892,False,386,False
2023-10-30,ACC-008,135,0,78,78,0,57,552,16106.49,0.797,False,386,False
2023-11-06,ACC-008,57,550,138,138,0,469,0,132525.33,6.548,False,386,False
2023-11-13,ACC-008,469,0,135,135,0,334,576,94378.38,4.654,False,386,True
2023-11-20,ACC-008,334,0,227,227,0,107,576,30234.99,1.488,False,386,False
2023-11-27,ACC-008,107,0,243,107,136,0,576,0.0,0.0,True,386,False
2023-12-04,ACC-008,0,0,81,0,81,0,576,0.0,0.0,True,386,False
2023-12-11,ACC-008,0,0,99,0,99,0,576,0.0,0.0,True,386,False
2023-12-18,ACC-008,0,565,126,126,0,439,0,124048.23,6.058,False,386,False
2023-12-25,ACC-008,439,0,178,178,0,261,648,73750.77,3.595,False,386,True
2024-01-01,ACC-008,261,0,53,53,0,208,648,58774.56,2.859,False,386,False
2024-01-08,ACC-008,208,0,71,71,0,137,648,38712.09,1.88,False,386,False
2024-01-15,ACC-008,137,0,79,79,0,58,648,16389.06,0.794,False,386,False
2024-01-22,ACC-008,58,0,65,58,7,0,648,0.0,0.0,True,386,False
2024-01-29,ACC-008,0,639,80,80,0,559,0,157956.63,7.625,False,386,False
2024-02-05,ACC-008,559,0,84,84,0,475,0,134220.75,6.467,False,386,False
2024-02-12,ACC-008,475,0,80,80,0,395,0,111615.15,5.368,False,386,False
2024-02-19,ACC-008,395,0,72,72,0,323,588,91270.11,4.381,False,386,True
2024-02-26,ACC-008,323,0,86,86,0,237,588,66969.09,3.208,False,386,False
2024-03-04,ACC-008,237,0,84,84,0,153,588,43233.21,2.067,False,386,False
2024-03-11,ACC-008,153,0,67,67,0,86,588,24301.02,1.16,False,386,False
2024-03-18,ACC-008,86,583,102,102,0,567,0,160217.19,7.632,False,386,False
2024-03-25,ACC-008,567,0,90,90,0,477,0,134785.89,6.408,False,386,False
2024-04-01,ACC-008,477,0,93,93,0,384,528,108506.88,5.149,False,386,True
2024-04-08,ACC-008,384,0,71,71,0,313,528,88444.41,4.189,False,386,False
2024-04-15,ACC-008,313,0,66,66,0,247,528,69794.79,3.3,False,386,False
2024-04-22,ACC-008,247,0,60,60,0,187,528,52840.59,2.493,False,386,False
2024-04-29,ACC-008,187,0,68,68,0,119,528,33625.83,1.584,False,386,False
2024-05-06,ACC-008,119,517,59,59,0,577,0,163042.89,7.665,False,386,False
2024-05-13,ACC-008,577,0,63,63,0,514,0,145240.98,6.815,False,386,False
2024-05-20,ACC-008,514,0,47,47,0,467,0,131960.19,6.181,False,386,False
2024-05-27,ACC-008,467,0,73,73,0,394,0,111332.58,5.205,False,386,False
2024-06-03,ACC-008,394,0,86,86,0,308,604,87031.56,4.061,False,386,True
2024-06-10,ACC-008,308,0,103,103,0,205,604,57926.85,2.698,False,386,False
2024-06-17,ACC-008,205,0,74,74,0,131,604,37016.67,1.721,False,386,False
2024-06-24,ACC-008,131,0,55,55,0,76,604,21475.32,0.997,False,386,False
2024-07-01,ACC-008,76,0,80,76,4,0,604,0.0,0.0,True,386,False
2024-07-08,ACC-008,0,597,79,79,0,518,0,146371.26,6.767,False,386,False
2024-07-15,ACC-008,518,0,80,80,0,438,0,123765.66,5.712,False,386,False
2024-07-22,ACC-008,438,0,87,87,0,351,560,99182.07,4.569,False,386,True
2024-07-29,ACC-008,351,0,60,60,0,291,560,82227.87,3.781,False,386,False
2024-08-05,ACC-008,291,0,84,84,0,207,560,58491.99,2.685,False,386,False
2024-08-12,ACC-008,207,0,61,61,0,146,560,41255.22,1.89,False,386,False
2024-08-19,ACC-008,146,0,74,74,0,72,560,20345.04,0.93,False,386,False
2024-08-26,ACC-008,72,549,77,77,0,544,0,153718.08,7.017,False,386,False
2024-09-02,ACC-008,544,0,71,71,0,473,0,133655.61,6.09,False,386,False
2024-09-09,ACC-008,473,0,51,51,0,422,0,119244.54,5.424,False,386,False
2024-09-16,ACC-008,422,0,79,79,0,343,568,96921.51,4.4,False,386,True
2024-09-23,ACC-008,343,0,104,104,0,239,568,67534.23,3.061,False,386,False
2024-09-30,ACC-008,239,0,71,71,0,168,568,47471.76,2.147,False,386,False
2024-10-07,ACC-008,168,0,53,53,0,115,568,32495.55,1.467,False,386,False
2024-10-14,ACC-008,115,0,92,92,0,23,568,6499.11,0.293,False,386,False
2024-10-21,ACC-008,23,557,71,71,0,509,0,143828.13,6.471,False,386,False
2024-10-28,ACC-008,509,0,80,80,0,429,0,121222.53,5.445,False,386,False
2024-11-04,ACC-008,429,0,136,136,0,293,616,82793.01,3.712,False,386,True
2024-11-11,ACC-008,293,0,81,81,0,212,616,59904.84,2.681,False,386,False
2024-11-18,ACC-008,212,0,215,212,3,0,616,0.0,0.0,True,386,False
2024-11-25,ACC-008,0,0,156,0,156,0,616,0.0,0.0,True,386,False
2024-12-02,ACC-008,0,0,130,0,130,0,616,0.0,0.0,True,386,False
2024-12-09,ACC-008,0,598,137,137,0,461,0,130264.77,5.789,False,386,False
2024-12-16,ACC-008,461,0,173,173,0,288,624,81380.16,3.61,False,386,True
2024-12-23,ACC-008,288,0,156,156,0,132,624,37299.24,1.652,False,386,False
2024-12-30,ACC-008,132,0,118,118,0,14,624,3955.98,0.175,False,386,False
2025-01-06,ACC-008,14,0,102,14,88,0,624,0.0,0.0,True,386,False
2025-01-13,ACC-008,0,0,89,0,89,0,624,0.0,0.0,True,386,False
2025-01-20,ACC-008,0,619,97,97,0,522,0,147501.54,6.486,False,386,False
2025-01-27,ACC-008,522,0,70,70,0,452,0,127721.64,5.606,False,386,False
2025-02-03,ACC-008,452,0,136,136,0,316,596,89292.12,3.913,False,386,True
2025-02-10,ACC-008,316,0,107,107,0,209,596,59057.13,2.583,False,386,False
2025-02-17,ACC-008,209,0,69,69,0,140,596,39559.8,1.727,False,386,False
2025-02-24,ACC-008,140,0,72,72,0,68,596,19214.76,0.838,False,386,False
2025-03-03,ACC-008,68,0,124,68,56,0,596,0.0,0.0,True,386,False
2025-03-10,ACC-008,0,589,96,96,0,493,0,139307.01,6.052,False,386,False
2025-03-17,ACC-008,493,0,96,96,0,397,0,112180.29,4.865,False,386,False
2025-03-24,ACC-008,397,0,104,104,0,293,616,82793.01,3.584,False,386,True
2025-03-31,ACC-008,293,0,86,86,0,207,616,58491.99,2.528,False,386,False
2025-04-07,ACC-008,207,0,63,63,0,144,616,40690.08,1.755,False,386,False
2025-04-14,ACC-008,144,0,77,77,0,67,616,18932.19,0.815,False,386,False
2025-04-21,ACC-008,67,0,87,67,20,0,616,0.0,0.0,True,386,False
2025-04-28,ACC-008,0,612,77,77,0,535,0,151174.95,6.489,False,386,False
2025-05-05,ACC-008,535,0,81,81,0,454,0,128286.78,5.497,False,386,False
2025-05-12,ACC-008,454,0,82,82,0,372,540,105116.04,4.496,False,386,True
2025-05-19,ACC-008,372,0,90,90,0,282,540,79684.74,3.403,False,386,False
2025-05-26,ACC-008,282,0,69,69,0,213,540,60187.41,2.566,False,386,False
2025-06-02,ACC-008,213,0,60,60,0,153,540,43233.21,1.84,False,386,False
2025-06-09,ACC-008,153,0,101,101,0,52,540,14693.64,0.624,False,386,False
2025-06-16,ACC-008,52,527,64,64,0,515,0,145523.55,6.172,False,386,False
2025-06-23,ACC-008,515,0,47,47,0,468,0,132242.76,5.6,False,386,False
2025-06-30,ACC-008,468,0,82,82,0,386,524,109072.02,4.611,False,386,True
2025-07-07,ACC-008,386,0,66,66,0,320,524,90422.4,3.816,False,386,False
2025-07-14,ACC-008,320,0,75,75,0,245,524,69229.65,2.917,False,386,False
2025-07-21,ACC-008,245,0,67,67,0,178,524,50297.46,2.116,False,386,False
2025-07-28,ACC-008,178,0,66,66,0,112,524,31647.84,1.329,False,386,False
2025-08-04,ACC-008,112,515,96,96,0,531,0,150044.67,6.29,False,386,False
2025-08-11,ACC-008,531,0,68,68,0,463,0,130829.91,5.475,False,386,False
2025-08-18,ACC-008,463,0,59,59,0,404,0,114158.28,4.77,False,386,False
2025-08-25,ACC-008,404,0,71,71,0,333,576,94095.81,3.925,False,386,True
2025-09-01,ACC-008,333,0,86,86,0,247,576,69794.79,2.906,False,386,False
2025-09-08,ACC-008,247,0,72,72,0,175,576,49449.75,2.056,False,386,False
2025-09-15,ACC-008,175,0,68,68,0,107,576,30234.99,1.255,False,386,False
2025-09-22,ACC-008,107,0,119,107,12,0,576,0.0,0.0,True,386,False
2025-09-29,ACC-008,0,570,76,76,0,494,0,139589.58,5.775,False,386,False
2025-10-06,ACC-008,494,0,72,72,0,422,0,119244.54,4.925,False,386,False
2025-10-13,ACC-008,422,0,93,93,0,329,580,92965.53,3.833,False,386,True
2025-10-20,ACC-008,329,0,76,76,0,253,580,71490.21,2.943,False,386,False
2025-10-27,ACC-008,253,0,50,50,0,203,580,57361.71,2.357,False,386,False
2025-11-03,ACC-008,203,0,155,155,0,48,580,13563.36,0.557,False,386,False
2025-11-10,ACC-008,48,0,136,48,88,0,580,0.0,0.0,True,386,False
2025-11-17,ACC-008,0,567,243,243,0,324,588,91552.68,3.744,False,386,True
2025-11-24,ACC-008,324,0,230,230,0,94,588,26561.58,1.085,False,386,False
2025-12-01,ACC-008,94,0,116,94,22,0,588,0.0,0.0,True,386,False
2025-12-08,ACC-008,0,0,180,0,180,0,588,0.0,0.0,True,386,False
2025-12-15,ACC-008,0,0,161,0,161,0,588,0.0,0.0,True,386,False
2025-12-22,ACC-008,0,572,141,141,0,431,0,121787.67,4.941,False,386,False
2025-12-29,ACC-008,431,0,154,154,0,277,632,78271.89,3.17,False,386,True
2023-01-02,ACC-009,618,0,61,61,0,557,0,217753.58,10.683,False,193,False
2023-01-09,ACC-009,557,0,76,76,0,481,0,188042.14,9.205,False,193,False
2023-01-16,ACC-009,481,0,76,76,0,405,0,158330.7,7.734,False,193,False
2023-01-23,ACC-009,405,0,65,65,0,340,0,132919.6,6.479,False,193,False
2023-01-30,ACC-009,340,0,49,49,0,291,0,113763.54,5.534,False,193,False
2023-02-06,ACC-009,291,0,58,58,0,233,0,91089.02,4.421,False,193,False
2023-02-13,ACC-009,233,0,59,59,0,174,444,68023.56,3.295,False,193,True
2023-02-20,ACC-009,174,0,79,79,0,95,444,37139.3,1.795,False,193,False
2023-02-27,ACC-009,95,0,42,42,0,53,444,20719.82,0.999,False,193,False
2023-03-06,ACC-009,53,441,90,90,0,404,0,157939.76,7.601,False,193,False
2023-03-13,ACC-009,404,0,47,47,0,357,0,139565.58,6.703,False,193,False
2023-03-20,ACC-009,357,0,81,81,0,276,0,107899.44,5.171,False,193,False
2023-03-27,ACC-009,276,0,58,58,0,218,0,85224.92,4.076,False,193,False
2023-04-03,ACC-009,218,0,52,52,0,166,444,64896.04,3.097,False,193,True
2023-04-10,ACC-009,166,0,53,53,0,113,444,44176.22,2.104,False,193,False
2023-04-17,ACC-009,113,0,42,42,0,71,444,27756.74,1.319,False,193,False
2023-04-24,ACC-009,71,431,39,39,0,463,0,181005.22,8.585,False,193,False
2023-05-01,ACC-009,463,0,58,58,0,405,0,158330.7,7.494,False,193,False
2023-05-08,ACC-009,405,0,67,67,0,338,0,132137.72,6.241,False,193,False
2023-05-15,ACC-009,338,0,52,52,0,286,0,111808.84,5.27,False,193,False
2023-05-22,ACC-009,286,0,42,42,0,244,0,95389.36,4.487,False,193,False
2023-05-29,ACC-009,244,0,56,56,0,188,432,73496.72,3.45,False,193,True
2023-06-05,ACC-009,188,0,53,53,0,135,432,52776.9,2.472,False,193,False
2023-06-12,ACC-009,135,0,63,63,0,72,432,28147.68,1.316,False,193,False
2023-06-19,ACC-009,72,430,40,40,0,462,0,180614.28,8.426,False,193,False
2023-06-26,ACC-009,462,0,66,66,0,396,0,154812.24,7.208,False,193,False
2023-07-03,ACC-009,396,0,56,56,0,340,0,132919.6,6.176,False,193,False
2023-07-10,ACC-009,340,0,36,36,0,304,0,118845.76,5.511,False,193,False
2023-07-17,ACC-009,304,0,43,43,0,261,0,102035.34,4.722,False,193,False
2023-07-24,ACC-009,261,0,53,53,0,208,0,81315.52,3.755,False,193,False
2023-07-31,ACC-009,208,0,45,45,0,163,456,63723.22,2.937,False,193,True
2023-08-07,ACC-009,163,0,33,33,0,130,456,50822.2,2.337,False,193,False
2023-08-14,ACC-009,130,0,50,50,0,80,456,31275.2,1.436,False,193,False
2023-08-21,ACC-009,80,447,37,37,0,490,0,191560.6,8.775,False,193,False
2023-08-28,ACC-009,490,0,54,54,0,436,0,170449.84,7.792,False,193,False
2023-09-04,ACC-009,436,0,36,36,0,400,0,156376.0,7.135,False,193,False
2023-09-11,ACC-009,400,0,62,62,0,338,0,132137.72,6.017,False,193,False
2023-09-18,ACC-009,338,0,54,54,0,284,0,111026.96,5.046,False,193,False
2023-09-25,ACC-009,284,0,71,71,0,213,0,83270.22,3.777,False,193,False
2023-10-02,ACC-009,213,0,58,58,0,155,456,60595.7,2.743,False,193,True
2023-10-09,ACC-009,155,0,41,41,0,114,456,44567.16,2.013,False,193,False
2023-10-16,ACC-009,114,0,50,50,0,64,456,25020.16,1.128,False,193,False
2023-10-23,ACC-009,64,452,79,79,0,437,0,170840.78,7.687,False,193,False
2023-10-30,ACC-009,437,0,63,63,0,374,0,146211.56,6.566,False,193,False
2023-11-06,ACC-009,374,0,106,106,0,268,0,104771.92,4.696,False,193,False
2023-11-13,ACC-009,268,0,59,59,0,209,0,81706.46,3.655,False,193,False
2023-11-20,ACC-009,209,0,158,158,0,51,564,19937.94,0.89,False,193,True
2023-11-27,ACC-009,51,0,128,51,77,0,564,0.0,0.0,True,193,False
2023-12-04,ACC-009,0,0,88,0,88,0,564,0.0,0.0,True,193,False
2023-12-11,ACC-009,0,564,93,93,0,471,0,184132.74,8.172,False,193,False
2023-12-18,ACC-009,471,0,90,90,0,381,0,148948.14,6.598,False,193,False
2023-12-25,ACC-009,381,0,117,117,0,264,0,103208.16,4.563,False,193,False
2024-01-01,ACC-009,264,0,63,63,0,201,0,78578.94,3.467,False,193,False
2024-01-08,ACC-009,201,0,68,68,0,133,480,51995.02,2.29,False,193,True
2024-01-15,ACC-009,133,0,74,74,0,59,480,23065.46,1.014,False,193,False
2024-01-22,ACC-009,59,0,49,49,0,10,480,3909.4,0.172,False,193,False
2024-01-29,ACC-009,10,467,40,40,0,437,0,170840.78,7.481,False,193,False
2024-02-05,ACC-009,437,0,104,104,0,333,0,130183.02,5.689,False,193,False
2024-02-12,ACC-009,333,0,52,52,0,281,0,109854.14,4.792,False,193,False
2024-02-19,ACC-009,281,0,70,70,0,211,0,82488.34,3.591,False,193,False
2024-02-26,ACC-009,211,0,74,74,0,137,480,53558.78,2.327,False,193,True
2024-03-04,ACC-009,137,0,63,63,0,74,480,28929.56,1.255,False,193,False
2024-03-11,ACC-009,74,0,51,51,0,23,480,8991.62,0.389,False,193,False
2024-03-18,ACC-009,23,477,93,93,0,407,0,159112.58,6.875,False,193,False
2024-03-25,ACC-009,407,0,67,67,0,340,0,132919.6,5.732,False,193,False
2024-04-01,ACC-009,340,0,44,44,0,296,0,115718.24,4.981,False,193,False
2024-04-08,ACC-009,296,0,56,56,0,240,0,93825.6,4.031,False,193,False
2024-04-15,ACC-009,240,0,46,46,0,194,0,75842.36,3.252,False,193,False
2024-04-22,ACC-009,194,0,52,52,0,142,468,55513.48,2.376,False,193,True
2024-04-29,ACC-009,142,0,58,58,0,84,468,32838.96,1.403,False,193,False
2024-05-06,ACC-009,84,0,55,55,0,29,468,11337.26,0.483,False,193,False
2024-05-13,ACC-009,29,455,58,58,0,426,0,166540.44,7.088,False,193,False
2024-05-20,ACC-009,426,0,48,48,0,378,0,147775.32,6.278,False,193,False
2024-05-27,ACC-009,378,0,55,55,0,323,0,126273.62,5.354,False,193,False
2024-06-03,ACC-009,323,0,63,63,0,260,0,101644.4,4.302,False,193,False
2024-06-10,ACC-009,260,0,71,71,0,189,432,73887.66,3.122,False,193,True
2024-06-17,ACC-009,189,0,61,61,0,128,432,50040.32,2.11,False,193,False
2024-06-24,ACC-009,128,0,53,53,0,75,432,29320.5,1.234,False,193,False
2024-07-01,ACC-009,75,426,66,66,0,435,0,170058.9,7.145,False,193,False
2024-07-08,ACC-009,435,0,49,49,0,386,0,150902.84,6.328,False,193,False
2024-07-15,ACC-009,386,0,52,52,0,334,0,130573.96,5.466,False,193,False
2024-07-22,ACC-009,334,0,75,75,0,259,0,101253.46,4.231,False,193,False
2024-07-29,ACC-009,259,0,53,53,0,206,0,80533.64,3.359,False,193,False
2024-08-05,ACC-009,206,0,59,59,0,147,468,57468.18,2.392,False,193,True
2024-08-12,ACC-009,147,0,64,64,0,83,468,32448.02,1.348,False,193,False
2024-08-19,ACC-009,83,0,47,47,0,36,468,14073.84,0.584,False,193,False
2024-08-26,ACC-009,36,467,67,67,0,436,0,170449.84,7.057,False,193,False
2024-09-02,ACC-009,436,0,62,62,0,374,0,146211.56,6.043,False,193,False
2024-09-09,ACC-009,374,0,71,71,0,303,0,118454.82,4.887,False,193,False
2024-09-16,ACC-009,303,0,55,55,0,248,0,96953.12,3.992,False,193,False
2024-09-23,ACC-009,248,0,60,60,0,188,432,73496.72,3.021,False,193,True
2024-09-30,ACC-009,188,0,71,71,0,117,432,45739.98,1.877,False,193,False
2024-10-07,ACC-009,117,0,63,63,0,54,432,21110.76,0.865,False,193,False
2024-10-14,ACC-009,54,431,71,71,0,414,0,161849.16,6.617,False,193,False
2024-10-21,ACC-009,414,0,62,62,0,352,0,137610.88,5.616,False,193,False
2024-10-28,ACC-009,352,0,80,80,0,272,0,106335.68,4.332,False,193,False
2024-11-04,ACC-009,272,0,139,139,0,133,480,51995.02,2.114,False,193,True
2024-11-11,ACC-009,133,0,109,109,0,24,480,9382.56,0.381,False,193,False
2024-11-18,ACC-009,24,0,141,24,117,0,480,0.0,0.0,True,193,False
2024-11-25,ACC-009,0,480,189,189,0,291,0,113763.54,4.602,False,193,False
2024-12-02,ACC-009,291,0,102,102,0,189,432,73887.66,2.983,False,193,True
2024-12-09,ACC-009,189,0,90,90,0,99,432,38703.06,1.56,False,193,False
2024-12-16,ACC-009,99,0,135,99,36,0,432,0.0,0.0,True,193,False
2024-12-23,ACC-009,0,430,161,161,0,269,0,105162.86,4.224,False,193,False
2024-12-30,ACC-009,269,0,92,92,0,177,444,69196.38,2.774,False,193,True
2025-01-06,ACC-009,177,0,87,87,0,90,444,35184.6,1.408,False,193,False
2025-01-13,ACC-009,90,433,88,88,0,435,0,170058.9,6.794,False,193,False
2025-01-20,ACC-009,435,0,71,71,0,364,0,142302.16,5.676,False,193,False
2025-01-27,ACC-009,364,0,78,78,0,286,0,111808.84,4.452,False,193,False
2025-02-03,ACC-009,286,0,60,60,0,226,0,88352.44,3.512,False,193,False
2025-02-10,ACC-009,226,0,87,87,0,139,480,54340.66,2.156,False,193,True
2025-02-17,ACC-009,139,0,62,62,0,77,480,30102.38,1.192,False,193,False
2025-02-24,ACC-009,77,0,60,60,0,17,480,6645.98,0.263,False,193,False
2025-03-03,ACC-009,17,472,94,94,0,395,0,154421.3,6.095,False,193,False
2025-03-10,ACC-009,395,0,70,70,0,325,0,127055.5,5.006,False,193,False
2025-03-17,ACC-009,325,0,101,101,0,224,0,87570.56,3.444,False,193,False
2025-03-24,ACC-009,224,0,59,59,0,165,456,64505.1,2.533,False,193,True
2025-03-31,ACC-009,165,0,73,73,0,92,456,35966.48,1.41,False,193,False
2025-04-07,ACC-009,92,0,84,84,0,8,456,3127.52,0.122,False,193,False
2025-04-14,ACC-009,8,456,88,88,0,376,0,146993.44,5.742,False,193,False
2025-04-21,ACC-009,376,0,70,70,0,306,0,119627.64,4.665,False,193,False
2025-04-28,ACC-009,306,0,49,49,0,257,0,100471.58,3.911,False,193,False
2025-05-05,ACC-009,257,0,59,59,0,198,0,77406.12,3.008,False,193,False
2025-05-12,ACC-009,198,0,56,56,0,142,468,55513.48,2.154,False,193,True
2025-05-19,ACC-009,142,0,54,54,0,88,468,34402.72,1.333,False,193,False
2025-05-26,ACC-009,88,455,52,52,0,491,0,191951.54,7.422,False,193,False
2025-06-02,ACC-009,491,0,51,51,0,440,0,172013.6,6.64,False,193,False
2025-06-09,ACC-009,440,0,68,68,0,372,0,145429.68,5.604,False,193,False
2025-06-16,ACC-009,372,0,72,72,0,300,0,117282.0,4.512,False,193,False
2025-06-23,ACC-009,300,0,53,53,0,247,0,96562.18,3.709,False,193,False
2025-06-30,ACC-009,247,0,71,71,0,176,444,68805.44,2.638,False,193,True
2025-07-07,ACC-009,176,0,59,59,0,117,444,45739.98,1.751,False,193,False
2025-07-14,ACC-009,117,0,64,64,0,53,444,20719.82,0.792,False,193,False
2025-07-21,ACC-009,53,433,86,86,0,400,0,156376.0,5.966,False,193,False
2025-07-28,ACC-009,400,0,59,59,0,341,0,133310.54,5.077,False,193,False
2025-08-04,ACC-009,341,0,81,81,0,260,0,101644.4,3.865,False,193,False
2025-08-11,ACC-009,260,0,66,66,0,194,0,75842.36,2.879,False,193,False
2025-08-18,ACC-009,194,0,84,84,0,110,504,43003.4,1.63,False,193,True
2025-08-25,ACC-009,110,0,71,71,0,39,504,15246.66,0.577,False,193,False
2025-09-01,ACC-009,39,0,70,39,31,0,504,0.0,0.0,True,193,False
2025-09-08,ACC-009,0,493,74,74,0,419,0,163803.86,6.177,False,193,False
2025-09-15,ACC-009,419,0,76,76,0,343,0,134092.42,5.048,False,193,False
2025-09-22,ACC-009,343,0,75,75,0,268,0,104771.92,3.938,False,193,False
2025-09-29,ACC-009,268,0,54,54,0,214,0,83661.16,3.139,False,193,False
2025-10-06,ACC-009,214,0,64,64,0,150,468,58641.0,2.197,False,193,True
2025-10-13,ACC-009,150,0,55,55,0,95,468,37139.3,1.389,False,193,False
2025-10-20,ACC-009,95,0,70,70,0,25,468,9773.5,0.365,False,193,False
2025-10-27,ACC-009,25,459,64,64,0,420,0,164194.8,6.121,False,193,False
2025-11-03,ACC-009,420,0,144,144,0,276,0,107899.44,4.016,False,193,False
2025-11-10,ACC-009,276,0,78,78,0,198,0,77406.12,2.876,False,193,False
2025-11-17,ACC-009,198,0,174,174,0,24,588,9382.56,0.348,False,193,True
2025-11-24,ACC-009,24,0,222,24,198,0,588,0.0,0.0,True,193,False
2025-12-01,ACC-009,0,0,102,0,102,0,588,0.0,0.0,True,193,False
2025-12-08,ACC-009,0,572,127,127,0,445,0,173968.3,6.422,False,193,False
2025-12-15,ACC-009,445,0,135,135,0,310,0,121191.4,4.467,False,193,False
2025-12-22,ACC-009,310,0,130,130,0,180,432,70369.2,2.589,False,193,True
2025-12-29,ACC-009,180,427,108,108,0,499,0,195079.06,7.167,False,193,False
2023-01-02,ACC-010,544,0,74,74,0,470,0,159076.2,7.498,False,301,False
2023-01-09,ACC-010,470,0,123,123,0,347,0,117445.62,5.524,False,301,False
2023-01-16,ACC-010,347,0,79,79,0,268,536,90707.28,4.257,False,301,True
2023-01-23,ACC-010,268,0,55,55,0,213,536,72091.98,3.376,False,301,False
2023-01-30,ACC-010,213,0,58,58,0,155,536,52461.3,2.452,False,301,False
2023-02-06,ACC-010,155,0,76,76,0,79,536,26738.34,1.247,False,301,False
2023-02-13,ACC-010,79,524,63,63,0,540,0,182768.4,8.505,False,301,False
2023-02-20,ACC-010,540,0,68,68,0,472,0,159753.12,7.419,False,301,False
2023-02-27,ACC-010,472,0,67,67,0,405,0,137076.3,6.352,False,301,False
2023-03-06,ACC-010,405,0,89,89,0,316,0,106953.36,4.946,False,301,False
2023-03-13,ACC-010,316,0,75,75,0,241,564,81568.86,3.764,False,301,True
2023-03-20,ACC-010,241,0,66,66,0,175,564,59230.5,2.727,False,301,False
2023-03-27,ACC-010,175,0,77,77,0,98,564,33169.08,1.524,False,301,False
2023-04-03,ACC-010,98,0,75,75,0,23,564,7784.58,0.357,False,301,False
2023-04-10,ACC-010,23,558,47,47,0,534,0,180737.64,8.271,False,301,False
2023-04-17,ACC-010,534,0,54,54,0,480,0,162460.8,7.419,False,301,False
2023-04-24,ACC-010,480,0,49,49,0,431,0,145876.26,6.648,False,301,False
2023-05-01,ACC-010,431,0,61,61,0,370,0,125230.2,5.695,False,301,False
2023-05-08,ACC-010,370,0,61,61,0,309,0,104584.14,4.746,False,301,False
2023-05-15,ACC-010,309,0,78,78,0,231,572,78184.26,3.541,False,301,True
2023-05-22,ACC-010,231,0,48,48,0,183,572,61938.18,2.799,False,301,False
2023-05-29,ACC-010,183,0,57,57,0,126,572,42645.96,1.923,False,301,False
2023-06-05,ACC-010,126,555,67,67,0,614,0,207814.44,9.353,False,301,False
2023-06-12,ACC-010,614,0,56,56,0,558,0,188860.68,8.483,False,301,False
2023-06-19,ACC-010,558,0,54,54,0,504,0,170583.84,7.646,False,301,False
2023-06-26,ACC-010,504,0,55,55,0,449,0,151968.54,6.798,False,301,False
2023-07-03,ACC-010,449,0,70,70,0,379,0,128276.34,5.726,False,301,False
2023-07-10,ACC-010,379,0,64,64,0,315,0,106614.9,4.75,False,301,False
2023-07-17,ACC-010,315,0,39,39,0,276,528,93414.96,4.153,False,301,True
2023-07-24,ACC-010,276,0,76,76,0,200,528,67692.0,3.004,False,301,False
2023-07-31,ACC-010,200,0,64,64,0,136,528,46030.56,2.038,False,301,False
2023-08-07,ACC-010,136,0,56,56,0,80,528,27076.8,1.197,False,301,False
2023-08-14,ACC-010,80,528,53,53,0,555,0,187845.3,8.285,False,301,False
2023-08-21,ACC-010,555,0,43,43,0,512,0,173291.52,7.627,False,301,False
2023-08-28,ACC-010,512,0,52,52,0,460,0,155691.6,6.839,False,301,False
2023-09-04,ACC-010,460,0,85,85,0,375,0,126922.5,5.564,False,301,False
2023-09-11,ACC-010,375,0,121,121,0,254,548,85968.84,3.761,False,301,True
2023-09-18,ACC-010,254,0,63,63,0,191,548,64645.86,2.823,False,301,False
2023-09-25,ACC-010,191,0,75,75,0,116,548,39261.36,1.711,False,301,False
2023-10-02,ACC-010,116,0,53,53,0,63,548,21322.98,0.927,False,301,False
2023-10-09,ACC-010,63,544,88,88,0,519,0,175660.74,7.624,False,301,False
2023-10-16,ACC-010,519,0,68,68,0,451,0,152645.46,6.612,False,301,False
2023-10-23,ACC-010,451,0,70,70,0,381,0,128953.26,5.575,False,301,False
2023-10-30,ACC-010,381,0,46,46,0,335,0,113384.1,4.892,False,301,False
2023-11-06,ACC-010,335,0,123,123,0,212,592,71753.52,3.09,False,301,True
2023-11-13,ACC-010,212,0,98,98,0,114,592,38584.44,1.658,False,301,False
2023-11-20,ACC-010,114,0,183,114,69,0,592,0.0,0.0,True,301,False
2023-11-27,ACC-010,0,0,192,0,192,0,592,0.0,0.0,True,301,False
2023-12-04,ACC-010,0,586,101,101,0,485,0,164153.1,7.014,False,301,False
2023-12-11,ACC-010,485,0,140,140,0,345,0,116768.7,4.98,False,301,False
2023-12-18,ACC-010,345,0,101,101,0,244,560,82584.24,3.515,False,301,True
2023-12-25,ACC-010,244,0,138,138,0,106,560,35876.76,1.524,False,301,False
2024-01-01,ACC-010,106,0,65,65,0,41,560,13876.86,0.588,False,301,False
2024-01-08,ACC-010,41,0,86,41,45,0,560,0.0,0.0,True,301,False
2024-01-15,ACC-010,0,550,95,95,0,455,0,153999.3,6.504,False,301,False
2024-01-22,ACC-010,455,0,80,80,0,375,0,126922.5,5.35,False,301,False
2024-01-29,ACC-010,375,0,69,69,0,306,0,103568.76,4.357,False,301,False
2024-02-05,ACC-010,306,0,69,69,0,237,568,80215.02,3.368,False,301,True
2024-02-12,ACC-010,237,0,65,65,0,172,568,58215.12,2.44,False,301,False
2024-02-19,ACC-010,172,0,86,86,0,86,568,29107.56,1.218,False,301,False
2024-02-26,ACC-010,86,0,65,65,0,21,568,7107.66,0.297,False,301,False
2024-03-04,ACC-010,21,565,86,86,0,500,0,169230.0,7.052,False,301,False
2024-03-11,ACC-010,500,0,51,51,0,449,0,151968.54,6.321,False,301,False
2024-03-18,ACC-010,449,0,116,116,0,333,0,112707.18,4.679,False,301,False
2024-03-25,ACC-010,333,0,57,57,0,276,528,93414.96,3.871,False,301,True
2024-04-01,ACC-010,276,0,72,72,0,204,528,69045.84,2.856,False,301,False
2024-04-08,ACC-010,204,0,66,66,0,138,528,46707.48,1.928,False,301,False
2024-04-15,ACC-010,138,0,75,75,0,63,528,21322.98,0.879,False,301,False
2024-04-22,ACC-010,63,525,51,51,0,537,0,181753.02,7.475,False,301,False
2024-04-29,ACC-010,537,0,64,64,0,473,0,160091.58,6.571,False,301,False
2024-05-06,ACC-010,473,0,51,51,0,422,0,142830.12,5.852,False,301,False
2024-05-13,ACC-010,422,0,59,59,0,363,0,122860.98,5.024,False,301,False
2024-05-20,ACC-010,363,0,68,68,0,295,508,99845.7,4.076,False,301,True
2024-05-27,ACC-010,295,0,38,38,0,257,508,86984.22,3.544,False,301,False
2024-06-03,ACC-010,257,0,69,69,0,188,508,63630.48,2.588,False,301,False
2024-06-10,ACC-010,188,0,85,85,0,103,508,34861.38,1.415,False,301,False
2024-06-17,ACC-010,103,500,54,54,0,549,0,185814.54,7.529,False,301,False
2024-06-24,ACC-010,549,0,71,71,0,478,0,161783.88,6.543,False,301,False
2024-07-01,ACC-010,478,0,100,100,0,378,0,127937.88,5.165,False,301,False
2024-07-08,ACC-010,378,0,67,67,0,311,0,105261.06,4.241,False,301,False
2024-07-15,ACC-010,311,0,60,60,0,251,552,84953.46,3.417,False,301,True
2024-07-22,ACC-010,251,0,92,92,0,159,552,53815.14,2.16,False,301,False
2024-07-29,ACC-010,159,0,76,76,0,83,552,28092.18,1.126,False,301,False
2024-08-05,ACC-010,83,0,85,83,2,0,552,0.0,0.0,True,301,False
2024-08-12,ACC-010,0,540,53,53,0,487,0,164830.02,6.581,False,301,False
2024-08-19,ACC-010,487,0,67,67,0,420,0,142153.2,5.665,False,301,False
2024-08-26,ACC-010,420,0,62,62,0,358,0,121168.68,4.82,False,301,False
2024-09-02,ACC-010,358,0,66,66,0,292,512,98830.32,3.925,False,301,True
2024-09-09,ACC-010,292,0,87,87,0,205,512,69384.3,2.75,False,301,False
2024-09-16,ACC-010,205,0,78,78,0,127,512,42984.42,1.701,False,301,False
2024-09-23,ACC-010,127,0,84,84,0,43,512,14553.78,0.575,False,301,False
2024-09-30,ACC-010,43,498,68,68,0,473,0,160091.58,6.311,False,301,False
2024-10-07,ACC-010,473,0,89,89,0,384,0,129968.64,5.115,False,301,False
2024-10-14,ACC-010,384,0,62,62,0,322,0,108984.12,4.281,False,301,False
2024-10-21,ACC-010,322,0,81,81,0,241,564,81568.86,3.199,False,301,True
2024-10-28,ACC-010,241,0,73,73,0,168,564,56861.28,2.226,False,301,False
2024-11-04,ACC-010,168,0,160,160,0,8,564,2707.68,0.106,False,301,False
2024-11-11,ACC-010,8,0,91,8,83,0,564,0.0,0.0,True,301,False
2024-11-18,ACC-010,0,558,211,211,0,347,0,117445.62,4.573,False,301,False
2024-11-25,ACC-010,347,0,188,188,0,159,644,53815.14,2.092,False,301,True
2024-12-02,ACC-010,159,0,115,115,0,44,644,14892.24,0.578,False,301,False
2024-12-09,ACC-010,44,0,146,44,102,0,644,0.0,0.0,True,301,False
2024-12-16,ACC-010,0,0,165,0,165,0,644,0.0,0.0,True,301,False
2024-12-23,ACC-010,0,638,97,97,0,541,0,183106.86,7.066,False,301,False
2024-12-30,ACC-010,541,0,124,124,0,417,0,141137.82,5.437,False,301,False
2025-01-06,ACC-010,417,0,92,92,0,325,0,109999.5,4.23,False,301,False
2025-01-13,ACC-010,325,0,71,71,0,254,548,85968.84,3.3,False,301,True
2025-01-20,ACC-010,254,0,74,74,0,180,548,60922.8,2.335,False,301,False
2025-01-27,ACC-010,180,0,94,94,0,86,548,29107.56,1.113,False,301,False
2025-02-03,ACC-010,86,0,104,86,18,0,548,0.0,0.0,True,301,False
2025-02-10,ACC-010,0,537,102,102,0,435,0,147230.1,5.613,False,301,False
2025-02-17,ACC-010,435,0,69,69,0,366,0,123876.36,4.714,False,301,False
2025-02-24,ACC-010,366,0,92,92,0,274,528,92738.04,3.523,False,301,True
2025-03-03,ACC-010,274,0,93,93,0,181,528,61261.26,2.323,False,301,False
2025-03-10,ACC-010,181,0,77,77,0,104,528,35199.84,1.333,False,301,False
2025-03-17,ACC-010,104,0,77,77,0,27,528,9138.42,0.345,False,301,False
2025-03-24,ACC-010,27,522,75,75,0,474,0,160430.04,6.053,False,301,False
2025-03-31,ACC-010,474,0,80,80,0,394,0,133353.24,5.022,False,301,False
2025-04-07,ACC-010,394,0,82,82,0,312,0,105599.52,3.97,False,301,False
2025-04-14,ACC-010,312,0,87,87,0,225,580,76153.5,2.858,False,301,True
2025-04-21,ACC-010,225,0,73,73,0,152,580,51445.92,1.928,False,301,False
2025-04-28,ACC-010,152,0,97,97,0,55,580,18615.3,0.696,False,301,False
2025-05-05,ACC-010,55,0,61,55,6,0,580,0.0,0.0,True,301,False
2025-05-12,ACC-010,0,0,86,0,86,0,580,0.0,0.0,True,301,False
2025-05-19,ACC-010,0,577,77,77,0,500,0,169230.0,6.298,False,301,False
2025-05-26,ACC-010,500,0,80,80,0,420,0,142153.2,5.281,False,301,False
2025-06-02,ACC-010,420,0,46,46,0,374,0,126584.04,4.695,False,301,False
2025-06-09,ACC-010,374,0,60,60,0,314,0,106276.44,3.935,False,301,False
2025-06-16,ACC-010,314,0,64,64,0,250,552,84615.0,3.128,False,301,True
2025-06-23,ACC-010,250,0,83,83,0,167,552,56522.82,2.086,False,301,False
2025-06-30,ACC-010,167,0,72,72,0,95,552,32153.7,1.185,False,301,False
2025-07-07,ACC-010,95,0,72,72,0,23,552,7784.58,0.286,False,301,False
2025-07-14,ACC-010,23,541,41,41,0,523,0,177014.58,6.499,False,301,False
2025-07-21,ACC-010,523,0,80,80,0,443,0,149937.78,5.496,False,301,False
2025-07-28,ACC-010,443,0,53,53,0,390,0,131999.4,4.83,False,301,False
2025-08-04,ACC-010,390,0,58,58,0,332,0,112368.72,4.105,False,301,False
2025-08-11,ACC-010,332,0,74,74,0,258,544,87322.68,3.185,False,301,True
2025-08-18,ACC-010,258,0,73,73,0,185,544,62615.1,2.28,False,301,False
2025-08-25,ACC-010,185,0,81,81,0,104,544,35199.84,1.28,False,301,False
2025-09-01,ACC-010,104,0,50,50,0,54,544,18276.84,0.663,False,301,False
2025-09-08,ACC-010,54,540,93,93,0,501,0,169568.46,6.144,False,301,False
2025-09-15,ACC-010,501,0,74,74,0,427,0,144522.42,5.228,False,301,False
2025-09-22,ACC-010,427,0,67,67,0,360,0,121845.6,4.4,False,301,False
2025-09-29,ACC-010,360,0,73,73,0,287,516,97138.02,3.502,False,301,True
2025-10-06,ACC-010,287,0,76,76,0,211,516,71415.06,2.57,False,301,False
2025-10-13,ACC-010,211,0,80,80,0,131,516,44338.26,1.593,False,301,False
2025-10-20,ACC-010,131,0,83,83,0,48,516,16246.08,0.583,False,301,False
2025-10-27,ACC-010,48,515,81,81,0,482,0,163137.72,5.843,False,301,False
2025-11-03,ACC-010,482,0,128,128,0,354,0,119814.84,4.284,False,301,False
2025-11-10,ACC-010,354,0,72,72,0,282,520,95445.72,3.407,False,301,True
2025-11-17,ACC-010,282,0,240,240,0,42,520,14215.32,0.507,False,301,False
2025-11-24,ACC-010,42,0,208,42,166,0,520,0.0,0.0,True,301,False
2025-12-01,ACC-010,0,0,119,0,119,0,520,0.0,0.0,True,301,False
2025-12-08,ACC-010,0,511,145,145,0,366,0,123876.36,4.394,False,301,False
2025-12-15,ACC-010,366,0,130,130,0,236,568,79876.56,2.829,False,301,True
2025-12-22,ACC-010,236,0,160,160,0,76,568,25722.96,0.909,False,301,False
2025-12-29,ACC-010,76,551,108,108,0,519,0,175660.74,6.201,False,301,False
