WeekStart,SKU,Category,ChampionModel,ForecastUnits,Lower80Units,Upper80Units,ResidualStdUnits,ExpectedPromoFlag,ExpectedCampaign,ExpectedDiscountPct,ExpectedSellingPriceTRY,ForecastRevenueTRY
2026-01-05,ACC-001,Accessories,Gradient Boosting,110.403,73.141,147.664,29.065,True,Winter Edit,0.1,864.0,95387.96
2026-01-05,ACC-002,Accessories,Seasonal Naive,71.0,36.002,105.998,27.299,True,Winter Edit,0.1,693.0,49203.0
2026-01-05,ACC-003,Accessories,Gradient Boosting,80.643,61.088,100.199,15.254,True,Winter Edit,0.1,1287.0,103788.11
2026-01-05,ACC-004,Accessories,Gradient Boosting,95.309,72.061,118.556,18.134,True,Winter Edit,0.1,918.0,87493.48
2026-01-05,ACC-005,Accessories,Gradient Boosting,80.931,58.395,103.466,17.578,True,Winter Edit,0.1,756.0,61183.64
2026-01-05,ACC-006,Accessories,Gradient Boosting,120.436,76.923,163.948,33.941,True,Winter Edit,0.1,486.0,58531.69
2026-01-05,ACC-007,Accessories,Gradient Boosting,101.669,78.138,125.201,18.355,True,Winter Edit,0.1,1197.0,121698.06
2026-01-05,ACC-008,Accessories,Gradient Boosting,132.485,96.071,168.9,28.404,True,Winter Edit,0.1,774.0,102543.63
2026-01-05,ACC-009,Accessories,Gradient Boosting,98.937,73.225,124.648,20.056,True,Winter Edit,0.1,1080.0,106851.8
2026-01-05,ACC-010,Accessories,Gradient Boosting,104.444,72.915,135.974,24.594,True,Winter Edit,0.1,927.0,96819.74
2026-01-05,BOT-001,Bottoms,Gradient Boosting,91.747,76.508,106.986,11.887,True,Winter Edit,0.1,1629.0,149455.69
2026-01-05,BOT-002,Bottoms,Gradient Boosting,78.637,50.059,107.215,22.292,True,Winter Edit,0.1,1125.0,88466.35
2026-01-05,BOT-003,Bottoms,Gradient Boosting,94.622,76.152,113.092,14.407,True,Winter Edit,0.1,1224.0,115817.72
2026-01-05,BOT-004,Bottoms,Gradient Boosting,65.971,51.282,80.66,11.458,True,Winter Edit,0.1,2043.0,134779.17
2026-01-05,BOT-005,Bottoms,Seasonal Naive,102.0,75.052,128.948,21.02,True,Winter Edit,0.1,1485.0,151470.0
2026-01-05,BOT-006,Bottoms,Gradient Boosting,83.735,58.75,108.72,19.489,True,Winter Edit,0.1,1656.0,138665.27
2026-01-05,BOT-007,Bottoms,Gradient Boosting,86.607,63.53,109.684,18.001,True,Winter Edit,0.1,1728.0,149657.43
2026-01-05,BOT-008,Bottoms,Gradient Boosting,62.856,44.98,80.732,13.944,True,Winter Edit,0.1,1737.0,109181.52
2026-01-05,BOT-009,Bottoms,Seasonal Naive,50.0,32.787,67.213,13.427,True,Winter Edit,0.1,2043.0,102150.0
2026-01-05,BOT-010,Bottoms,Gradient Boosting,56.467,40.65,72.285,12.338,True,Winter Edit,0.1,1170.0,66066.58
2026-01-05,DRE-001,Dresses,Gradient Boosting,74.738,44.506,104.97,23.582,True,Winter Edit,0.1,2529.0,189011.63
2026-01-05,DRE-002,Dresses,Seasonal Naive,50.0,32.637,67.363,13.544,True,Winter Edit,0.1,2871.0,143550.0
2026-01-05,DRE-003,Dresses,Gradient Boosting,64.334,48.714,79.954,12.184,True,Winter Edit,0.1,2223.0,143014.58
2026-01-05,DRE-004,Dresses,Gradient Boosting,94.472,68.827,120.116,20.004,True,Winter Edit,0.1,2808.0,265276.46
2026-01-05,DRE-005,Dresses,Gradient Boosting,83.36,59.953,106.767,18.258,True,Winter Edit,0.1,1872.0,156049.81
2026-01-05,DRE-006,Dresses,Gradient Boosting,80.205,52.046,108.364,21.965,True,Winter Edit,0.1,2835.0,227382.24
2026-01-05,DRE-007,Dresses,Seasonal Naive,48.0,30.135,65.865,13.935,True,Winter Edit,0.1,2835.0,136080.0
2026-01-05,DRE-008,Dresses,Gradient Boosting,60.005,44.244,75.765,12.293,True,Winter Edit,0.1,2628.0,157692.12
2026-01-05,DRE-009,Dresses,Gradient Boosting,59.869,38.844,80.895,16.401,True,Winter Edit,0.1,1692.0,101298.89
2026-01-05,DRE-010,Dresses,Gradient Boosting,79.14,57.685,100.596,16.736,True,Winter Edit,0.1,2799.0,221513.5
2026-01-05,KNI-001,Knitwear,Gradient Boosting,109.332,81.419,137.245,21.773,True,Winter Edit,0.18,877.4,95927.88
2026-01-05,KNI-002,Knitwear,Gradient Boosting,110.91,92.05,129.77,14.712,True,Winter Edit,0.18,1935.2,214633.1
2026-01-05,KNI-003,Knitwear,Gradient Boosting,116.141,88.771,143.512,21.35,True,Winter Edit,0.18,1615.4,187614.87
2026-01-05,KNI-004,Knitwear,Gradient Boosting,101.919,86.352,117.486,12.143,True,Winter Edit,0.18,1197.2,122017.78
2026-01-05,KNI-005,Knitwear,Gradient Boosting,110.578,69.672,151.485,31.909,True,Winter Edit,0.18,836.4,92487.85
2026-01-05,KNI-006,Knitwear,Gradient Boosting,77.616,59.696,95.536,13.978,True,Winter Edit,0.18,934.8,72555.7
2026-01-05,KNI-007,Knitwear,Gradient Boosting,135.51,118.266,152.754,13.451,True,Winter Edit,0.18,1500.6,203346.41
2026-01-05,KNI-008,Knitwear,Gradient Boosting,111.152,76.949,145.356,26.68,True,Winter Edit,0.18,885.6,98436.62
2026-01-05,KNI-009,Knitwear,Gradient Boosting,109.436,85.854,133.018,18.395,True,Winter Edit,0.18,1008.6,110377.17
2026-01-05,KNI-010,Knitwear,Gradient Boosting,96.614,78.035,115.193,14.492,True,Winter Edit,0.18,787.2,76054.47
2026-01-05,OUT-001,Outerwear,Gradient Boosting,47.589,37.008,58.171,8.254,True,Winter Edit,0.18,1508.8,71802.72
2026-01-05,OUT-002,Outerwear,Gradient Boosting,104.599,86.097,123.102,14.433,True,Winter Edit,0.18,2697.8,282188.24
2026-01-05,OUT-003,Outerwear,Gradient Boosting,45.503,35.783,55.224,7.582,True,Winter Edit,0.18,1812.2,82461.3
2026-01-05,OUT-004,Outerwear,Gradient Boosting,40.248,29.159,51.336,8.65,True,Winter Edit,0.18,2796.2,112540.77
2026-01-05,OUT-005,Outerwear,Gradient Boosting,63.793,45.611,81.976,14.183,True,Winter Edit,0.18,1615.4,103051.93
2026-01-05,OUT-006,Outerwear,Gradient Boosting,54.545,38.871,70.219,12.226,True,Winter Edit,0.18,2976.6,162359.52
2026-01-05,OUT-007,Outerwear,Gradient Boosting,76.296,55.932,96.659,15.884,True,Winter Edit,0.18,3714.6,283408.48
2026-01-05,OUT-008,Outerwear,Gradient Boosting,44.253,29.191,59.315,11.749,True,Winter Edit,0.18,2484.6,109950.21
2026-01-05,OUT-009,Outerwear,Gradient Boosting,69.625,56.022,83.229,10.611,True,Winter Edit,0.18,2394.4,166711.27
2026-01-05,OUT-010,Outerwear,Gradient Boosting,48.666,36.322,61.01,9.629,True,Winter Edit,0.18,3386.6,164811.16
2026-01-05,TOP-001,Tops,Gradient Boosting,81.367,67.369,95.365,10.919,True,Winter Edit,0.1,1053.0,85679.15
2026-01-05,TOP-002,Tops,Gradient Boosting,68.194,49.646,86.742,14.468,True,Winter Edit,0.1,1422.0,96971.97
2026-01-05,TOP-003,Tops,Gradient Boosting,76.026,59.307,92.745,13.041,True,Winter Edit,0.1,864.0,65686.5
2026-01-05,TOP-004,Tops,Gradient Boosting,80.727,60.48,100.973,15.793,True,Winter Edit,0.1,1341.0,108254.25
2026-01-05,TOP-005,Tops,Gradient Boosting,78.271,54.631,101.912,18.441,True,Winter Edit,0.1,1269.0,99326.35
2026-01-05,TOP-006,Tops,Gradient Boosting,85.103,68.286,101.92,13.117,True,Winter Edit,0.1,1683.0,143228.28
2026-01-05,TOP-007,Tops,Gradient Boosting,83.194,60.187,106.201,17.946,True,Winter Edit,0.1,621.0,51663.59
2026-01-05,TOP-008,Tops,Gradient Boosting,71.843,48.024,95.662,18.58,True,Winter Edit,0.1,1593.0,114445.48
2026-01-05,TOP-009,Tops,Gradient Boosting,104.347,80.473,128.221,18.623,True,Winter Edit,0.1,882.0,92034.27
2026-01-05,TOP-010,Tops,Gradient Boosting,83.748,62.154,105.341,16.844,True,Winter Edit,0.1,639.0,53514.96
2026-01-12,ACC-001,Accessories,Gradient Boosting,106.557,69.296,143.818,29.065,True,Winter Edit,0.1,864.0,92065.18
2026-01-12,ACC-002,Accessories,Seasonal Naive,63.0,28.002,97.998,27.299,True,Winter Edit,0.1,693.0,43659.0
2026-01-12,ACC-003,Accessories,Gradient Boosting,91.918,72.362,111.474,15.254,True,Winter Edit,0.1,1287.0,118298.68
2026-01-12,ACC-004,Accessories,Gradient Boosting,90.738,67.491,113.986,18.134,True,Winter Edit,0.1,918.0,83297.7
2026-01-12,ACC-005,Accessories,Gradient Boosting,83.056,60.52,105.591,17.578,True,Winter Edit,0.1,756.0,62789.99
2026-01-12,ACC-006,Accessories,Gradient Boosting,144.03,100.517,187.542,33.941,True,Winter Edit,0.1,486.0,69998.43
2026-01-12,ACC-007,Accessories,Gradient Boosting,92.809,69.278,116.341,18.355,True,Winter Edit,0.1,1197.0,111092.95
2026-01-12,ACC-008,Accessories,Gradient Boosting,114.728,78.314,151.142,28.404,True,Winter Edit,0.1,774.0,88799.34
2026-01-12,ACC-009,Accessories,Gradient Boosting,100.967,75.255,126.678,20.056,True,Winter Edit,0.1,1080.0,109044.27
2026-01-12,ACC-010,Accessories,Gradient Boosting,90.142,58.613,121.672,24.594,True,Winter Edit,0.1,927.0,83561.75
2026-01-12,BOT-001,Bottoms,Gradient Boosting,86.192,70.953,101.431,11.887,True,Winter Edit,0.1,1629.0,140406.37
2026-01-12,BOT-002,Bottoms,Gradient Boosting,93.682,65.104,122.26,22.292,True,Winter Edit,0.1,1125.0,105391.83
2026-01-12,BOT-003,Bottoms,Gradient Boosting,86.41,67.941,104.88,14.407,True,Winter Edit,0.1,1224.0,105766.44
2026-01-12,BOT-004,Bottoms,Gradient Boosting,75.331,60.642,90.02,11.458,True,Winter Edit,0.1,2043.0,153900.76
2026-01-12,BOT-005,Bottoms,Seasonal Naive,99.0,72.052,125.948,21.02,True,Winter Edit,0.1,1485.0,147015.0
2026-01-12,BOT-006,Bottoms,Gradient Boosting,92.936,67.951,117.921,19.489,True,Winter Edit,0.1,1656.0,153901.91
2026-01-12,BOT-007,Bottoms,Gradient Boosting,84.219,61.143,107.296,18.001,True,Winter Edit,0.1,1728.0,145531.14
2026-01-12,BOT-008,Bottoms,Gradient Boosting,65.332,47.456,83.208,13.944,True,Winter Edit,0.1,1737.0,113481.58
2026-01-12,BOT-009,Bottoms,Seasonal Naive,50.0,32.787,67.213,13.427,True,Winter Edit,0.1,2043.0,102150.0
2026-01-12,BOT-010,Bottoms,Gradient Boosting,67.262,51.444,83.079,12.338,True,Winter Edit,0.1,1170.0,78696.27
2026-01-12,DRE-001,Dresses,Gradient Boosting,83.743,53.511,113.975,23.582,True,Winter Edit,0.1,2529.0,211785.08
2026-01-12,DRE-002,Dresses,Seasonal Naive,66.0,48.637,83.363,13.544,True,Winter Edit,0.1,2871.0,189486.0
2026-01-12,DRE-003,Dresses,Gradient Boosting,71.39,55.77,87.01,12.184,True,Winter Edit,0.1,2223.0,158700.24
2026-01-12,DRE-004,Dresses,Gradient Boosting,88.041,62.396,113.685,20.004,True,Winter Edit,0.1,2808.0,247218.28
2026-01-12,DRE-005,Dresses,Gradient Boosting,79.2,55.793,102.607,18.258,True,Winter Edit,0.1,1872.0,148262.57
2026-01-12,DRE-006,Dresses,Gradient Boosting,80.963,52.804,109.122,21.965,True,Winter Edit,0.1,2835.0,229530.03
2026-01-12,DRE-007,Dresses,Seasonal Naive,47.0,29.135,64.865,13.935,True,Winter Edit,0.1,2835.0,133245.0
2026-01-12,DRE-008,Dresses,Gradient Boosting,59.774,44.014,75.535,12.293,True,Winter Edit,0.1,2628.0,157087.26
2026-01-12,DRE-009,Dresses,Gradient Boosting,68.961,47.935,89.986,16.401,True,Winter Edit,0.1,1692.0,116681.39
2026-01-12,DRE-010,Dresses,Gradient Boosting,80.67,59.214,102.125,16.736,True,Winter Edit,0.1,2799.0,225794.67
2026-01-12,KNI-001,Knitwear,Gradient Boosting,122.187,94.274,150.099,21.773,True,Winter Edit,0.18,877.4,107206.49
2026-01-12,KNI-002,Knitwear,Gradient Boosting,96.716,77.856,115.576,14.712,True,Winter Edit,0.18,1935.2,187164.36
2026-01-12,KNI-003,Knitwear,Gradient Boosting,118.606,91.236,145.977,21.35,True,Winter Edit,0.18,1615.4,191596.28
2026-01-12,KNI-004,Knitwear,Gradient Boosting,109.052,93.485,124.619,12.143,True,Winter Edit,0.18,1197.2,130556.71
2026-01-12,KNI-005,Knitwear,Gradient Boosting,120.854,79.947,161.761,31.909,True,Winter Edit,0.18,836.4,101082.6
2026-01-12,KNI-006,Knitwear,Gradient Boosting,85.041,67.121,102.961,13.978,True,Winter Edit,0.18,934.8,79496.55
2026-01-12,KNI-007,Knitwear,Gradient Boosting,124.353,107.108,141.597,13.451,True,Winter Edit,0.18,1500.6,186603.58
2026-01-12,KNI-008,Knitwear,Gradient Boosting,118.499,84.296,152.703,26.68,True,Winter Edit,0.18,885.6,104942.86
2026-01-12,KNI-009,Knitwear,Gradient Boosting,97.897,74.315,121.479,18.395,True,Winter Edit,0.18,1008.6,98738.9
2026-01-12,KNI-010,Knitwear,Gradient Boosting,94.337,75.758,112.916,14.492,True,Winter Edit,0.18,787.2,74261.91
2026-01-12,OUT-001,Outerwear,Gradient Boosting,50.967,40.386,61.549,8.254,True,Winter Edit,0.18,1508.8,76899.72
2026-01-12,OUT-002,Outerwear,Gradient Boosting,91.933,73.43,110.435,14.433,True,Winter Edit,0.18,2697.8,248015.75
2026-01-12,OUT-003,Outerwear,Gradient Boosting,43.958,34.237,53.678,7.582,True,Winter Edit,0.18,1812.2,79659.88
2026-01-12,OUT-004,Outerwear,Gradient Boosting,42.31,31.221,53.398,8.65,True,Winter Edit,0.18,2796.2,118306.67
2026-01-12,OUT-005,Outerwear,Gradient Boosting,61.928,43.746,80.111,14.183,True,Winter Edit,0.18,1615.4,100039.03
2026-01-12,OUT-006,Outerwear,Gradient Boosting,56.728,41.054,72.402,12.226,True,Winter Edit,0.18,2976.6,168857.26
2026-01-12,OUT-007,Outerwear,Gradient Boosting,79.01,58.647,99.373,15.884,True,Winter Edit,0.18,3714.6,293490.49
2026-01-12,OUT-008,Outerwear,Gradient Boosting,43.828,28.766,58.89,11.749,True,Winter Edit,0.18,2484.6,108895.64
2026-01-12,OUT-009,Outerwear,Gradient Boosting,79.38,65.776,92.984,10.611,True,Winter Edit,0.18,2394.4,190066.81
2026-01-12,OUT-010,Outerwear,Gradient Boosting,51.141,38.797,63.484,9.629,True,Winter Edit,0.18,3386.6,173192.91
2026-01-12,TOP-001,Tops,Gradient Boosting,84.56,70.562,98.558,10.919,True,Winter Edit,0.1,1053.0,89041.87
2026-01-12,TOP-002,Tops,Gradient Boosting,67.85,49.301,86.398,14.468,True,Winter Edit,0.1,1422.0,96482.3
2026-01-12,TOP-003,Tops,Gradient Boosting,81.941,65.222,98.66,13.041,True,Winter Edit,0.1,864.0,70796.97
2026-01-12,TOP-004,Tops,Gradient Boosting,78.998,58.752,99.245,15.793,True,Winter Edit,0.1,1341.0,105936.87
2026-01-12,TOP-005,Tops,Gradient Boosting,78.683,55.042,102.324,18.441,True,Winter Edit,0.1,1269.0,99848.53
2026-01-12,TOP-006,Tops,Gradient Boosting,78.133,61.316,94.949,13.117,True,Winter Edit,0.1,1683.0,131497.51
2026-01-12,TOP-007,Tops,Gradient Boosting,87.978,64.971,110.985,17.946,True,Winter Edit,0.1,621.0,54634.23
2026-01-12,TOP-008,Tops,Gradient Boosting,70.321,46.501,94.14,18.58,True,Winter Edit,0.1,1593.0,112020.63
2026-01-12,TOP-009,Tops,Gradient Boosting,95.619,71.745,119.493,18.623,True,Winter Edit,0.1,882.0,84335.96
2026-01-12,TOP-010,Tops,Gradient Boosting,89.037,67.444,110.631,16.844,True,Winter Edit,0.1,639.0,56894.96
2026-01-19,ACC-001,Accessories,Gradient Boosting,95.577,58.316,132.839,29.065,False,Always On,0.0,960.0,91754.21
2026-01-19,ACC-002,Accessories,Seasonal Naive,61.0,26.002,95.998,27.299,False,Always On,0.0,770.0,46970.0
2026-01-19,ACC-003,Accessories,Gradient Boosting,78.92,59.364,98.475,15.254,False,Always On,0.0,1430.0,112855.04
2026-01-19,ACC-004,Accessories,Gradient Boosting,82.783,59.535,106.031,18.134,False,Always On,0.0,1020.0,84438.67
2026-01-19,ACC-005,Accessories,Gradient Boosting,77.655,55.119,100.19,17.578,False,Always On,0.0,840.0,65230.13
2026-01-19,ACC-006,Accessories,Gradient Boosting,128.369,84.857,171.882,33.941,False,Always On,0.0,540.0,69319.38
2026-01-19,ACC-007,Accessories,Gradient Boosting,97.49,73.959,121.021,18.355,False,Always On,0.0,1330.0,129661.54
2026-01-19,ACC-008,Accessories,Gradient Boosting,109.225,72.811,145.639,28.404,False,Always On,0.0,860.0,93933.46
2026-01-19,ACC-009,Accessories,Gradient Boosting,85.017,59.306,110.729,20.056,False,Always On,0.0,1200.0,102020.59
2026-01-19,ACC-010,Accessories,Gradient Boosting,86.823,55.293,118.352,24.594,False,Always On,0.0,1030.0,89427.6
2026-01-19,BOT-001,Bottoms,Gradient Boosting,79.09,63.851,94.329,11.887,False,Always On,0.0,1810.0,143152.93
2026-01-19,BOT-002,Bottoms,Gradient Boosting,86.663,58.085,115.241,22.292,False,Always On,0.0,1250.0,108328.71
2026-01-19,BOT-003,Bottoms,Gradient Boosting,81.44,62.97,99.91,14.407,False,Always On,0.0,1360.0,110758.36
2026-01-19,BOT-004,Bottoms,Gradient Boosting,58.989,44.3,73.678,11.458,False,Always On,0.0,2270.0,133904.36
2026-01-19,BOT-005,Bottoms,Seasonal Naive,90.0,63.052,116.948,21.02,False,Always On,0.0,1650.0,148500.0
2026-01-19,BOT-006,Bottoms,Gradient Boosting,81.458,56.473,106.443,19.489,False,Always On,0.0,1840.0,149882.83
2026-01-19,BOT-007,Bottoms,Gradient Boosting,80.602,57.525,103.679,18.001,False,Always On,0.0,1920.0,154755.2
2026-01-19,BOT-008,Bottoms,Gradient Boosting,60.139,42.263,78.015,13.944,False,Always On,0.0,1930.0,116068.02
2026-01-19,BOT-009,Bottoms,Seasonal Naive,44.0,26.787,61.213,13.427,False,Always On,0.0,2270.0,99880.0
2026-01-19,BOT-010,Bottoms,Gradient Boosting,53.857,38.039,69.674,12.338,False,Always On,0.0,1300.0,70013.55
2026-01-19,DRE-001,Dresses,Gradient Boosting,82.209,51.977,112.441,23.582,False,Always On,0.0,2810.0,231007.83
2026-01-19,DRE-002,Dresses,Seasonal Naive,43.0,25.637,60.363,13.544,False,Always On,0.0,3190.0,137170.0
2026-01-19,DRE-003,Dresses,Gradient Boosting,58.414,42.794,74.035,12.184,False,Always On,0.0,2470.0,144283.76
2026-01-19,DRE-004,Dresses,Gradient Boosting,73.339,47.694,98.983,20.004,False,Always On,0.0,3120.0,228816.27
2026-01-19,DRE-005,Dresses,Gradient Boosting,78.153,54.746,101.56,18.258,False,Always On,0.0,2080.0,162558.49
2026-01-19,DRE-006,Dresses,Gradient Boosting,77.161,49.002,105.32,21.965,False,Always On,0.0,3150.0,243058.25
2026-01-19,DRE-007,Dresses,Seasonal Naive,42.0,24.135,59.865,13.935,False,Always On,0.0,3150.0,132300.0
2026-01-19,DRE-008,Dresses,Gradient Boosting,55.325,39.565,71.085,12.293,False,Always On,0.0,2920.0,161548.77
2026-01-19,DRE-009,Dresses,Gradient Boosting,59.94,38.914,80.965,16.401,False,Always On,0.0,1880.0,112686.47
2026-01-19,DRE-010,Dresses,Gradient Boosting,69.684,48.229,91.14,16.736,False,Always On,0.0,3110.0,216718.47
2026-01-19,KNI-001,Knitwear,Gradient Boosting,88.309,60.396,116.221,21.773,False,Always On,0.0,1070.0,94490.32
2026-01-19,KNI-002,Knitwear,Gradient Boosting,79.645,60.785,98.505,14.712,False,Always On,0.0,2360.0,187962.19
2026-01-19,KNI-003,Knitwear,Gradient Boosting,94.448,67.078,121.818,21.35,False,Always On,0.0,1970.0,186062.66
2026-01-19,KNI-004,Knitwear,Gradient Boosting,92.994,77.426,108.561,12.143,False,Always On,0.0,1460.0,135770.73
2026-01-19,KNI-005,Knitwear,Gradient Boosting,101.821,60.914,142.728,31.909,False,Always On,0.0,1020.0,103857.55
2026-01-19,KNI-006,Knitwear,Gradient Boosting,58.745,40.825,76.665,13.978,False,Always On,0.0,1140.0,66969.09
2026-01-19,KNI-007,Knitwear,Gradient Boosting,95.722,78.478,112.966,13.451,False,Always On,0.0,1830.0,175171.67
2026-01-19,KNI-008,Knitwear,Gradient Boosting,80.846,46.642,115.049,26.68,False,Always On,0.0,1080.0,87313.2
2026-01-19,KNI-009,Knitwear,Gradient Boosting,92.958,69.376,116.541,18.395,False,Always On,0.0,1230.0,114338.79
2026-01-19,KNI-010,Knitwear,Gradient Boosting,80.761,62.182,99.34,14.492,False,Always On,0.0,960.0,77530.14
2026-01-19,OUT-001,Outerwear,Gradient Boosting,42.691,32.109,53.273,8.254,False,Always On,0.0,1840.0,78551.57
2026-01-19,OUT-002,Outerwear,Gradient Boosting,84.333,65.83,102.835,14.433,False,Always On,0.0,3290.0,277454.8
2026-01-19,OUT-003,Outerwear,Gradient Boosting,42.947,33.227,52.668,7.582,False,Always On,0.0,2210.0,94913.38
2026-01-19,OUT-004,Outerwear,Gradient Boosting,33.46,22.371,44.548,8.65,False,Always On,0.0,3410.0,114097.23
2026-01-19,OUT-005,Outerwear,Gradient Boosting,53.763,35.581,71.946,14.183,False,Always On,0.0,1970.0,105913.26
2026-01-19,OUT-006,Outerwear,Gradient Boosting,46.092,30.418,61.766,12.226,False,Always On,0.0,3630.0,167313.61
2026-01-19,OUT-007,Outerwear,Gradient Boosting,71.285,50.921,91.648,15.884,False,Always On,0.0,4530.0,322919.49
2026-01-19,OUT-008,Outerwear,Gradient Boosting,41.593,26.531,56.655,11.749,False,Always On,0.0,3030.0,126027.65
2026-01-19,OUT-009,Outerwear,Gradient Boosting,60.692,47.088,74.296,10.611,False,Always On,0.0,2920.0,177221.49
2026-01-19,OUT-010,Outerwear,Gradient Boosting,43.782,31.438,56.126,9.629,False,Always On,0.0,4130.0,180819.81
2026-01-19,TOP-001,Tops,Gradient Boosting,72.912,58.914,86.91,10.919,False,Always On,0.0,1170.0,85306.98
2026-01-19,TOP-002,Tops,Gradient Boosting,61.303,42.754,79.851,14.468,False,Always On,0.0,1580.0,96858.14
2026-01-19,TOP-003,Tops,Gradient Boosting,67.236,50.517,83.955,13.041,False,Always On,0.0,960.0,64546.87
2026-01-19,TOP-004,Tops,Gradient Boosting,70.26,50.013,90.507,15.793,False,Always On,0.0,1490.0,104687.79
2026-01-19,TOP-005,Tops,Gradient Boosting,67.561,43.921,91.202,18.441,False,Always On,0.0,1410.0,95261.69
2026-01-19,TOP-006,Tops,Gradient Boosting,79.803,62.986,96.619,13.117,False,Always On,0.0,1870.0,149231.26
2026-01-19,TOP-007,Tops,Gradient Boosting,77.786,54.779,100.792,17.946,False,Always On,0.0,690.0,53672.15
2026-01-19,TOP-008,Tops,Gradient Boosting,61.107,37.288,84.926,18.58,False,Always On,0.0,1770.0,108159.98
2026-01-19,TOP-009,Tops,Gradient Boosting,88.375,64.501,112.249,18.623,False,Always On,0.0,980.0,86607.53
2026-01-19,TOP-010,Tops,Gradient Boosting,79.658,58.065,101.252,16.844,False,Always On,0.0,710.0,56557.33
2026-01-26,ACC-001,Accessories,Gradient Boosting,88.679,51.418,125.941,29.065,False,Always On,0.0,960.0,85132.03
2026-01-26,ACC-002,Accessories,Seasonal Naive,60.0,25.002,94.998,27.299,False,Always On,0.0,770.0,46200.0
2026-01-26,ACC-003,Accessories,Gradient Boosting,82.589,63.033,102.145,15.254,False,Always On,0.0,1430.0,118101.83
2026-01-26,ACC-004,Accessories,Gradient Boosting,82.559,59.312,105.807,18.134,False,Always On,0.0,1020.0,84210.67
2026-01-26,ACC-005,Accessories,Gradient Boosting,81.816,59.281,104.352,17.578,False,Always On,0.0,840.0,68725.78
2026-01-26,ACC-006,Accessories,Gradient Boosting,107.914,64.402,151.427,33.941,False,Always On,0.0,540.0,58273.68
2026-01-26,ACC-007,Accessories,Gradient Boosting,78.036,54.504,101.567,18.355,False,Always On,0.0,1330.0,103787.56
2026-01-26,ACC-008,Accessories,Gradient Boosting,90.665,54.251,127.079,28.404,False,Always On,0.0,860.0,77972.1
2026-01-26,ACC-009,Accessories,Gradient Boosting,93.137,67.425,118.848,20.056,False,Always On,0.0,1200.0,111763.82
2026-01-26,ACC-010,Accessories,Gradient Boosting,92.254,60.725,123.784,24.594,False,Always On,0.0,1030.0,95021.8
2026-01-26,BOT-001,Bottoms,Gradient Boosting,76.481,61.242,91.72,11.887,False,Always On,0.0,1810.0,138431.04
2026-01-26,BOT-002,Bottoms,Gradient Boosting,98.469,69.891,127.047,22.292,False,Always On,0.0,1250.0,123086.19
2026-01-26,BOT-003,Bottoms,Gradient Boosting,76.231,57.761,94.701,14.407,False,Always On,0.0,1360.0,103674.27
2026-01-26,BOT-004,Bottoms,Gradient Boosting,65.518,50.829,80.208,11.458,False,Always On,0.0,2270.0,148726.84
2026-01-26,BOT-005,Bottoms,Seasonal Naive,74.0,47.052,100.948,21.02,False,Always On,0.0,1650.0,122100.0
2026-01-26,BOT-006,Bottoms,Gradient Boosting,87.953,62.967,112.938,19.489,False,Always On,0.0,1840.0,161832.78
2026-01-26,BOT-007,Bottoms,Gradient Boosting,75.178,52.101,98.255,18.001,False,Always On,0.0,1920.0,144341.59
2026-01-26,BOT-008,Bottoms,Gradient Boosting,57.595,39.719,75.471,13.944,False,Always On,0.0,1930.0,111157.81
2026-01-26,BOT-009,Bottoms,Seasonal Naive,33.0,15.787,50.213,13.427,False,Always On,0.0,2270.0,74910.0
2026-01-26,BOT-010,Bottoms,Gradient Boosting,55.426,39.608,71.243,12.338,False,Always On,0.0,1300.0,72053.3
2026-01-26,DRE-001,Dresses,Gradient Boosting,69.952,39.719,100.184,23.582,False,Always On,0.0,2810.0,196563.85
2026-01-26,DRE-002,Dresses,Seasonal Naive,45.0,27.637,62.363,13.544,False,Always On,0.0,3190.0,143550.0
2026-01-26,DRE-003,Dresses,Gradient Boosting,57.356,41.736,72.976,12.184,False,Always On,0.0,2470.0,141669.76
2026-01-26,DRE-004,Dresses,Gradient Boosting,83.155,57.51,108.799,20.004,False,Always On,0.0,3120.0,259442.69
2026-01-26,DRE-005,Dresses,Gradient Boosting,76.117,52.71,99.523,18.258,False,Always On,0.0,2080.0,158322.42
2026-01-26,DRE-006,Dresses,Gradient Boosting,70.094,41.935,98.253,21.965,False,Always On,0.0,3150.0,220795.46
2026-01-26,DRE-007,Dresses,Seasonal Naive,41.0,23.135,58.865,13.935,False,Always On,0.0,3150.0,129150.0
2026-01-26,DRE-008,Dresses,Gradient Boosting,54.669,38.908,70.429,12.293,False,Always On,0.0,2920.0,159632.13
2026-01-26,DRE-009,Dresses,Gradient Boosting,58.955,37.929,79.98,16.401,False,Always On,0.0,1880.0,110834.51
2026-01-26,DRE-010,Dresses,Gradient Boosting,72.006,50.55,93.461,16.736,False,Always On,0.0,3110.0,223937.45
2026-01-26,KNI-001,Knitwear,Gradient Boosting,88.007,60.094,115.919,21.773,False,Always On,0.0,1070.0,94167.0
2026-01-26,KNI-002,Knitwear,Gradient Boosting,85.707,66.846,104.567,14.712,False,Always On,0.0,2360.0,202267.69
2026-01-26,KNI-003,Knitwear,Gradient Boosting,84.118,56.747,111.488,21.35,False,Always On,0.0,1970.0,165711.91
2026-01-26,KNI-004,Knitwear,Gradient Boosting,89.298,73.73,104.865,12.143,False,Always On,0.0,1460.0,130374.55
2026-01-26,KNI-005,Knitwear,Gradient Boosting,89.351,48.444,130.258,31.909,False,Always On,0.0,1020.0,91138.13
2026-01-26,KNI-006,Knitwear,Gradient Boosting,62.224,44.304,80.145,13.978,False,Always On,0.0,1140.0,70935.92
2026-01-26,KNI-007,Knitwear,Gradient Boosting,98.064,80.82,115.309,13.451,False,Always On,0.0,1830.0,179457.85
2026-01-26,KNI-008,Knitwear,Gradient Boosting,93.58,59.376,127.783,26.68,False,Always On,0.0,1080.0,101066.34
2026-01-26,KNI-009,Knitwear,Gradient Boosting,89.67,66.088,113.252,18.395,False,Always On,0.0,1230.0,110294.16
2026-01-26,KNI-010,Knitwear,Gradient Boosting,83.128,64.549,101.707,14.492,False,Always On,0.0,960.0,79803.27
2026-01-26,OUT-001,Outerwear,Gradient Boosting,41.249,30.668,51.831,8.254,False,Always On,0.0,1840.0,75898.77
2026-01-26,OUT-002,Outerwear,Gradient Boosting,73.683,55.18,92.186,14.433,False,Always On,0.0,3290.0,242417.51
2026-01-26,OUT-003,Outerwear,Gradient Boosting,40.479,30.759,50.2,7.582,False,Always On,0.0,2210.0,89459.19
2026-01-26,OUT-004,Outerwear,Gradient Boosting,35.048,23.959,46.136,8.65,False,Always On,0.0,3410.0,119512.71
2026-01-26,OUT-005,Outerwear,Gradient Boosting,51.658,33.476,69.841,14.183,False,Always On,0.0,1970.0,101766.33
2026-01-26,OUT-006,Outerwear,Gradient Boosting,44.356,28.682,60.03,12.226,False,Always On,0.0,3630.0,161013.39
2026-01-26,OUT-007,Outerwear,Gradient Boosting,61.92,41.556,82.283,15.884,False,Always On,0.0,4530.0,280496.55
2026-01-26,OUT-008,Outerwear,Gradient Boosting,37.136,22.074,52.198,11.749,False,Always On,0.0,3030.0,112522.8
2026-01-26,OUT-009,Outerwear,Gradient Boosting,58.586,44.982,72.189,10.611,False,Always On,0.0,2920.0,171070.02
2026-01-26,OUT-010,Outerwear,Gradient Boosting,44.251,31.907,56.595,9.629,False,Always On,0.0,4130.0,182756.34
2026-01-26,TOP-001,Tops,Gradient Boosting,68.427,54.429,82.425,10.919,False,Always On,0.0,1170.0,80059.81
2026-01-26,TOP-002,Tops,Gradient Boosting,56.949,38.401,75.498,14.468,False,Always On,0.0,1580.0,89979.74
2026-01-26,TOP-003,Tops,Gradient Boosting,75.983,59.264,92.702,13.041,False,Always On,0.0,960.0,72943.93
2026-01-26,TOP-004,Tops,Gradient Boosting,71.507,51.261,91.754,15.793,False,Always On,0.0,1490.0,106545.98
2026-01-26,TOP-005,Tops,Gradient Boosting,69.917,46.276,93.558,18.441,False,Always On,0.0,1410.0,98582.96
2026-01-26,TOP-006,Tops,Gradient Boosting,79.131,62.314,95.948,13.117,False,Always On,0.0,1870.0,147975.06
2026-01-26,TOP-007,Tops,Gradient Boosting,76.376,53.37,99.383,17.946,False,Always On,0.0,690.0,52699.63
2026-01-26,TOP-008,Tops,Gradient Boosting,62.991,39.172,86.81,18.58,False,Always On,0.0,1770.0,111494.67
2026-01-26,TOP-009,Tops,Gradient Boosting,86.944,63.07,110.818,18.623,False,Always On,0.0,980.0,85205.13
2026-01-26,TOP-010,Tops,Gradient Boosting,82.084,60.491,103.678,16.844,False,Always On,0.0,710.0,58279.67
2026-02-02,ACC-001,Accessories,Gradient Boosting,93.368,56.107,130.63,29.065,False,Always On,0.0,960.0,89633.46
2026-02-02,ACC-002,Accessories,Seasonal Naive,99.0,64.002,133.998,27.299,False,Always On,0.0,770.0,76230.0
2026-02-02,ACC-003,Accessories,Gradient Boosting,90.159,70.603,109.715,15.254,False,Always On,0.0,1430.0,128927.07
2026-02-02,ACC-004,Accessories,Gradient Boosting,91.847,68.599,115.094,18.134,False,Always On,0.0,1020.0,93683.75
2026-02-02,ACC-005,Accessories,Gradient Boosting,78.836,56.3,101.371,17.578,False,Always On,0.0,840.0,66222.04
2026-02-02,ACC-006,Accessories,Gradient Boosting,94.913,51.4,138.425,33.941,False,Always On,0.0,540.0,51252.83
2026-02-02,ACC-007,Accessories,Gradient Boosting,85.437,61.906,108.968,18.355,False,Always On,0.0,1330.0,113631.1
2026-02-02,ACC-008,Accessories,Gradient Boosting,108.981,72.567,145.395,28.404,False,Always On,0.0,860.0,93723.82
2026-02-02,ACC-009,Accessories,Gradient Boosting,85.528,59.817,111.24,20.056,False,Always On,0.0,1200.0,102633.71
2026-02-02,ACC-010,Accessories,Gradient Boosting,90.72,59.191,122.25,24.594,False,Always On,0.0,1030.0,93441.83
2026-02-02,BOT-001,Bottoms,Gradient Boosting,77.383,62.144,92.622,11.887,False,Always On,0.0,1810.0,140062.42
2026-02-02,BOT-002,Bottoms,Gradient Boosting,74.17,45.591,102.748,22.292,False,Always On,0.0,1250.0,92711.91
2026-02-02,BOT-003,Bottoms,Gradient Boosting,87.401,68.931,105.871,14.407,False,Always On,0.0,1360.0,118865.08
2026-02-02,BOT-004,Bottoms,Gradient Boosting,65.385,50.695,80.074,11.458,False,Always On,0.0,2270.0,148422.95
2026-02-02,BOT-005,Bottoms,Seasonal Naive,52.0,25.052,78.948,21.02,False,Always On,0.0,1650.0,85800.0
2026-02-02,BOT-006,Bottoms,Gradient Boosting,84.995,60.01,109.98,19.489,False,Always On,0.0,1840.0,156390.68
2026-02-02,BOT-007,Bottoms,Gradient Boosting,84.372,61.296,107.449,18.001,False,Always On,0.0,1920.0,161995.17
2026-02-02,BOT-008,Bottoms,Gradient Boosting,57.187,39.311,75.063,13.944,False,Always On,0.0,1930.0,110370.5
2026-02-02,BOT-009,Bottoms,Seasonal Naive,38.0,20.787,55.213,13.427,False,Always On,0.0,2270.0,86260.0
2026-02-02,BOT-010,Bottoms,Gradient Boosting,58.974,43.157,74.792,12.338,False,Always On,0.0,1300.0,76666.76
2026-02-02,DRE-001,Dresses,Gradient Boosting,73.672,43.44,103.905,23.582,False,Always On,0.0,2810.0,207019.51
2026-02-02,DRE-002,Dresses,Seasonal Naive,51.0,33.637,68.363,13.544,False,Always On,0.0,3190.0,162690.0
2026-02-02,DRE-003,Dresses,Gradient Boosting,58.763,43.142,74.383,12.184,False,Always On,0.0,2470.0,145143.8
2026-02-02,DRE-004,Dresses,Gradient Boosting,81.488,55.843,107.132,20.004,False,Always On,0.0,3120.0,254241.27
2026-02-02,DRE-005,Dresses,Gradient Boosting,66.996,43.589,90.403,18.258,False,Always On,0.0,2080.0,139351.6
2026-02-02,DRE-006,Dresses,Gradient Boosting,80.574,52.415,108.733,21.965,False,Always On,0.0,3150.0,253808.48
2026-02-02,DRE-007,Dresses,Seasonal Naive,32.0,14.135,49.865,13.935,False,Always On,0.0,3150.0,100800.0
2026-02-02,DRE-008,Dresses,Gradient Boosting,58.982,43.221,74.742,12.293,False,Always On,0.0,2920.0,172226.33
2026-02-02,DRE-009,Dresses,Gradient Boosting,62.1,41.074,83.125,16.401,False,Always On,0.0,1880.0,116747.26
2026-02-02,DRE-010,Dresses,Gradient Boosting,70.709,49.254,92.164,16.736,False,Always On,0.0,3110.0,219905.26
2026-02-02,KNI-001,Knitwear,Gradient Boosting,99.335,71.423,127.248,21.773,False,Always On,0.0,1070.0,106288.96
2026-02-02,KNI-002,Knitwear,Gradient Boosting,74.163,55.303,93.024,14.712,False,Always On,0.0,2360.0,175025.71
2026-02-02,KNI-003,Knitwear,Gradient Boosting,97.402,70.031,124.772,21.35,False,Always On,0.0,1970.0,191881.52
2026-02-02,KNI-004,Knitwear,Gradient Boosting,87.446,71.879,103.013,12.143,False,Always On,0.0,1460.0,127670.8
2026-02-02,KNI-005,Knitwear,Gradient Boosting,86.344,45.437,127.251,31.909,False,Always On,0.0,1020.0,88071.11
2026-02-02,KNI-006,Knitwear,Gradient Boosting,59.636,41.716,77.556,13.978,False,Always On,0.0,1140.0,67984.67
2026-02-02,KNI-007,Knitwear,Gradient Boosting,97.853,80.609,115.097,13.451,False,Always On,0.0,1830.0,179070.65
2026-02-02,KNI-008,Knitwear,Gradient Boosting,97.126,62.922,131.329,26.68,False,Always On,0.0,1080.0,104895.64
2026-02-02,KNI-009,Knitwear,Gradient Boosting,81.044,57.462,104.627,18.395,False,Always On,0.0,1230.0,99684.2
2026-02-02,KNI-010,Knitwear,Gradient Boosting,76.131,57.552,94.71,14.492,False,Always On,0.0,960.0,73085.87
2026-02-02,OUT-001,Outerwear,Gradient Boosting,42.976,32.394,53.558,8.254,False,Always On,0.0,1840.0,79076.16
2026-02-02,OUT-002,Outerwear,Gradient Boosting,71.509,53.006,90.012,14.433,False,Always On,0.0,3290.0,235264.78
2026-02-02,OUT-003,Outerwear,Gradient Boosting,39.967,30.247,49.687,7.582,False,Always On,0.0,2210.0,88327.21
2026-02-02,OUT-004,Outerwear,Gradient Boosting,35.454,24.365,46.543,8.65,False,Always On,0.0,3410.0,120897.73
2026-02-02,OUT-005,Outerwear,Gradient Boosting,52.12,33.937,70.302,14.183,False,Always On,0.0,1970.0,102675.45
2026-02-02,OUT-006,Outerwear,Gradient Boosting,43.688,28.014,59.362,12.226,False,Always On,0.0,3630.0,158586.92
2026-02-02,OUT-007,Outerwear,Gradient Boosting,64.354,43.991,84.718,15.884,False,Always On,0.0,4530.0,291525.4
2026-02-02,OUT-008,Outerwear,Gradient Boosting,36.919,21.857,51.981,11.749,False,Always On,0.0,3030.0,111863.95
2026-02-02,OUT-009,Outerwear,Gradient Boosting,63.267,49.663,76.871,10.611,False,Always On,0.0,2920.0,184739.97
2026-02-02,OUT-010,Outerwear,Gradient Boosting,44.186,31.842,56.53,9.629,False,Always On,0.0,4130.0,182488.65
2026-02-02,TOP-001,Tops,Gradient Boosting,68.813,54.815,82.811,10.919,False,Always On,0.0,1170.0,80511.22
2026-02-02,TOP-002,Tops,Gradient Boosting,58.96,40.412,77.508,14.468,False,Always On,0.0,1580.0,93156.68
2026-02-02,TOP-003,Tops,Gradient Boosting,67.497,50.778,84.216,13.041,False,Always On,0.0,960.0,64797.22
2026-02-02,TOP-004,Tops,Gradient Boosting,71.967,51.72,92.213,15.793,False,Always On,0.0,1490.0,107230.31
2026-02-02,TOP-005,Tops,Gradient Boosting,69.826,46.185,93.467,18.441,False,Always On,0.0,1410.0,98454.94
2026-02-02,TOP-006,Tops,Gradient Boosting,73.202,56.385,90.018,13.117,False,Always On,0.0,1870.0,136887.38
2026-02-02,TOP-007,Tops,Gradient Boosting,82.451,59.444,105.457,17.946,False,Always On,0.0,690.0,56890.93
2026-02-02,TOP-008,Tops,Gradient Boosting,63.569,39.75,87.388,18.58,False,Always On,0.0,1770.0,112517.78
2026-02-02,TOP-009,Tops,Gradient Boosting,97.177,73.303,121.051,18.623,False,Always On,0.0,980.0,95233.5
2026-02-02,TOP-010,Tops,Gradient Boosting,80.169,58.575,101.762,16.844,False,Always On,0.0,710.0,56919.65
2026-02-09,ACC-001,Accessories,Gradient Boosting,84.125,46.863,121.386,29.065,False,Always On,0.0,960.0,80759.59
2026-02-09,ACC-002,Accessories,Seasonal Naive,66.0,31.002,100.998,27.299,False,Always On,0.0,770.0,50820.0
2026-02-09,ACC-003,Accessories,Gradient Boosting,83.512,63.956,103.068,15.254,False,Always On,0.0,1430.0,119422.02
2026-02-09,ACC-004,Accessories,Gradient Boosting,90.119,66.872,113.367,18.134,False,Always On,0.0,1020.0,91921.75
2026-02-09,ACC-005,Accessories,Gradient Boosting,72.641,50.105,95.176,17.578,False,Always On,0.0,840.0,61018.12
2026-02-09,ACC-006,Accessories,Gradient Boosting,100.575,57.062,144.087,33.941,False,Always On,0.0,540.0,54310.49
2026-02-09,ACC-007,Accessories,Gradient Boosting,85.094,61.563,108.625,18.355,False,Always On,0.0,1330.0,113175.01
2026-02-09,ACC-008,Accessories,Gradient Boosting,103.739,67.325,140.153,28.404,False,Always On,0.0,860.0,89215.57
2026-02-09,ACC-009,Accessories,Gradient Boosting,99.957,74.245,125.668,20.056,False,Always On,0.0,1200.0,119948.05
2026-02-09,ACC-010,Accessories,Gradient Boosting,99.711,68.181,131.24,24.594,False,Always On,0.0,1030.0,102701.94
2026-02-09,BOT-001,Bottoms,Gradient Boosting,79.514,64.275,94.753,11.887,False,Always On,0.0,1810.0,143920.14
2026-02-09,BOT-002,Bottoms,Gradient Boosting,80.994,52.416,109.572,22.292,False,Always On,0.0,1250.0,101242.77
2026-02-09,BOT-003,Bottoms,Gradient Boosting,82.261,63.792,100.731,14.407,False,Always On,0.0,1360.0,111875.6
2026-02-09,BOT-004,Bottoms,Gradient Boosting,64.841,50.152,79.53,11.458,False,Always On,0.0,2270.0,147189.63
2026-02-09,BOT-005,Bottoms,Seasonal Naive,75.0,48.052,101.948,21.02,False,Always On,0.0,1650.0,123750.0
2026-02-09,BOT-006,Bottoms,Gradient Boosting,88.983,63.998,113.968,19.489,False,Always On,0.0,1840.0,163728.13
2026-02-09,BOT-007,Bottoms,Gradient Boosting,81.101,58.025,104.178,18.001,False,Always On,0.0,1920.0,155714.82
2026-02-09,BOT-008,Bottoms,Gradient Boosting,60.081,42.205,77.957,13.944,False,Always On,0.0,1930.0,115955.84
2026-02-09,BOT-009,Bottoms,Seasonal Naive,56.0,38.787,73.213,13.427,False,Always On,0.0,2270.0,127120.0
2026-02-09,BOT-010,Bottoms,Gradient Boosting,61.848,46.03,77.665,12.338,False,Always On,0.0,1300.0,80402.03
2026-02-09,DRE-001,Dresses,Gradient Boosting,75.467,45.235,105.699,23.582,False,Always On,0.0,2810.0,212063.24
2026-02-09,DRE-002,Dresses,Seasonal Naive,47.0,29.637,64.363,13.544,False,Always On,0.0,3190.0,149930.0
2026-02-09,DRE-003,Dresses,Gradient Boosting,62.653,47.032,78.273,12.184,False,Always On,0.0,2470.0,154752.11
2026-02-09,DRE-004,Dresses,Gradient Boosting,78.427,52.782,104.072,20.004,False,Always On,0.0,3120.0,244692.15
2026-02-09,DRE-005,Dresses,Gradient Boosting,76.456,53.049,99.863,18.258,False,Always On,0.0,2080.0,159028.34
2026-02-09,DRE-006,Dresses,Gradient Boosting,72.417,44.258,100.576,21.965,False,Always On,0.0,3150.0,228114.91
2026-02-09,DRE-007,Dresses,Seasonal Naive,42.0,24.135,59.865,13.935,False,Always On,0.0,3150.0,132300.0
2026-02-09,DRE-008,Dresses,Gradient Boosting,58.277,42.517,74.037,12.293,False,Always On,0.0,2920.0,170169.38
2026-02-09,DRE-009,Dresses,Gradient Boosting,68.623,47.597,89.649,16.401,False,Always On,0.0,1880.0,129010.75
2026-02-09,DRE-010,Dresses,Gradient Boosting,89.175,67.72,110.63,16.736,False,Always On,0.0,3110.0,277334.16
2026-02-09,KNI-001,Knitwear,Gradient Boosting,98.357,70.445,126.27,21.773,False,Always On,0.0,1070.0,105242.07
2026-02-09,KNI-002,Knitwear,Gradient Boosting,81.691,62.83,100.551,14.712,False,Always On,0.0,2360.0,192790.01
2026-02-09,KNI-003,Knitwear,Gradient Boosting,90.894,63.524,118.265,21.35,False,Always On,0.0,1970.0,179061.91
2026-02-09,KNI-004,Knitwear,Gradient Boosting,99.377,83.81,114.944,12.143,False,Always On,0.0,1460.0,145090.46
2026-02-09,KNI-005,Knitwear,Gradient Boosting,91.975,51.068,132.882,31.909,False,Always On,0.0,1020.0,93814.72
2026-02-09,KNI-006,Knitwear,Gradient Boosting,59.362,41.442,77.282,13.978,False,Always On,0.0,1140.0,67672.79
2026-02-09,KNI-007,Knitwear,Gradient Boosting,100.179,82.935,117.423,13.451,False,Always On,0.0,1830.0,183327.38
2026-02-09,KNI-008,Knitwear,Gradient Boosting,98.885,64.681,133.088,26.68,False,Always On,0.0,1080.0,106795.6
2026-02-09,KNI-009,Knitwear,Gradient Boosting,87.137,63.554,110.719,18.395,False,Always On,0.0,1230.0,107178.06
2026-02-09,KNI-010,Knitwear,Gradient Boosting,81.235,62.656,99.814,14.492,False,Always On,0.0,960.0,77985.93
2026-02-09,OUT-001,Outerwear,Gradient Boosting,43.817,33.235,54.398,8.254,False,Always On,0.0,1840.0,80622.53
2026-02-09,OUT-002,Outerwear,Gradient Boosting,73.382,54.879,91.885,14.433,False,Always On,0.0,3290.0,241426.84
2026-02-09,OUT-003,Outerwear,Gradient Boosting,36.665,26.945,46.385,7.582,False,Always On,0.0,2210.0,81029.89
2026-02-09,OUT-004,Outerwear,Gradient Boosting,33.164,22.076,44.253,8.65,False,Always On,0.0,3410.0,113090.05
2026-02-09,OUT-005,Outerwear,Gradient Boosting,49.094,30.911,67.276,14.183,False,Always On,0.0,1970.0,96714.26
2026-02-09,OUT-006,Outerwear,Gradient Boosting,44.12,28.447,59.794,12.226,False,Always On,0.0,3630.0,160157.16
2026-02-09,OUT-007,Outerwear,Gradient Boosting,64.235,43.872,84.599,15.884,False,Always On,0.0,4530.0,290986.24
2026-02-09,OUT-008,Outerwear,Gradient Boosting,38.685,23.623,53.747,11.749,False,Always On,0.0,3030.0,117215.12
2026-02-09,OUT-009,Outerwear,Gradient Boosting,57.501,43.897,71.104,10.611,False,Always On,0.0,2920.0,167901.61
2026-02-09,OUT-010,Outerwear,Gradient Boosting,41.258,28.914,53.602,9.629,False,Always On,0.0,4130.0,170394.83
2026-02-09,TOP-001,Tops,Gradient Boosting,73.258,59.26,87.256,10.919,False,Always On,0.0,1170.0,85712.06
2026-02-09,TOP-002,Tops,Gradient Boosting,58.624,40.076,77.173,14.468,False,Always On,0.0,1580.0,92626.56
2026-02-09,TOP-003,Tops,Gradient Boosting,68.906,52.187,85.625,13.041,False,Always On,0.0,960.0,66150.16
2026-02-09,TOP-004,Tops,Gradient Boosting,74.987,54.74,95.234,15.793,False,Always On,0.0,1490.0,111730.87
2026-02-09,TOP-005,Tops,Gradient Boosting,76.624,52.983,100.265,18.441,False,Always On,0.0,1410.0,108039.85
2026-02-09,TOP-006,Tops,Gradient Boosting,77.163,60.346,93.98,13.117,False,Always On,0.0,1870.0,144294.96
2026-02-09,TOP-007,Tops,Gradient Boosting,83.723,60.716,106.73,17.946,False,Always On,0.0,690.0,57769.01
2026-02-09,TOP-008,Tops,Gradient Boosting,69.562,45.743,93.381,18.58,False,Always On,0.0,1770.0,123124.3
2026-02-09,TOP-009,Tops,Gradient Boosting,90.993,67.119,114.867,18.623,False,Always On,0.0,980.0,89172.89
2026-02-09,TOP-010,Tops,Gradient Boosting,91.899,70.305,113.492,16.844,False,Always On,0.0,710.0,65247.95
2026-02-16,ACC-001,Accessories,Gradient Boosting,87.842,50.581,125.104,29.065,False,Always On,0.0,960.0,84328.79
2026-02-16,ACC-002,Accessories,Seasonal Naive,69.0,34.002,103.998,27.299,False,Always On,0.0,770.0,53130.0
2026-02-16,ACC-003,Accessories,Gradient Boosting,80.802,61.247,100.358,15.254,False,Always On,0.0,1430.0,115547.55
2026-02-16,ACC-004,Accessories,Gradient Boosting,80.634,57.386,103.881,18.134,False,Always On,0.0,1020.0,82246.39
2026-02-16,ACC-005,Accessories,Gradient Boosting,74.301,51.766,96.837,17.578,False,Always On,0.0,840.0,62413.13
2026-02-16,ACC-006,Accessories,Gradient Boosting,96.452,52.94,139.965,33.941,False,Always On,0.0,540.0,52084.22
2026-02-16,ACC-007,Accessories,Gradient Boosting,91.45,67.919,114.982,18.355,False,Always On,0.0,1330.0,121628.73
2026-02-16,ACC-008,Accessories,Gradient Boosting,87.848,51.434,124.262,28.404,False,Always On,0.0,860.0,75549.23
2026-02-16,ACC-009,Accessories,Gradient Boosting,86.623,60.912,112.335,20.056,False,Always On,0.0,1200.0,103948.19
2026-02-16,ACC-010,Accessories,Gradient Boosting,82.709,51.179,114.238,24.594,False,Always On,0.0,1030.0,85189.85
2026-02-16,BOT-001,Bottoms,Gradient Boosting,77.675,62.436,92.914,11.887,False,Always On,0.0,1810.0,140590.97
2026-02-16,BOT-002,Bottoms,Gradient Boosting,80.034,51.456,108.612,22.292,False,Always On,0.0,1250.0,100042.44
2026-02-16,BOT-003,Bottoms,Gradient Boosting,75.657,57.187,94.127,14.407,False,Always On,0.0,1360.0,102893.83
2026-02-16,BOT-004,Bottoms,Gradient Boosting,61.129,46.44,75.818,11.458,False,Always On,0.0,2270.0,138763.41
2026-02-16,BOT-005,Bottoms,Seasonal Naive,73.0,46.052,99.948,21.02,False,Always On,0.0,1650.0,120450.0
2026-02-16,BOT-006,Bottoms,Gradient Boosting,83.313,58.328,108.298,19.489,False,Always On,0.0,1840.0,153295.32
2026-02-16,BOT-007,Bottoms,Gradient Boosting,72.814,49.738,95.891,18.001,False,Always On,0.0,1920.0,139803.65
2026-02-16,BOT-008,Bottoms,Gradient Boosting,59.924,42.048,77.8,13.944,False,Always On,0.0,1930.0,115653.27
2026-02-16,BOT-009,Bottoms,Seasonal Naive,54.0,36.787,71.213,13.427,False,Always On,0.0,2270.0,122580.0
2026-02-16,BOT-010,Bottoms,Gradient Boosting,58.565,42.748,74.383,12.338,False,Always On,0.0,1300.0,76135.08
2026-02-16,DRE-001,Dresses,Gradient Boosting,73.356,43.124,103.588,23.582,False,Always On,0.0,2810.0,206130.94
2026-02-16,DRE-002,Dresses,Seasonal Naive,60.0,42.637,77.363,13.544,False,Always On,0.0,3190.0,191400.0
2026-02-16,DRE-003,Dresses,Gradient Boosting,63.007,47.387,78.628,12.184,False,Always On,0.0,2470.0,155628.39
2026-02-16,DRE-004,Dresses,Gradient Boosting,75.278,49.633,100.922,20.004,False,Always On,0.0,3120.0,234866.45
2026-02-16,DRE-005,Dresses,Gradient Boosting,66.823,43.416,90.23,18.258,False,Always On,0.0,2080.0,138991.5
2026-02-16,DRE-006,Dresses,Gradient Boosting,69.507,41.348,97.666,21.965,False,Always On,0.0,3150.0,218948.4
2026-02-16,DRE-007,Dresses,Seasonal Naive,43.0,25.135,60.865,13.935,False,Always On,0.0,3150.0,135450.0
2026-02-16,DRE-008,Dresses,Gradient Boosting,54.016,38.255,69.776,12.293,False,Always On,0.0,2920.0,157725.44
2026-02-16,DRE-009,Dresses,Gradient Boosting,60.126,39.1,81.152,16.401,False,Always On,0.0,1880.0,113037.12
2026-02-16,DRE-010,Dresses,Gradient Boosting,64.405,42.95,85.861,16.736,False,Always On,0.0,3110.0,200300.86
2026-02-16,KNI-001,Knitwear,Gradient Boosting,98.744,70.832,126.657,21.773,False,Always On,0.0,1070.0,105656.39
2026-02-16,KNI-002,Knitwear,Gradient Boosting,72.148,53.288,91.009,14.712,False,Always On,0.0,2360.0,170270.19
2026-02-16,KNI-003,Knitwear,Gradient Boosting,85.164,57.793,112.534,21.35,False,Always On,0.0,1970.0,167772.92
2026-02-16,KNI-004,Knitwear,Gradient Boosting,79.247,63.68,94.814,12.143,False,Always On,0.0,1460.0,115700.89
2026-02-16,KNI-005,Knitwear,Gradient Boosting,91.045,50.138,131.952,31.909,False,Always On,0.0,1020.0,92866.33
2026-02-16,KNI-006,Knitwear,Gradient Boosting,54.246,36.326,72.166,13.978,False,Always On,0.0,1140.0,61840.86
2026-02-16,KNI-007,Knitwear,Gradient Boosting,96.798,79.554,114.042,13.451,False,Always On,0.0,1830.0,177140.64
2026-02-16,KNI-008,Knitwear,Gradient Boosting,84.479,50.275,118.682,26.68,False,Always On,0.0,1080.0,91237.06
2026-02-16,KNI-009,Knitwear,Gradient Boosting,80.057,56.475,103.64,18.395,False,Always On,0.0,1230.0,98470.52
2026-02-16,KNI-010,Knitwear,Gradient Boosting,69.525,50.946,88.104,14.492,False,Always On,0.0,960.0,66744.34
2026-02-16,OUT-001,Outerwear,Gradient Boosting,39.742,29.16,50.324,8.254,False,Always On,0.0,1840.0,73125.57
2026-02-16,OUT-002,Outerwear,Gradient Boosting,68.876,50.373,87.378,14.433,False,Always On,0.0,3290.0,226600.52
2026-02-16,OUT-003,Outerwear,Gradient Boosting,42.698,32.978,52.419,7.582,False,Always On,0.0,2210.0,94363.4
2026-02-16,OUT-004,Outerwear,Gradient Boosting,32.969,21.88,44.057,8.65,False,Always On,0.0,3410.0,112423.49
2026-02-16,OUT-005,Outerwear,Gradient Boosting,45.893,27.71,64.075,14.183,False,Always On,0.0,1970.0,90408.74
2026-02-16,OUT-006,Outerwear,Gradient Boosting,39.911,24.237,55.585,12.226,False,Always On,0.0,3630.0,144876.89
2026-02-16,OUT-007,Outerwear,Gradient Boosting,57.388,37.025,77.752,15.884,False,Always On,0.0,4530.0,259968.93
2026-02-16,OUT-008,Outerwear,Gradient Boosting,38.94,23.878,54.002,11.749,False,Always On,0.0,3030.0,117986.94
2026-02-16,OUT-009,Outerwear,Gradient Boosting,54.734,41.13,68.338,10.611,False,Always On,0.0,2920.0,159823.84
2026-02-16,OUT-010,Outerwear,Gradient Boosting,43.125,30.781,55.469,9.629,False,Always On,0.0,4130.0,178106.43
2026-02-16,TOP-001,Tops,Gradient Boosting,71.833,57.835,85.832,10.919,False,Always On,0.0,1170.0,84045.19
2026-02-16,TOP-002,Tops,Gradient Boosting,59.381,40.833,77.929,14.468,False,Always On,0.0,1580.0,93821.74
2026-02-16,TOP-003,Tops,Gradient Boosting,69.868,53.149,86.587,13.041,False,Always On,0.0,960.0,67072.87
2026-02-16,TOP-004,Tops,Gradient Boosting,72.574,52.327,92.821,15.793,False,Always On,0.0,1490.0,108135.43
2026-02-16,TOP-005,Tops,Gradient Boosting,70.536,46.895,94.176,18.441,False,Always On,0.0,1410.0,99455.13
2026-02-16,TOP-006,Tops,Gradient Boosting,77.43,60.614,94.247,13.117,False,Always On,0.0,1870.0,144794.77
2026-02-16,TOP-007,Tops,Gradient Boosting,80.082,57.075,103.088,17.946,False,Always On,0.0,690.0,55256.29
2026-02-16,TOP-008,Tops,Gradient Boosting,66.198,42.379,90.017,18.58,False,Always On,0.0,1770.0,117170.39
2026-02-16,TOP-009,Tops,Gradient Boosting,95.6,71.726,119.474,18.623,False,Always On,0.0,980.0,93687.96
2026-02-16,TOP-010,Tops,Gradient Boosting,81.466,59.872,103.059,16.844,False,Always On,0.0,710.0,57840.53
2026-02-23,ACC-001,Accessories,Gradient Boosting,88.189,50.928,125.451,29.065,False,Always On,0.0,960.0,84661.61
2026-02-23,ACC-002,Accessories,Seasonal Naive,61.0,26.002,95.998,27.299,False,Always On,0.0,770.0,46970.0
2026-02-23,ACC-003,Accessories,Gradient Boosting,80.123,60.568,99.679,15.254,False,Always On,0.0,1430.0,114576.48
2026-02-23,ACC-004,Accessories,Gradient Boosting,84.079,60.832,107.327,18.134,False,Always On,0.0,1020.0,85760.9
2026-02-23,ACC-005,Accessories,Gradient Boosting,70.477,47.942,93.013,17.578,False,Always On,0.0,840.0,59200.76
2026-02-23,ACC-006,Accessories,Gradient Boosting,92.938,49.425,136.45,33.941,False,Always On,0.0,540.0,50186.38
2026-02-23,ACC-007,Accessories,Gradient Boosting,82.565,59.033,106.096,18.355,False,Always On,0.0,1330.0,109811.02
2026-02-23,ACC-008,Accessories,Gradient Boosting,90.255,53.841,126.669,28.404,False,Always On,0.0,860.0,77619.22
2026-02-23,ACC-009,Accessories,Gradient Boosting,78.599,52.887,104.31,20.056,False,Always On,0.0,1200.0,94318.22
2026-02-23,ACC-010,Accessories,Gradient Boosting,89.35,57.821,120.879,24.594,False,Always On,0.0,1030.0,92030.56
2026-02-23,BOT-001,Bottoms,Gradient Boosting,67.873,52.634,83.112,11.887,False,Always On,0.0,1810.0,122850.32
2026-02-23,BOT-002,Bottoms,Gradient Boosting,76.004,47.426,104.582,22.292,False,Always On,0.0,1250.0,95005.16
2026-02-23,BOT-003,Bottoms,Gradient Boosting,73.656,55.186,92.126,14.407,False,Always On,0.0,1360.0,100172.43
2026-02-23,BOT-004,Bottoms,Gradient Boosting,64.772,50.083,79.461,11.458,False,Always On,0.0,2270.0,147032.24
2026-02-23,BOT-005,Bottoms,Seasonal Naive,64.0,37.052,90.948,21.02,False,Always On,0.0,1650.0,105600.0
2026-02-23,BOT-006,Bottoms,Gradient Boosting,76.277,51.292,101.262,19.489,False,Always On,0.0,1840.0,140350.27
2026-02-23,BOT-007,Bottoms,Gradient Boosting,71.876,48.799,94.953,18.001,False,Always On,0.0,1920.0,138002.23
2026-02-23,BOT-008,Bottoms,Gradient Boosting,61.728,43.852,79.604,13.944,False,Always On,0.0,1930.0,119135.0
2026-02-23,BOT-009,Bottoms,Seasonal Naive,53.0,35.787,70.213,13.427,False,Always On,0.0,2270.0,120310.0
2026-02-23,BOT-010,Bottoms,Gradient Boosting,58.467,42.649,74.284,12.338,False,Always On,0.0,1300.0,76006.66
2026-02-23,DRE-001,Dresses,Gradient Boosting,65.938,35.706,96.17,23.582,False,Always On,0.0,2810.0,185286.81
2026-02-23,DRE-002,Dresses,Seasonal Naive,73.0,55.637,90.363,13.544,False,Always On,0.0,3190.0,232870.0
2026-02-23,DRE-003,Dresses,Gradient Boosting,64.85,49.23,80.471,12.184,False,Always On,0.0,2470.0,160180.44
2026-02-23,DRE-004,Dresses,Gradient Boosting,76.068,50.423,101.713,20.004,False,Always On,0.0,3120.0,237332.16
2026-02-23,DRE-005,Dresses,Gradient Boosting,67.421,44.014,90.828,18.258,False,Always On,0.0,2080.0,140236.12
2026-02-23,DRE-006,Dresses,Gradient Boosting,65.781,37.622,93.94,21.965,False,Always On,0.0,3150.0,207211.6
2026-02-23,DRE-007,Dresses,Seasonal Naive,28.0,10.135,45.865,13.935,False,Always On,0.0,3150.0,88200.0
2026-02-23,DRE-008,Dresses,Gradient Boosting,58.939,43.179,74.699,12.293,False,Always On,0.0,2920.0,172101.75
2026-02-23,DRE-009,Dresses,Gradient Boosting,61.313,40.287,82.339,16.401,False,Always On,0.0,1880.0,115267.96
2026-02-23,DRE-010,Dresses,Gradient Boosting,67.857,46.401,89.312,16.736,False,Always On,0.0,3110.0,211034.18
2026-02-23,KNI-001,Knitwear,Gradient Boosting,92.688,64.775,120.6,21.773,False,Always On,0.0,1070.0,99175.87
2026-02-23,KNI-002,Knitwear,Gradient Boosting,68.709,49.848,87.569,14.712,False,Always On,0.0,2360.0,162152.14
2026-02-23,KNI-003,Knitwear,Gradient Boosting,81.393,54.023,108.763,21.35,False,Always On,0.0,1970.0,160344.18
2026-02-23,KNI-004,Knitwear,Gradient Boosting,78.352,62.785,93.919,12.143,False,Always On,0.0,1460.0,114393.75
2026-02-23,KNI-005,Knitwear,Gradient Boosting,81.638,40.731,122.545,31.909,False,Always On,0.0,1020.0,83270.73
2026-02-23,KNI-006,Knitwear,Gradient Boosting,56.147,38.226,74.067,13.978,False,Always On,0.0,1140.0,64007.11
2026-02-23,KNI-007,Knitwear,Gradient Boosting,86.204,68.96,103.448,13.451,False,Always On,0.0,1830.0,157752.9
2026-02-23,KNI-008,Knitwear,Gradient Boosting,82.512,48.309,116.716,26.68,False,Always On,0.0,1080.0,89113.1
2026-02-23,KNI-009,Knitwear,Gradient Boosting,75.392,51.809,98.974,18.395,False,Always On,0.0,1230.0,92731.91
2026-02-23,KNI-010,Knitwear,Gradient Boosting,66.7,48.121,85.279,14.492,False,Always On,0.0,960.0,64032.37
2026-02-23,OUT-001,Outerwear,Gradient Boosting,37.607,27.026,48.189,8.254,False,Always On,0.0,1840.0,69197.42
2026-02-23,OUT-002,Outerwear,Gradient Boosting,66.186,47.683,84.688,14.433,False,Always On,0.0,3290.0,217751.0
2026-02-23,OUT-003,Outerwear,Gradient Boosting,36.765,27.044,46.485,7.582,False,Always On,0.0,2210.0,81250.07
2026-02-23,OUT-004,Outerwear,Gradient Boosting,33.942,22.853,45.031,8.65,False,Always On,0.0,3410.0,115741.85
2026-02-23,OUT-005,Outerwear,Gradient Boosting,43.531,25.349,61.714,14.183,False,Always On,0.0,1970.0,85756.36
2026-02-23,OUT-006,Outerwear,Gradient Boosting,37.875,22.201,53.549,12.226,False,Always On,0.0,3630.0,137487.47
2026-02-23,OUT-007,Outerwear,Gradient Boosting,58.192,37.829,78.556,15.884,False,Always On,0.0,4530.0,263611.01
2026-02-23,OUT-008,Outerwear,Gradient Boosting,32.706,17.644,47.768,11.749,False,Always On,0.0,3030.0,99099.35
2026-02-23,OUT-009,Outerwear,Gradient Boosting,55.138,41.534,68.742,10.611,False,Always On,0.0,2920.0,161003.84
2026-02-23,OUT-010,Outerwear,Gradient Boosting,42.444,30.1,54.788,9.629,False,Always On,0.0,4130.0,175293.91
2026-02-23,TOP-001,Tops,Gradient Boosting,61.456,47.458,75.454,10.919,False,Always On,0.0,1170.0,71903.73
2026-02-23,TOP-002,Tops,Gradient Boosting,61.219,42.67,79.767,14.468,False,Always On,0.0,1580.0,96725.59
2026-02-23,TOP-003,Tops,Gradient Boosting,66.805,50.086,83.524,13.041,False,Always On,0.0,960.0,64132.99
2026-02-23,TOP-004,Tops,Gradient Boosting,72.158,51.911,92.405,15.793,False,Always On,0.0,1490.0,107515.08
2026-02-23,TOP-005,Tops,Gradient Boosting,70.628,46.988,94.269,18.441,False,Always On,0.0,1410.0,99586.03
2026-02-23,TOP-006,Tops,Gradient Boosting,81.411,64.594,98.228,13.117,False,Always On,0.0,1870.0,152238.75
2026-02-23,TOP-007,Tops,Gradient Boosting,88.149,65.142,111.155,17.946,False,Always On,0.0,690.0,60822.63
2026-02-23,TOP-008,Tops,Gradient Boosting,70.348,46.529,94.167,18.58,False,Always On,0.0,1770.0,124516.42
2026-02-23,TOP-009,Tops,Gradient Boosting,95.669,71.795,119.543,18.623,False,Always On,0.0,980.0,93755.4
2026-02-23,TOP-010,Tops,Gradient Boosting,83.41,61.817,105.004,16.844,False,Always On,0.0,710.0,59221.45
2026-03-02,ACC-001,Accessories,Gradient Boosting,103.023,65.762,140.285,29.065,True,Spring Launch,0.12,844.8,87034.02
2026-03-02,ACC-002,Accessories,Seasonal Naive,78.0,43.002,112.998,27.299,True,Spring Launch,0.12,677.6,52852.8
2026-03-02,ACC-003,Accessories,Gradient Boosting,92.64,73.084,112.196,15.254,True,Spring Launch,0.12,1258.4,116578.19
2026-03-02,ACC-004,Accessories,Gradient Boosting,94.769,71.521,118.016,18.134,True,Spring Launch,0.12,897.6,85064.42
2026-03-02,ACC-005,Accessories,Gradient Boosting,92.868,70.333,115.404,17.578,True,Spring Launch,0.12,739.2,68648.29
2026-03-02,ACC-006,Accessories,Gradient Boosting,166.633,123.121,210.146,33.941,True,Spring Launch,0.12,475.2,79184.17
2026-03-02,ACC-007,Accessories,Gradient Boosting,94.505,70.973,118.036,18.355,True,Spring Launch,0.12,1170.4,110608.43
2026-03-02,ACC-008,Accessories,Gradient Boosting,110.28,73.866,146.694,28.404,True,Spring Launch,0.12,756.8,83460.02
2026-03-02,ACC-009,Accessories,Gradient Boosting,95.19,69.479,120.902,20.056,True,Spring Launch,0.12,1056.0,100520.75
2026-03-02,ACC-010,Accessories,Gradient Boosting,94.988,63.458,126.517,24.594,True,Spring Launch,0.12,906.4,86096.81
2026-03-02,BOT-001,Bottoms,Gradient Boosting,92.949,77.71,108.188,11.887,True,Spring Launch,0.12,1592.8,148049.89
2026-03-02,BOT-002,Bottoms,Gradient Boosting,101.081,72.503,129.659,22.292,True,Spring Launch,0.12,1100.0,111189.04
2026-03-02,BOT-003,Bottoms,Gradient Boosting,97.057,78.587,115.527,14.407,True,Spring Launch,0.12,1196.8,116157.65
2026-03-02,BOT-004,Bottoms,Gradient Boosting,78.7,64.011,93.389,11.458,True,Spring Launch,0.12,1997.6,157211.53
2026-03-02,BOT-005,Bottoms,Seasonal Naive,88.0,61.052,114.948,21.02,True,Spring Launch,0.12,1452.0,127776.0
2026-03-02,BOT-006,Bottoms,Gradient Boosting,87.536,62.551,112.522,19.489,True,Spring Launch,0.12,1619.2,141739.02
2026-03-02,BOT-007,Bottoms,Gradient Boosting,91.677,68.6,114.753,18.001,True,Spring Launch,0.12,1689.6,154896.69
2026-03-02,BOT-008,Bottoms,Gradient Boosting,75.891,58.015,93.767,13.944,True,Spring Launch,0.12,1698.4,128894.0
2026-03-02,BOT-009,Bottoms,Seasonal Naive,41.0,23.787,58.213,13.427,True,Spring Launch,0.12,1997.6,81901.6
2026-03-02,BOT-010,Bottoms,Gradient Boosting,68.521,52.704,84.339,12.338,True,Spring Launch,0.12,1144.0,78388.41
2026-03-02,DRE-001,Dresses,Gradient Boosting,89.924,59.692,120.157,23.582,True,Spring Launch,0.12,2472.8,222365.12
2026-03-02,DRE-002,Dresses,Seasonal Naive,65.0,47.637,82.363,13.544,True,Spring Launch,0.12,2807.2,182468.0
2026-03-02,DRE-003,Dresses,Gradient Boosting,70.29,54.67,85.911,12.184,True,Spring Launch,0.12,2173.6,152783.18
2026-03-02,DRE-004,Dresses,Gradient Boosting,93.392,67.747,119.037,20.004,True,Spring Launch,0.12,2745.6,256416.63
2026-03-02,DRE-005,Dresses,Gradient Boosting,86.937,63.53,110.344,18.258,True,Spring Launch,0.12,1830.4,159129.64
2026-03-02,DRE-006,Dresses,Gradient Boosting,93.876,65.717,122.035,21.965,True,Spring Launch,0.12,2772.0,260224.9
2026-03-02,DRE-007,Dresses,Seasonal Naive,51.0,33.135,68.865,13.935,True,Spring Launch,0.12,2772.0,141372.0
2026-03-02,DRE-008,Dresses,Gradient Boosting,67.337,51.577,83.097,12.293,True,Spring Launch,0.12,2569.6,173029.15
2026-03-02,DRE-009,Dresses,Gradient Boosting,72.96,51.934,93.986,16.401,True,Spring Launch,0.12,1654.4,120704.7
2026-03-02,DRE-010,Dresses,Gradient Boosting,89.596,68.141,111.052,16.736,True,Spring Launch,0.12,2736.8,245207.69
2026-03-02,KNI-001,Knitwear,Gradient Boosting,99.722,71.809,127.634,21.773,True,Spring Launch,0.12,941.6,93897.77
2026-03-02,KNI-002,Knitwear,Gradient Boosting,88.88,70.02,107.74,14.712,True,Spring Launch,0.12,2076.8,184586.41
2026-03-02,KNI-003,Knitwear,Gradient Boosting,102.217,74.847,129.588,21.35,True,Spring Launch,0.12,1733.6,177203.73
2026-03-02,KNI-004,Knitwear,Gradient Boosting,90.161,74.594,105.728,12.143,True,Spring Launch,0.12,1284.8,115838.96
2026-03-02,KNI-005,Knitwear,Gradient Boosting,93.157,52.25,134.064,31.909,True,Spring Launch,0.12,897.6,83617.83
2026-03-02,KNI-006,Knitwear,Gradient Boosting,72.048,54.128,89.968,13.978,True,Spring Launch,0.12,1003.2,72278.41
2026-03-02,KNI-007,Knitwear,Gradient Boosting,102.433,85.189,119.677,13.451,True,Spring Launch,0.12,1610.4,164957.96
2026-03-02,KNI-008,Knitwear,Gradient Boosting,93.476,59.273,127.68,26.68,True,Spring Launch,0.12,950.4,88839.66
2026-03-02,KNI-009,Knitwear,Gradient Boosting,95.985,72.403,119.568,18.395,True,Spring Launch,0.12,1082.4,103894.32
2026-03-02,KNI-010,Knitwear,Gradient Boosting,93.318,74.739,111.897,14.492,True,Spring Launch,0.12,844.8,78835.06
2026-03-02,OUT-001,Outerwear,Gradient Boosting,39.956,29.375,50.538,8.254,True,Spring Launch,0.12,1619.2,64697.44
2026-03-02,OUT-002,Outerwear,Gradient Boosting,90.018,71.515,108.521,14.433,True,Spring Launch,0.12,2895.2,260620.1
2026-03-02,OUT-003,Outerwear,Gradient Boosting,42.844,33.123,52.564,7.582,True,Spring Launch,0.12,1944.8,83322.42
2026-03-02,OUT-004,Outerwear,Gradient Boosting,36.718,25.63,47.807,8.65,True,Spring Launch,0.12,3000.8,110184.48
2026-03-02,OUT-005,Outerwear,Gradient Boosting,48.026,29.844,66.209,14.183,True,Spring Launch,0.12,1733.6,83258.36
2026-03-02,OUT-006,Outerwear,Gradient Boosting,39.468,23.794,55.142,12.226,True,Spring Launch,0.12,3194.4,126075.96
2026-03-02,OUT-007,Outerwear,Gradient Boosting,72.715,52.351,93.078,15.884,True,Spring Launch,0.12,3986.4,289870.13
2026-03-02,OUT-008,Outerwear,Gradient Boosting,42.578,27.516,57.64,11.749,True,Spring Launch,0.12,2666.4,113531.23
2026-03-02,OUT-009,Outerwear,Gradient Boosting,63.547,49.943,77.151,10.611,True,Spring Launch,0.12,2569.6,163289.64
2026-03-02,OUT-010,Outerwear,Gradient Boosting,45.124,32.78,57.468,9.629,True,Spring Launch,0.12,3634.4,163999.69
2026-03-02,TOP-001,Tops,Gradient Boosting,84.177,70.179,98.175,10.919,True,Spring Launch,0.12,1029.6,86668.99
2026-03-02,TOP-002,Tops,Gradient Boosting,74.755,56.207,93.304,14.468,True,Spring Launch,0.12,1390.4,103939.72
2026-03-02,TOP-003,Tops,Gradient Boosting,82.995,66.276,99.714,13.041,True,Spring Launch,0.12,844.8,70114.01
2026-03-02,TOP-004,Tops,Gradient Boosting,91.675,71.429,111.922,15.793,True,Spring Launch,0.12,1311.2,120204.74
2026-03-02,TOP-005,Tops,Gradient Boosting,90.441,66.8,114.082,18.441,True,Spring Launch,0.12,1240.8,112218.86
2026-03-02,TOP-006,Tops,Gradient Boosting,91.474,74.657,108.291,13.117,True,Spring Launch,0.12,1645.6,150529.68
2026-03-02,TOP-007,Tops,Gradient Boosting,112.995,89.988,136.002,17.946,True,Spring Launch,0.12,607.2,68610.51
2026-03-02,TOP-008,Tops,Gradient Boosting,83.673,59.854,107.492,18.58,True,Spring Launch,0.12,1557.6,130328.9
2026-03-02,TOP-009,Tops,Gradient Boosting,114.818,90.944,138.692,18.623,True,Spring Launch,0.12,862.4,99018.92
2026-03-02,TOP-010,Tops,Gradient Boosting,112.349,90.755,133.942,16.844,True,Spring Launch,0.12,624.8,70195.48
2026-03-09,ACC-001,Accessories,Gradient Boosting,83.145,45.884,120.407,29.065,False,Always On,0.0,960.0,79819.52
2026-03-09,ACC-002,Accessories,Seasonal Naive,62.0,27.002,96.998,27.299,False,Always On,0.0,770.0,47740.0
2026-03-09,ACC-003,Accessories,Gradient Boosting,76.89,57.334,96.446,15.254,False,Always On,0.0,1430.0,109952.51
2026-03-09,ACC-004,Accessories,Gradient Boosting,78.039,54.791,101.287,18.134,False,Always On,0.0,1020.0,79599.8
2026-03-09,ACC-005,Accessories,Gradient Boosting,69.858,47.322,92.393,17.578,False,Always On,0.0,840.0,58680.43
2026-03-09,ACC-006,Accessories,Gradient Boosting,108.422,64.909,151.934,33.941,False,Always On,0.0,540.0,58547.86
2026-03-09,ACC-007,Accessories,Gradient Boosting,79.045,55.514,102.577,18.355,False,Always On,0.0,1330.0,105130.2
2026-03-09,ACC-008,Accessories,Gradient Boosting,97.741,61.326,134.155,28.404,False,Always On,0.0,860.0,84057.04
2026-03-09,ACC-009,Accessories,Gradient Boosting,80.09,54.378,105.801,20.056,False,Always On,0.0,1200.0,96107.77
2026-03-09,ACC-010,Accessories,Gradient Boosting,82.742,51.213,114.272,24.594,False,Always On,0.0,1030.0,85224.76
2026-03-09,BOT-001,Bottoms,Gradient Boosting,72.678,57.439,87.917,11.887,False,Always On,0.0,1810.0,131547.65
2026-03-09,BOT-002,Bottoms,Gradient Boosting,75.015,46.437,103.593,22.292,False,Always On,0.0,1250.0,93768.88
2026-03-09,BOT-003,Bottoms,Gradient Boosting,74.9,56.43,93.369,14.407,False,Always On,0.0,1360.0,101863.43
2026-03-09,BOT-004,Bottoms,Gradient Boosting,65.438,50.749,80.127,11.458,False,Always On,0.0,2270.0,148543.65
2026-03-09,BOT-005,Bottoms,Seasonal Naive,90.0,63.052,116.948,21.02,False,Always On,0.0,1650.0,148500.0
2026-03-09,BOT-006,Bottoms,Gradient Boosting,74.97,49.985,99.955,19.489,False,Always On,0.0,1840.0,137944.4
2026-03-09,BOT-007,Bottoms,Gradient Boosting,74.854,51.777,97.931,18.001,False,Always On,0.0,1920.0,143720.11
2026-03-09,BOT-008,Bottoms,Gradient Boosting,62.216,44.34,80.092,13.944,False,Always On,0.0,1930.0,120076.28
2026-03-09,BOT-009,Bottoms,Seasonal Naive,32.0,14.787,49.213,13.427,False,Always On,0.0,2270.0,72640.0
2026-03-09,BOT-010,Bottoms,Gradient Boosting,62.443,46.626,78.261,12.338,False,Always On,0.0,1300.0,81176.27
2026-03-09,DRE-001,Dresses,Gradient Boosting,62.64,32.408,92.872,23.582,False,Always On,0.0,2810.0,176018.97
2026-03-09,DRE-002,Dresses,Seasonal Naive,66.0,48.637,83.363,13.544,False,Always On,0.0,3190.0,210540.0
2026-03-09,DRE-003,Dresses,Gradient Boosting,65.093,49.473,80.713,12.184,False,Always On,0.0,2470.0,160780.0
2026-03-09,DRE-004,Dresses,Gradient Boosting,78.685,53.04,104.33,20.004,False,Always On,0.0,3120.0,245497.34
2026-03-09,DRE-005,Dresses,Gradient Boosting,69.199,45.792,92.605,18.258,False,Always On,0.0,2080.0,143932.93
2026-03-09,DRE-006,Dresses,Gradient Boosting,68.788,40.629,96.947,21.965,False,Always On,0.0,3150.0,216681.65
2026-03-09,DRE-007,Dresses,Seasonal Naive,56.0,38.135,73.865,13.935,False,Always On,0.0,3150.0,176400.0
2026-03-09,DRE-008,Dresses,Gradient Boosting,61.028,45.267,76.788,12.293,False,Always On,0.0,2920.0,178200.88
2026-03-09,DRE-009,Dresses,Gradient Boosting,66.2,45.174,87.226,16.401,False,Always On,0.0,1880.0,124455.99
2026-03-09,DRE-010,Dresses,Gradient Boosting,65.863,44.408,87.319,16.736,False,Always On,0.0,3110.0,204834.56
2026-03-09,KNI-001,Knitwear,Gradient Boosting,85.603,57.69,113.516,21.773,False,Always On,0.0,1070.0,91595.27
2026-03-09,KNI-002,Knitwear,Gradient Boosting,69.285,50.425,88.146,14.712,False,Always On,0.0,2360.0,163513.25
2026-03-09,KNI-003,Knitwear,Gradient Boosting,78.673,51.302,106.043,21.35,False,Always On,0.0,1970.0,154985.47
2026-03-09,KNI-004,Knitwear,Gradient Boosting,74.69,59.122,90.257,12.143,False,Always On,0.0,1460.0,109046.75
2026-03-09,KNI-005,Knitwear,Gradient Boosting,72.986,32.079,113.893,31.909,False,Always On,0.0,1020.0,74445.56
2026-03-09,KNI-006,Knitwear,Gradient Boosting,59.222,41.302,77.142,13.978,False,Always On,0.0,1140.0,67513.33
2026-03-09,KNI-007,Knitwear,Gradient Boosting,94.241,76.997,111.485,13.451,False,Always On,0.0,1830.0,172461.46
2026-03-09,KNI-008,Knitwear,Gradient Boosting,73.693,39.49,107.897,26.68,False,Always On,0.0,1080.0,79588.96
2026-03-09,KNI-009,Knitwear,Gradient Boosting,76.796,53.214,100.379,18.395,False,Always On,0.0,1230.0,94459.25
2026-03-09,KNI-010,Knitwear,Gradient Boosting,65.523,46.944,84.102,14.492,False,Always On,0.0,960.0,62901.64
2026-03-09,OUT-001,Outerwear,Gradient Boosting,37.478,26.896,48.06,8.254,False,Always On,0.0,1840.0,68959.31
2026-03-09,OUT-002,Outerwear,Gradient Boosting,69.321,50.818,87.823,14.433,False,Always On,0.0,3290.0,228064.64
2026-03-09,OUT-003,Outerwear,Gradient Boosting,33.327,23.606,43.047,7.582,False,Always On,0.0,2210.0,73652.05
2026-03-09,OUT-004,Outerwear,Gradient Boosting,33.821,22.732,44.909,8.65,False,Always On,0.0,3410.0,115328.87
2026-03-09,OUT-005,Outerwear,Gradient Boosting,43.103,24.921,61.286,14.183,False,Always On,0.0,1970.0,84913.26
2026-03-09,OUT-006,Outerwear,Gradient Boosting,36.912,21.238,52.586,12.226,False,Always On,0.0,3630.0,133989.26
2026-03-09,OUT-007,Outerwear,Gradient Boosting,60.666,40.302,81.029,15.884,False,Always On,0.0,4530.0,274816.12
2026-03-09,OUT-008,Outerwear,Gradient Boosting,36.086,21.024,51.148,11.749,False,Always On,0.0,3030.0,109340.19
2026-03-09,OUT-009,Outerwear,Gradient Boosting,56.731,43.127,70.335,10.611,False,Always On,0.0,2920.0,165653.94
2026-03-09,OUT-010,Outerwear,Gradient Boosting,39.578,27.235,51.922,9.629,False,Always On,0.0,4130.0,163459.05
2026-03-09,TOP-001,Tops,Gradient Boosting,73.626,59.628,87.624,10.919,False,Always On,0.0,1170.0,86142.55
2026-03-09,TOP-002,Tops,Gradient Boosting,66.548,47.999,85.096,14.468,False,Always On,0.0,1580.0,105145.34
2026-03-09,TOP-003,Tops,Gradient Boosting,70.441,53.722,87.16,13.041,False,Always On,0.0,960.0,67623.14
2026-03-09,TOP-004,Tops,Gradient Boosting,77.062,56.815,97.308,15.793,False,Always On,0.0,1490.0,114821.68
2026-03-09,TOP-005,Tops,Gradient Boosting,80.225,56.584,103.865,18.441,False,Always On,0.0,1410.0,113116.85
2026-03-09,TOP-006,Tops,Gradient Boosting,92.653,75.836,109.469,13.117,False,Always On,0.0,1870.0,173260.89
2026-03-09,TOP-007,Tops,Gradient Boosting,95.418,72.411,118.425,17.946,False,Always On,0.0,690.0,65838.36
2026-03-09,TOP-008,Tops,Gradient Boosting,71.527,47.708,95.346,18.58,False,Always On,0.0,1770.0,126602.56
2026-03-09,TOP-009,Tops,Gradient Boosting,104.257,80.382,128.131,18.623,False,Always On,0.0,980.0,102171.47
2026-03-09,TOP-010,Tops,Gradient Boosting,88.03,66.436,109.623,16.844,False,Always On,0.0,710.0,62501.27
2026-03-16,ACC-001,Accessories,Gradient Boosting,104.319,67.057,141.58,29.065,True,Spring Launch,0.12,844.8,88128.47
2026-03-16,ACC-002,Accessories,Seasonal Naive,53.0,18.002,87.998,27.299,True,Spring Launch,0.12,677.6,35912.8
2026-03-16,ACC-003,Accessories,Gradient Boosting,98.58,79.024,118.136,15.254,True,Spring Launch,0.12,1258.4,124053.23
2026-03-16,ACC-004,Accessories,Gradient Boosting,94.479,71.231,117.727,18.134,True,Spring Launch,0.12,897.6,84804.32
2026-03-16,ACC-005,Accessories,Gradient Boosting,84.115,61.58,106.651,17.578,True,Spring Launch,0.12,739.2,62178.15
2026-03-16,ACC-006,Accessories,Gradient Boosting,119.66,76.148,163.173,33.941,True,Spring Launch,0.12,475.2,56862.62
2026-03-16,ACC-007,Accessories,Gradient Boosting,95.984,72.452,119.515,18.355,True,Spring Launch,0.12,1170.4,112339.5
2026-03-16,ACC-008,Accessories,Gradient Boosting,117.406,80.992,153.82,28.404,True,Spring Launch,0.12,756.8,88853.02
2026-03-16,ACC-009,Accessories,Gradient Boosting,86.853,61.142,112.565,20.056,True,Spring Launch,0.12,1056.0,91717.19
2026-03-16,ACC-010,Accessories,Gradient Boosting,89.382,57.853,120.911,24.594,True,Spring Launch,0.12,906.4,81015.79
2026-03-16,BOT-001,Bottoms,Gradient Boosting,90.7,75.461,105.939,11.887,True,Spring Launch,0.12,1592.8,144466.97
2026-03-16,BOT-002,Bottoms,Gradient Boosting,90.659,62.081,119.237,22.292,True,Spring Launch,0.12,1100.0,99724.95
2026-03-16,BOT-003,Bottoms,Gradient Boosting,94.558,76.088,113.028,14.407,True,Spring Launch,0.12,1196.8,113166.95
2026-03-16,BOT-004,Bottoms,Gradient Boosting,77.871,63.182,92.56,11.458,True,Spring Launch,0.12,1997.6,155555.18
2026-03-16,BOT-005,Bottoms,Seasonal Naive,59.0,32.052,85.948,21.02,True,Spring Launch,0.12,1452.0,85668.0
2026-03-16,BOT-006,Bottoms,Gradient Boosting,96.662,71.677,121.647,19.489,True,Spring Launch,0.12,1619.2,156515.67
2026-03-16,BOT-007,Bottoms,Gradient Boosting,85.42,62.343,108.496,18.001,True,Spring Launch,0.12,1689.6,144324.84
2026-03-16,BOT-008,Bottoms,Gradient Boosting,78.289,60.413,96.165,13.944,True,Spring Launch,0.12,1698.4,132965.57
2026-03-16,BOT-009,Bottoms,Seasonal Naive,49.0,31.787,66.213,13.427,True,Spring Launch,0.12,1997.6,97882.4
2026-03-16,BOT-010,Bottoms,Gradient Boosting,73.807,57.99,89.625,12.338,True,Spring Launch,0.12,1144.0,84435.55
2026-03-16,DRE-001,Dresses,Gradient Boosting,87.452,57.22,117.684,23.582,True,Spring Launch,0.12,2472.8,216250.51
2026-03-16,DRE-002,Dresses,Seasonal Naive,65.0,47.637,82.363,13.544,True,Spring Launch,0.12,2807.2,182468.0
2026-03-16,DRE-003,Dresses,Gradient Boosting,79.084,63.463,94.704,12.184,True,Spring Launch,0.12,2173.6,171896.35
2026-03-16,DRE-004,Dresses,Gradient Boosting,86.937,61.292,112.581,20.004,True,Spring Launch,0.12,2745.6,238692.94
2026-03-16,DRE-005,Dresses,Gradient Boosting,85.843,62.436,109.25,18.258,True,Spring Launch,0.12,1830.4,157126.83
2026-03-16,DRE-006,Dresses,Gradient Boosting,98.671,70.512,126.83,21.965,True,Spring Launch,0.12,2772.0,273516.73
2026-03-16,DRE-007,Dresses,Seasonal Naive,76.0,58.135,93.865,13.935,True,Spring Launch,0.12,2772.0,210672.0
2026-03-16,DRE-008,Dresses,Gradient Boosting,67.673,51.913,83.433,12.293,True,Spring Launch,0.12,2569.6,173892.31
2026-03-16,DRE-009,Dresses,Gradient Boosting,78.04,57.014,99.066,16.401,True,Spring Launch,0.12,1654.4,129109.37
2026-03-16,DRE-010,Dresses,Gradient Boosting,84.852,63.397,106.307,16.736,True,Spring Launch,0.12,2736.8,232223.09
2026-03-16,KNI-001,Knitwear,Gradient Boosting,88.338,60.425,116.25,21.773,True,Spring Launch,0.12,941.6,83178.89
2026-03-16,KNI-002,Knitwear,Gradient Boosting,84.989,66.129,103.849,14.712,True,Spring Launch,0.12,2076.8,176505.66
2026-03-16,KNI-003,Knitwear,Gradient Boosting,88.861,61.491,116.232,21.35,True,Spring Launch,0.12,1733.6,154050.23
2026-03-16,KNI-004,Knitwear,Gradient Boosting,89.852,74.284,105.419,12.143,True,Spring Launch,0.12,1284.8,115441.39
2026-03-16,KNI-005,Knitwear,Gradient Boosting,85.184,44.277,126.091,31.909,True,Spring Launch,0.12,897.6,76460.83
2026-03-16,KNI-006,Knitwear,Gradient Boosting,67.37,49.449,85.29,13.978,True,Spring Launch,0.12,1003.2,67585.17
2026-03-16,KNI-007,Knitwear,Gradient Boosting,99.233,81.989,116.477,13.451,True,Spring Launch,0.12,1610.4,159805.04
2026-03-16,KNI-008,Knitwear,Gradient Boosting,87.922,53.718,122.125,26.68,True,Spring Launch,0.12,950.4,83560.7
2026-03-16,KNI-009,Knitwear,Gradient Boosting,91.104,67.522,114.687,18.395,True,Spring Launch,0.12,1082.4,98611.27
2026-03-16,KNI-010,Knitwear,Gradient Boosting,83.112,64.533,101.691,14.492,True,Spring Launch,0.12,844.8,70212.77
2026-03-16,OUT-001,Outerwear,Gradient Boosting,45.005,34.423,55.587,8.254,True,Spring Launch,0.12,1619.2,72872.38
2026-03-16,OUT-002,Outerwear,Gradient Boosting,82.939,64.436,101.442,14.433,True,Spring Launch,0.12,2895.2,240125.42
2026-03-16,OUT-003,Outerwear,Gradient Boosting,40.178,30.457,49.898,7.582,True,Spring Launch,0.12,1944.8,78137.74
2026-03-16,OUT-004,Outerwear,Gradient Boosting,40.403,29.314,51.492,8.65,True,Spring Launch,0.12,3000.8,121241.55
2026-03-16,OUT-005,Outerwear,Gradient Boosting,50.222,32.039,68.404,14.183,True,Spring Launch,0.12,1733.6,87064.13
2026-03-16,OUT-006,Outerwear,Gradient Boosting,44.717,29.043,60.391,12.226,True,Spring Launch,0.12,3194.4,142844.76
2026-03-16,OUT-007,Outerwear,Gradient Boosting,69.286,48.922,89.649,15.884,True,Spring Launch,0.12,3986.4,276201.18
2026-03-16,OUT-008,Outerwear,Gradient Boosting,40.995,25.933,56.057,11.749,True,Spring Launch,0.12,2666.4,109308.55
2026-03-16,OUT-009,Outerwear,Gradient Boosting,63.667,50.063,77.27,10.611,True,Spring Launch,0.12,2569.6,163597.77
2026-03-16,OUT-010,Outerwear,Gradient Boosting,47.166,34.822,59.51,9.629,True,Spring Launch,0.12,3634.4,171420.45
2026-03-16,TOP-001,Tops,Gradient Boosting,87.089,73.091,101.087,10.919,True,Spring Launch,0.12,1029.6,89666.72
2026-03-16,TOP-002,Tops,Gradient Boosting,89.467,70.919,108.016,14.468,True,Spring Launch,0.12,1390.4,124395.23
2026-03-16,TOP-003,Tops,Gradient Boosting,85.225,68.506,101.944,13.041,True,Spring Launch,0.12,844.8,71997.94
2026-03-16,TOP-004,Tops,Gradient Boosting,89.264,69.017,109.511,15.793,True,Spring Launch,0.12,1311.2,117042.74
2026-03-16,TOP-005,Tops,Gradient Boosting,90.708,67.068,114.349,18.441,True,Spring Launch,0.12,1240.8,112551.04
2026-03-16,TOP-006,Tops,Gradient Boosting,97.109,80.292,113.925,13.117,True,Spring Launch,0.12,1645.6,159802.06
2026-03-16,TOP-007,Tops,Gradient Boosting,111.653,88.646,134.66,17.946,True,Spring Launch,0.12,607.2,67795.79
2026-03-16,TOP-008,Tops,Gradient Boosting,89.968,66.149,113.787,18.58,True,Spring Launch,0.12,1557.6,140134.57
2026-03-16,TOP-009,Tops,Gradient Boosting,149.944,126.07,173.818,18.623,True,Spring Launch,0.12,862.4,129311.95
2026-03-16,TOP-010,Tops,Gradient Boosting,113.106,91.513,134.7,16.844,True,Spring Launch,0.12,624.8,70668.87
2026-03-23,ACC-001,Accessories,Gradient Boosting,98.401,61.139,135.662,29.065,False,Always On,0.0,960.0,94464.68
2026-03-23,ACC-002,Accessories,Seasonal Naive,55.0,20.002,89.998,27.299,False,Always On,0.0,770.0,42350.0
2026-03-23,ACC-003,Accessories,Gradient Boosting,80.77,61.214,100.325,15.254,False,Always On,0.0,1430.0,115500.45
2026-03-23,ACC-004,Accessories,Gradient Boosting,78.262,55.014,101.509,18.134,False,Always On,0.0,1020.0,79827.06
2026-03-23,ACC-005,Accessories,Gradient Boosting,69.022,46.487,91.558,17.578,False,Always On,0.0,840.0,57978.74
2026-03-23,ACC-006,Accessories,Gradient Boosting,101.238,57.725,144.75,33.941,False,Always On,0.0,540.0,54668.34
2026-03-23,ACC-007,Accessories,Gradient Boosting,77.189,53.658,100.72,18.355,False,Always On,0.0,1330.0,102661.31
2026-03-23,ACC-008,Accessories,Gradient Boosting,100.447,64.033,136.861,28.404,False,Always On,0.0,860.0,86384.33
2026-03-23,ACC-009,Accessories,Gradient Boosting,70.218,44.506,95.929,20.056,False,Always On,0.0,1200.0,84261.51
2026-03-23,ACC-010,Accessories,Gradient Boosting,75.759,44.23,107.289,24.594,False,Always On,0.0,1030.0,78031.89
2026-03-23,BOT-001,Bottoms,Gradient Boosting,75.058,59.819,90.297,11.887,False,Always On,0.0,1810.0,135855.82
2026-03-23,BOT-002,Bottoms,Gradient Boosting,82.998,54.42,111.576,22.292,False,Always On,0.0,1250.0,103747.24
2026-03-23,BOT-003,Bottoms,Gradient Boosting,75.373,56.903,93.843,14.407,False,Always On,0.0,1360.0,102507.34
2026-03-23,BOT-004,Bottoms,Gradient Boosting,64.734,50.045,79.423,11.458,False,Always On,0.0,2270.0,146945.65
2026-03-23,BOT-005,Bottoms,Seasonal Naive,77.0,50.052,103.948,21.02,False,Always On,0.0,1650.0,127050.0
2026-03-23,BOT-006,Bottoms,Gradient Boosting,79.911,54.926,104.896,19.489,False,Always On,0.0,1840.0,147036.27
2026-03-23,BOT-007,Bottoms,Gradient Boosting,72.378,49.301,95.454,18.001,False,Always On,0.0,1920.0,138965.0
2026-03-23,BOT-008,Bottoms,Gradient Boosting,66.565,48.689,84.441,13.944,False,Always On,0.0,1930.0,128469.77
2026-03-23,BOT-009,Bottoms,Seasonal Naive,53.0,35.787,70.213,13.427,False,Always On,0.0,2270.0,120310.0
2026-03-23,BOT-010,Bottoms,Gradient Boosting,60.364,44.547,76.182,12.338,False,Always On,0.0,1300.0,78473.6
2026-03-23,DRE-001,Dresses,Gradient Boosting,77.51,47.278,107.743,23.582,False,Always On,0.0,2810.0,217804.5
2026-03-23,DRE-002,Dresses,Seasonal Naive,68.0,50.637,85.363,13.544,False,Always On,0.0,3190.0,216920.0
2026-03-23,DRE-003,Dresses,Gradient Boosting,67.359,51.738,82.979,12.184,False,Always On,0.0,2470.0,166375.89
2026-03-23,DRE-004,Dresses,Gradient Boosting,88.436,62.791,114.081,20.004,False,Always On,0.0,3120.0,275920.55
2026-03-23,DRE-005,Dresses,Gradient Boosting,67.524,44.117,90.931,18.258,False,Always On,0.0,2080.0,140449.53
2026-03-23,DRE-006,Dresses,Gradient Boosting,82.912,54.753,111.071,21.965,False,Always On,0.0,3150.0,261174.11
2026-03-23,DRE-007,Dresses,Seasonal Naive,40.0,22.135,57.865,13.935,False,Always On,0.0,3150.0,126000.0
2026-03-23,DRE-008,Dresses,Gradient Boosting,62.702,46.942,78.463,12.293,False,Always On,0.0,2920.0,183090.66
2026-03-23,DRE-009,Dresses,Gradient Boosting,66.582,45.557,87.608,16.401,False,Always On,0.0,1880.0,125174.77
2026-03-23,DRE-010,Dresses,Gradient Boosting,71.966,50.511,93.421,16.736,False,Always On,0.0,3110.0,223814.67
2026-03-23,KNI-001,Knitwear,Gradient Boosting,83.67,55.757,111.583,21.773,False,Always On,0.0,1070.0,89526.83
2026-03-23,KNI-002,Knitwear,Gradient Boosting,64.52,45.659,83.38,14.712,False,Always On,0.0,2360.0,152266.45
2026-03-23,KNI-003,Knitwear,Gradient Boosting,74.859,47.489,102.23,21.35,False,Always On,0.0,1970.0,147472.96
2026-03-23,KNI-004,Knitwear,Gradient Boosting,68.592,53.025,84.159,12.143,False,Always On,0.0,1460.0,100144.68
2026-03-23,KNI-005,Knitwear,Gradient Boosting,71.721,30.815,112.628,31.909,False,Always On,0.0,1020.0,73155.92
2026-03-23,KNI-006,Knitwear,Gradient Boosting,58.389,40.469,76.309,13.978,False,Always On,0.0,1140.0,66563.89
2026-03-23,KNI-007,Knitwear,Gradient Boosting,82.308,65.064,99.552,13.451,False,Always On,0.0,1830.0,150623.89
2026-03-23,KNI-008,Knitwear,Gradient Boosting,72.246,38.042,106.449,26.68,False,Always On,0.0,1080.0,78025.43
2026-03-23,KNI-009,Knitwear,Gradient Boosting,75.814,52.231,99.396,18.395,False,Always On,0.0,1230.0,93251.11
2026-03-23,KNI-010,Knitwear,Gradient Boosting,68.814,50.235,87.393,14.492,False,Always On,0.0,960.0,66061.76
2026-03-23,OUT-001,Outerwear,Gradient Boosting,34.727,24.145,45.309,8.254,False,Always On,0.0,1840.0,63897.29
2026-03-23,OUT-002,Outerwear,Gradient Boosting,70.417,51.914,88.919,14.433,False,Always On,0.0,3290.0,231671.09
2026-03-23,OUT-003,Outerwear,Gradient Boosting,33.644,23.924,43.364,7.582,False,Always On,0.0,2210.0,74353.12
2026-03-23,OUT-004,Outerwear,Gradient Boosting,31.132,20.044,42.221,8.65,False,Always On,0.0,3410.0,106161.63
2026-03-23,OUT-005,Outerwear,Gradient Boosting,39.874,21.691,58.056,14.183,False,Always On,0.0,1970.0,78551.31
2026-03-23,OUT-006,Outerwear,Gradient Boosting,37.591,21.917,53.265,12.226,False,Always On,0.0,3630.0,136456.12
2026-03-23,OUT-007,Outerwear,Gradient Boosting,59.032,38.669,79.396,15.884,False,Always On,0.0,4530.0,267416.34
2026-03-23,OUT-008,Outerwear,Gradient Boosting,35.425,20.363,50.487,11.749,False,Always On,0.0,3030.0,107336.29
2026-03-23,OUT-009,Outerwear,Gradient Boosting,60.158,46.554,73.762,10.611,False,Always On,0.0,2920.0,175662.15
2026-03-23,OUT-010,Outerwear,Gradient Boosting,38.617,26.273,50.961,9.629,False,Always On,0.0,4130.0,159486.98
2026-03-23,TOP-001,Tops,Gradient Boosting,77.861,63.863,91.86,10.919,False,Always On,0.0,1170.0,91097.9
2026-03-23,TOP-002,Tops,Gradient Boosting,71.586,53.038,90.135,14.468,False,Always On,0.0,1580.0,113106.39
2026-03-23,TOP-003,Tops,Gradient Boosting,79.37,62.651,96.089,13.041,False,Always On,0.0,960.0,76195.57
2026-03-23,TOP-004,Tops,Gradient Boosting,79.911,59.664,100.158,15.793,False,Always On,0.0,1490.0,119067.31
2026-03-23,TOP-005,Tops,Gradient Boosting,81.644,58.003,105.285,18.441,False,Always On,0.0,1410.0,115117.97
2026-03-23,TOP-006,Tops,Gradient Boosting,95.755,78.938,112.572,13.117,False,Always On,0.0,1870.0,179061.64
2026-03-23,TOP-007,Tops,Gradient Boosting,103.248,80.241,126.255,17.946,False,Always On,0.0,690.0,71241.27
2026-03-23,TOP-008,Tops,Gradient Boosting,75.905,52.086,99.724,18.58,False,Always On,0.0,1770.0,134352.32
2026-03-23,TOP-009,Tops,Gradient Boosting,109.469,85.595,133.343,18.623,False,Always On,0.0,980.0,107279.57
2026-03-23,TOP-010,Tops,Gradient Boosting,97.053,75.46,118.647,16.844,False,Always On,0.0,710.0,68907.76
2026-03-30,ACC-001,Accessories,Gradient Boosting,101.23,63.969,138.492,29.065,True,Spring Launch,0.12,844.8,85519.48
2026-03-30,ACC-002,Accessories,Seasonal Naive,50.0,15.002,84.998,27.299,True,Spring Launch,0.12,677.6,33880.0
2026-03-30,ACC-003,Accessories,Gradient Boosting,93.6,74.044,113.155,15.254,True,Spring Launch,0.12,1258.4,117785.76
2026-03-30,ACC-004,Accessories,Gradient Boosting,89.592,66.344,112.839,18.134,True,Spring Launch,0.12,897.6,80417.56
2026-03-30,ACC-005,Accessories,Gradient Boosting,85.986,63.451,108.522,17.578,True,Spring Launch,0.12,739.2,63560.94
2026-03-30,ACC-006,Accessories,Gradient Boosting,121.53,78.017,165.042,33.941,True,Spring Launch,0.12,475.2,57751.02
2026-03-30,ACC-007,Accessories,Gradient Boosting,88.0,64.468,111.531,18.355,True,Spring Launch,0.12,1170.4,102994.94
2026-03-30,ACC-008,Accessories,Gradient Boosting,110.354,73.94,146.769,28.404,True,Spring Launch,0.12,756.8,83516.2
2026-03-30,ACC-009,Accessories,Gradient Boosting,84.648,58.937,110.36,20.056,True,Spring Launch,0.12,1056.0,89388.44
2026-03-30,ACC-010,Accessories,Gradient Boosting,85.649,54.12,117.178,24.594,True,Spring Launch,0.12,906.4,77632.29
2026-03-30,BOT-001,Bottoms,Gradient Boosting,96.262,81.023,111.501,11.887,True,Spring Launch,0.12,1592.8,153325.66
2026-03-30,BOT-002,Bottoms,Gradient Boosting,90.321,61.742,118.899,22.292,True,Spring Launch,0.12,1100.0,99352.56
2026-03-30,BOT-003,Bottoms,Gradient Boosting,85.888,67.418,104.358,14.407,True,Spring Launch,0.12,1196.8,102790.72
2026-03-30,BOT-004,Bottoms,Gradient Boosting,87.829,73.14,102.518,11.458,True,Spring Launch,0.12,1997.6,175446.53
2026-03-30,BOT-005,Bottoms,Seasonal Naive,88.0,61.052,114.948,21.02,True,Spring Launch,0.12,1452.0,127776.0
2026-03-30,BOT-006,Bottoms,Gradient Boosting,92.742,67.757,117.727,19.489,True,Spring Launch,0.12,1619.2,150167.67
2026-03-30,BOT-007,Bottoms,Gradient Boosting,90.096,67.019,113.173,18.001,True,Spring Launch,0.12,1689.6,152225.82
2026-03-30,BOT-008,Bottoms,Gradient Boosting,91.213,73.337,109.089,13.944,True,Spring Launch,0.12,1698.4,154915.6
2026-03-30,BOT-009,Bottoms,Seasonal Naive,53.0,35.787,70.213,13.427,True,Spring Launch,0.12,1997.6,105872.8
2026-03-30,BOT-010,Bottoms,Gradient Boosting,75.83,60.012,91.647,12.338,True,Spring Launch,0.12,1144.0,86749.13
2026-03-30,DRE-001,Dresses,Gradient Boosting,101.275,71.043,131.508,23.582,True,Spring Launch,0.12,2472.8,250433.95
2026-03-30,DRE-002,Dresses,Seasonal Naive,84.0,66.637,101.363,13.544,True,Spring Launch,0.12,2807.2,235804.8
2026-03-30,DRE-003,Dresses,Gradient Boosting,88.405,72.785,104.025,12.184,True,Spring Launch,0.12,2173.6,192157.02
2026-03-30,DRE-004,Dresses,Gradient Boosting,107.771,82.126,133.416,20.004,True,Spring Launch,0.12,2745.6,295896.08
2026-03-30,DRE-005,Dresses,Gradient Boosting,105.928,82.522,129.335,18.258,True,Spring Launch,0.12,1830.4,193891.45
2026-03-30,DRE-006,Dresses,Gradient Boosting,106.679,78.52,134.838,21.965,True,Spring Launch,0.12,2772.0,295712.92
2026-03-30,DRE-007,Dresses,Seasonal Naive,76.0,58.135,93.865,13.935,True,Spring Launch,0.12,2772.0,210672.0
2026-03-30,DRE-008,Dresses,Gradient Boosting,71.644,55.884,87.404,12.293,True,Spring Launch,0.12,2569.6,184096.53
2026-03-30,DRE-009,Dresses,Gradient Boosting,87.101,66.075,108.127,16.401,True,Spring Launch,0.12,1654.4,144099.69
2026-03-30,DRE-010,Dresses,Gradient Boosting,111.917,90.462,133.373,16.736,True,Spring Launch,0.12,2736.8,306295.22
2026-03-30,KNI-001,Knitwear,Gradient Boosting,90.294,62.381,118.207,21.773,True,Spring Launch,0.12,941.6,85020.78
2026-03-30,KNI-002,Knitwear,Gradient Boosting,85.242,66.382,104.102,14.712,True,Spring Launch,0.12,2076.8,177030.76
2026-03-30,KNI-003,Knitwear,Gradient Boosting,86.53,59.159,113.9,21.35,True,Spring Launch,0.12,1733.6,150007.88
2026-03-30,KNI-004,Knitwear,Gradient Boosting,82.866,67.299,98.433,12.143,True,Spring Launch,0.12,1284.8,106466.06
2026-03-30,KNI-005,Knitwear,Gradient Boosting,93.201,52.294,134.108,31.909,True,Spring Launch,0.12,897.6,83657.37
2026-03-30,KNI-006,Knitwear,Gradient Boosting,66.645,48.725,84.565,13.978,True,Spring Launch,0.12,1003.2,66857.91
2026-03-30,KNI-007,Knitwear,Gradient Boosting,98.31,81.065,115.554,13.451,True,Spring Launch,0.12,1610.4,158317.83
2026-03-30,KNI-008,Knitwear,Gradient Boosting,90.693,56.49,124.897,26.68,True,Spring Launch,0.12,950.4,86194.83
2026-03-30,KNI-009,Knitwear,Gradient Boosting,86.641,63.059,110.223,18.395,True,Spring Launch,0.12,1082.4,93780.19
2026-03-30,KNI-010,Knitwear,Gradient Boosting,88.16,69.581,106.739,14.492,True,Spring Launch,0.12,844.8,74477.52
2026-03-30,OUT-001,Outerwear,Gradient Boosting,45.261,34.679,55.842,8.254,True,Spring Launch,0.12,1619.2,73286.16
2026-03-30,OUT-002,Outerwear,Gradient Boosting,83.262,64.759,101.764,14.433,True,Spring Launch,0.12,2895.2,241058.92
2026-03-30,OUT-003,Outerwear,Gradient Boosting,40.968,31.248,50.689,7.582,True,Spring Launch,0.12,1944.8,79675.41
2026-03-30,OUT-004,Outerwear,Gradient Boosting,37.075,25.986,48.163,8.65,True,Spring Launch,0.12,3000.8,111254.09
2026-03-30,OUT-005,Outerwear,Gradient Boosting,47.21,29.027,65.392,14.183,True,Spring Launch,0.12,1733.6,81842.55
2026-03-30,OUT-006,Outerwear,Gradient Boosting,38.902,23.228,54.576,12.226,True,Spring Launch,0.12,3194.4,124268.21
2026-03-30,OUT-007,Outerwear,Gradient Boosting,72.42,52.056,92.783,15.884,True,Spring Launch,0.12,3986.4,288694.02
2026-03-30,OUT-008,Outerwear,Gradient Boosting,38.36,23.298,53.422,11.749,True,Spring Launch,0.12,2666.4,102283.2
2026-03-30,OUT-009,Outerwear,Gradient Boosting,72.864,59.26,86.468,10.611,True,Spring Launch,0.12,2569.6,187231.98
2026-03-30,OUT-010,Outerwear,Gradient Boosting,43.779,31.435,56.123,9.629,True,Spring Launch,0.12,3634.4,159111.4
2026-03-30,TOP-001,Tops,Gradient Boosting,93.281,79.283,107.279,10.919,True,Spring Launch,0.12,1029.6,96042.38
2026-03-30,TOP-002,Tops,Gradient Boosting,90.336,71.788,108.885,14.468,True,Spring Launch,0.12,1390.4,125603.77
2026-03-30,TOP-003,Tops,Gradient Boosting,95.417,78.698,112.136,13.041,True,Spring Launch,0.12,844.8,80608.36
2026-03-30,TOP-004,Tops,Gradient Boosting,95.529,75.283,115.776,15.793,True,Spring Launch,0.12,1311.2,125258.05
2026-03-30,TOP-005,Tops,Gradient Boosting,99.881,76.24,123.522,18.441,True,Spring Launch,0.12,1240.8,123932.59
2026-03-30,TOP-006,Tops,Gradient Boosting,113.587,96.771,130.404,13.117,True,Spring Launch,0.12,1645.6,186919.53
2026-03-30,TOP-007,Tops,Gradient Boosting,109.886,86.88,132.893,17.946,True,Spring Launch,0.12,607.2,66723.05
2026-03-30,TOP-008,Tops,Gradient Boosting,102.599,78.78,126.418,18.58,True,Spring Launch,0.12,1557.6,159808.24
2026-03-30,TOP-009,Tops,Gradient Boosting,119.347,95.473,143.221,18.623,True,Spring Launch,0.12,862.4,102925.07
2026-03-30,TOP-010,Tops,Gradient Boosting,127.265,105.672,148.859,16.844,True,Spring Launch,0.12,624.8,79515.33
2026-04-06,ACC-001,Accessories,Gradient Boosting,92.42,55.159,129.682,29.065,False,Always On,0.0,960.0,88723.45
2026-04-06,ACC-002,Accessories,Seasonal Naive,70.0,35.002,104.998,27.299,False,Always On,0.0,770.0,53900.0
2026-04-06,ACC-003,Accessories,Gradient Boosting,83.227,63.671,102.783,15.254,False,Always On,0.0,1430.0,119014.32
2026-04-06,ACC-004,Accessories,Gradient Boosting,74.616,51.368,97.863,18.134,False,Always On,0.0,1020.0,76107.89
2026-04-06,ACC-005,Accessories,Gradient Boosting,68.208,45.673,90.744,17.578,False,Always On,0.0,840.0,57294.85
2026-04-06,ACC-006,Accessories,Gradient Boosting,108.736,65.224,152.249,33.941,False,Always On,0.0,540.0,58717.58
2026-04-06,ACC-007,Accessories,Gradient Boosting,76.294,52.763,99.825,18.355,False,Always On,0.0,1330.0,101470.88
2026-04-06,ACC-008,Accessories,Gradient Boosting,90.365,53.951,126.78,28.404,False,Always On,0.0,860.0,77714.21
2026-04-06,ACC-009,Accessories,Gradient Boosting,78.214,52.503,103.926,20.056,False,Always On,0.0,1200.0,93856.92
2026-04-06,ACC-010,Accessories,Gradient Boosting,76.811,45.281,108.34,24.594,False,Always On,0.0,1030.0,79115.01
2026-04-06,BOT-001,Bottoms,Gradient Boosting,73.638,58.399,88.877,11.887,False,Always On,0.0,1810.0,133284.72
2026-04-06,BOT-002,Bottoms,Gradient Boosting,92.729,64.151,121.307,22.292,False,Always On,0.0,1250.0,115911.43
2026-04-06,BOT-003,Bottoms,Gradient Boosting,74.931,56.461,93.401,14.407,False,Always On,0.0,1360.0,101906.08
2026-04-06,BOT-004,Bottoms,Gradient Boosting,66.626,51.937,81.315,11.458,False,Always On,0.0,2270.0,151240.97
2026-04-06,BOT-005,Bottoms,Seasonal Naive,88.0,61.052,114.948,21.02,False,Always On,0.0,1650.0,145200.0
2026-04-06,BOT-006,Bottoms,Gradient Boosting,81.237,56.252,106.222,19.489,False,Always On,0.0,1840.0,149476.25
2026-04-06,BOT-007,Bottoms,Gradient Boosting,71.119,48.043,94.196,18.001,False,Always On,0.0,1920.0,136549.35
2026-04-06,BOT-008,Bottoms,Gradient Boosting,65.214,47.338,83.09,13.944,False,Always On,0.0,1930.0,125862.66
2026-04-06,BOT-009,Bottoms,Seasonal Naive,50.0,32.787,67.213,13.427,False,Always On,0.0,2270.0,113500.0
2026-04-06,BOT-010,Bottoms,Gradient Boosting,63.23,47.412,79.047,12.338,False,Always On,0.0,1300.0,82198.52
2026-04-06,DRE-001,Dresses,Gradient Boosting,80.009,49.777,110.241,23.582,False,Always On,0.0,2810.0,224824.71
2026-04-06,DRE-002,Dresses,Seasonal Naive,61.0,43.637,78.363,13.544,False,Always On,0.0,3190.0,194590.0
2026-04-06,DRE-003,Dresses,Gradient Boosting,74.024,58.404,89.644,12.184,False,Always On,0.0,2470.0,182839.06
2026-04-06,DRE-004,Dresses,Gradient Boosting,87.094,61.449,112.738,20.004,False,Always On,0.0,3120.0,271732.33
2026-04-06,DRE-005,Dresses,Gradient Boosting,76.921,53.514,100.327,18.258,False,Always On,0.0,2080.0,159994.75
2026-04-06,DRE-006,Dresses,Gradient Boosting,96.081,67.922,124.24,21.965,False,Always On,0.0,3150.0,302653.78
2026-04-06,DRE-007,Dresses,Seasonal Naive,63.0,45.135,80.865,13.935,False,Always On,0.0,3150.0,198450.0
2026-04-06,DRE-008,Dresses,Gradient Boosting,69.68,53.92,85.44,12.293,False,Always On,0.0,2920.0,203465.73
2026-04-06,DRE-009,Dresses,Gradient Boosting,71.329,50.303,92.354,16.401,False,Always On,0.0,1880.0,134097.85
2026-04-06,DRE-010,Dresses,Gradient Boosting,77.334,55.879,98.789,16.736,False,Always On,0.0,3110.0,240508.45
2026-04-06,KNI-001,Knitwear,Gradient Boosting,73.597,45.685,101.51,21.773,False,Always On,0.0,1070.0,78748.89
2026-04-06,KNI-002,Knitwear,Gradient Boosting,62.922,44.062,81.782,14.712,False,Always On,0.0,2360.0,148495.83
2026-04-06,KNI-003,Knitwear,Gradient Boosting,72.502,45.131,99.872,21.35,False,Always On,0.0,1970.0,142828.12
2026-04-06,KNI-004,Knitwear,Gradient Boosting,66.533,50.966,82.101,12.143,False,Always On,0.0,1460.0,97138.87
2026-04-06,KNI-005,Knitwear,Gradient Boosting,65.425,24.518,106.332,31.909,False,Always On,0.0,1020.0,66733.09
2026-04-06,KNI-006,Knitwear,Gradient Boosting,54.604,36.684,72.524,13.978,False,Always On,0.0,1140.0,62248.38
2026-04-06,KNI-007,Knitwear,Gradient Boosting,84.543,67.299,101.787,13.451,False,Always On,0.0,1830.0,154713.73
2026-04-06,KNI-008,Knitwear,Gradient Boosting,73.936,39.733,108.139,26.68,False,Always On,0.0,1080.0,79850.89
2026-04-06,KNI-009,Knitwear,Gradient Boosting,72.702,49.12,96.285,18.395,False,Always On,0.0,1230.0,89423.61
2026-04-06,KNI-010,Knitwear,Gradient Boosting,65.216,46.637,83.795,14.492,False,Always On,0.0,960.0,62607.29
2026-04-06,OUT-001,Outerwear,Gradient Boosting,33.996,23.414,44.577,8.254,False,Always On,0.0,1840.0,62552.07
2026-04-06,OUT-002,Outerwear,Gradient Boosting,63.747,45.244,82.25,14.433,False,Always On,0.0,3290.0,209727.45
2026-04-06,OUT-003,Outerwear,Gradient Boosting,31.865,22.145,41.585,7.582,False,Always On,0.0,2210.0,70421.62
2026-04-06,OUT-004,Outerwear,Gradient Boosting,33.154,22.065,44.242,8.65,False,Always On,0.0,3410.0,113053.76
2026-04-06,OUT-005,Outerwear,Gradient Boosting,39.225,21.042,57.407,14.183,False,Always On,0.0,1970.0,77272.88
2026-04-06,OUT-006,Outerwear,Gradient Boosting,34.522,18.848,50.196,12.226,False,Always On,0.0,3630.0,125313.58
2026-04-06,OUT-007,Outerwear,Gradient Boosting,58.81,38.447,79.174,15.884,False,Always On,0.0,4530.0,266411.48
2026-04-06,OUT-008,Outerwear,Gradient Boosting,31.338,16.276,46.4,11.749,False,Always On,0.0,3030.0,94953.47
2026-04-06,OUT-009,Outerwear,Gradient Boosting,56.577,42.973,70.181,10.611,False,Always On,0.0,2920.0,165204.25
2026-04-06,OUT-010,Outerwear,Gradient Boosting,36.444,24.1,48.788,9.629,False,Always On,0.0,4130.0,150512.6
2026-04-06,TOP-001,Tops,Gradient Boosting,77.263,63.265,91.261,10.919,False,Always On,0.0,1170.0,90397.59
2026-04-06,TOP-002,Tops,Gradient Boosting,78.836,60.288,97.384,14.468,False,Always On,0.0,1580.0,124561.11
2026-04-06,TOP-003,Tops,Gradient Boosting,79.297,62.578,96.016,13.041,False,Always On,0.0,960.0,76125.25
2026-04-06,TOP-004,Tops,Gradient Boosting,88.11,67.863,108.357,15.793,False,Always On,0.0,1490.0,131283.87
2026-04-06,TOP-005,Tops,Gradient Boosting,89.395,65.754,113.036,18.441,False,Always On,0.0,1410.0,126046.63
2026-04-06,TOP-006,Tops,Gradient Boosting,94.488,77.672,111.305,13.117,False,Always On,0.0,1870.0,176693.49
2026-04-06,TOP-007,Tops,Gradient Boosting,107.873,84.866,130.88,17.946,False,Always On,0.0,690.0,74432.28
2026-04-06,TOP-008,Tops,Gradient Boosting,84.504,60.685,108.323,18.58,False,Always On,0.0,1770.0,149572.25
2026-04-06,TOP-009,Tops,Gradient Boosting,99.1,75.225,122.974,18.623,False,Always On,0.0,980.0,97117.57
2026-04-06,TOP-010,Tops,Gradient Boosting,109.476,87.883,131.07,16.844,False,Always On,0.0,710.0,77728.12
2026-04-13,ACC-001,Accessories,Gradient Boosting,90.044,52.783,127.305,29.065,False,Always On,0.0,960.0,86442.29
2026-04-13,ACC-002,Accessories,Seasonal Naive,76.0,41.002,110.998,27.299,False,Always On,0.0,770.0,58520.0
2026-04-13,ACC-003,Accessories,Gradient Boosting,79.465,59.909,99.021,15.254,False,Always On,0.0,1430.0,113634.82
2026-04-13,ACC-004,Accessories,Gradient Boosting,75.942,52.695,99.19,18.134,False,Always On,0.0,1020.0,77461.13
2026-04-13,ACC-005,Accessories,Gradient Boosting,66.575,44.04,89.111,17.578,False,Always On,0.0,840.0,55923.38
2026-04-13,ACC-006,Accessories,Gradient Boosting,109.802,66.289,153.314,33.941,False,Always On,0.0,540.0,59292.9
2026-04-13,ACC-007,Accessories,Gradient Boosting,80.267,56.735,103.798,18.355,False,Always On,0.0,1330.0,106754.71
2026-04-13,ACC-008,Accessories,Gradient Boosting,89.079,52.665,125.494,28.404,False,Always On,0.0,860.0,76608.36
2026-04-13,ACC-009,Accessories,Gradient Boosting,77.459,51.747,103.17,20.056,False,Always On,0.0,1200.0,92950.32
2026-04-13,ACC-010,Accessories,Gradient Boosting,76.646,45.116,108.175,24.594,False,Always On,0.0,1030.0,78944.91
2026-04-13,BOT-001,Bottoms,Gradient Boosting,74.751,59.512,89.99,11.887,False,Always On,0.0,1810.0,135298.62
2026-04-13,BOT-002,Bottoms,Gradient Boosting,85.308,56.73,113.886,22.292,False,Always On,0.0,1250.0,106635.29
2026-04-13,BOT-003,Bottoms,Gradient Boosting,77.799,59.329,96.269,14.407,False,Always On,0.0,1360.0,105806.22
2026-04-13,BOT-004,Bottoms,Gradient Boosting,70.013,55.324,84.703,11.458,False,Always On,0.0,2270.0,158930.61
2026-04-13,BOT-005,Bottoms,Seasonal Naive,69.0,42.052,95.948,21.02,False,Always On,0.0,1650.0,113850.0
2026-04-13,BOT-006,Bottoms,Gradient Boosting,86.318,61.333,111.303,19.489,False,Always On,0.0,1840.0,158824.81
2026-04-13,BOT-007,Bottoms,Gradient Boosting,68.503,45.426,91.58,18.001,False,Always On,0.0,1920.0,131525.39
2026-04-13,BOT-008,Bottoms,Gradient Boosting,66.512,48.636,84.388,13.944,False,Always On,0.0,1930.0,128368.09
2026-04-13,BOT-009,Bottoms,Seasonal Naive,35.0,17.787,52.213,13.427,False,Always On,0.0,2270.0,79450.0
2026-04-13,BOT-010,Bottoms,Gradient Boosting,64.78,48.962,80.597,12.338,False,Always On,0.0,1300.0,84213.39
2026-04-13,DRE-001,Dresses,Gradient Boosting,92.808,62.576,123.04,23.582,False,Always On,0.0,2810.0,260790.02
2026-04-13,DRE-002,Dresses,Seasonal Naive,74.0,56.637,91.363,13.544,False,Always On,0.0,3190.0,236060.0
2026-04-13,DRE-003,Dresses,Gradient Boosting,76.874,61.253,92.494,12.184,False,Always On,0.0,2470.0,189877.79
2026-04-13,DRE-004,Dresses,Gradient Boosting,88.513,62.868,114.157,20.004,False,Always On,0.0,3120.0,276159.41
2026-04-13,DRE-005,Dresses,Gradient Boosting,79.288,55.881,102.695,18.258,False,Always On,0.0,2080.0,164919.09
2026-04-13,DRE-006,Dresses,Gradient Boosting,95.993,67.834,124.152,21.965,False,Always On,0.0,3150.0,302377.03
2026-04-13,DRE-007,Dresses,Seasonal Naive,40.0,22.135,57.865,13.935,False,Always On,0.0,3150.0,126000.0
2026-04-13,DRE-008,Dresses,Gradient Boosting,70.625,54.864,86.385,12.293,False,Always On,0.0,2920.0,206223.68
2026-04-13,DRE-009,Dresses,Gradient Boosting,68.333,47.307,89.358,16.401,False,Always On,0.0,1880.0,128465.52
2026-04-13,DRE-010,Dresses,Gradient Boosting,83.434,61.979,104.889,16.736,False,Always On,0.0,3110.0,259479.19
2026-04-13,KNI-001,Knitwear,Gradient Boosting,78.044,50.132,105.957,21.773,False,Always On,0.0,1070.0,83507.17
2026-04-13,KNI-002,Knitwear,Gradient Boosting,63.238,44.377,82.098,14.712,False,Always On,0.0,2360.0,149240.74
2026-04-13,KNI-003,Knitwear,Gradient Boosting,68.122,40.752,95.492,21.35,False,Always On,0.0,1970.0,134200.22
2026-04-13,KNI-004,Knitwear,Gradient Boosting,64.107,48.54,79.675,12.143,False,Always On,0.0,1460.0,93596.93
2026-04-13,KNI-005,Knitwear,Gradient Boosting,70.809,29.902,111.716,31.909,False,Always On,0.0,1020.0,72224.8
2026-04-13,KNI-006,Knitwear,Gradient Boosting,52.729,34.809,70.65,13.978,False,Always On,0.0,1140.0,60111.58
2026-04-13,KNI-007,Knitwear,Gradient Boosting,81.881,64.637,99.125,13.451,False,Always On,0.0,1830.0,149842.61
2026-04-13,KNI-008,Knitwear,Gradient Boosting,72.151,37.947,106.354,26.68,False,Always On,0.0,1080.0,77922.85
2026-04-13,KNI-009,Knitwear,Gradient Boosting,72.677,49.095,96.26,18.395,False,Always On,0.0,1230.0,89393.3
2026-04-13,KNI-010,Knitwear,Gradient Boosting,64.435,45.856,83.014,14.492,False,Always On,0.0,960.0,61857.6
2026-04-13,OUT-001,Outerwear,Gradient Boosting,37.455,26.874,48.037,8.254,False,Always On,0.0,1840.0,68917.95
2026-04-13,OUT-002,Outerwear,Gradient Boosting,63.131,44.628,81.634,14.433,False,Always On,0.0,3290.0,207701.06
2026-04-13,OUT-003,Outerwear,Gradient Boosting,34.782,25.062,44.503,7.582,False,Always On,0.0,2210.0,76868.93
2026-04-13,OUT-004,Outerwear,Gradient Boosting,36.163,25.075,47.252,8.65,False,Always On,0.0,3410.0,123316.88
2026-04-13,OUT-005,Outerwear,Gradient Boosting,39.077,20.895,57.26,14.183,False,Always On,0.0,1970.0,76982.4
2026-04-13,OUT-006,Outerwear,Gradient Boosting,33.467,17.793,49.14,12.226,False,Always On,0.0,3630.0,121483.62
2026-04-13,OUT-007,Outerwear,Gradient Boosting,55.772,35.409,76.136,15.884,False,Always On,0.0,4530.0,252648.72
2026-04-13,OUT-008,Outerwear,Gradient Boosting,32.463,17.401,47.525,11.749,False,Always On,0.0,3030.0,98363.72
2026-04-13,OUT-009,Outerwear,Gradient Boosting,54.947,41.343,68.551,10.611,False,Always On,0.0,2920.0,160445.14
2026-04-13,OUT-010,Outerwear,Gradient Boosting,34.1,21.756,46.443,9.629,False,Always On,0.0,4130.0,140831.01
2026-04-13,TOP-001,Tops,Gradient Boosting,78.357,64.359,92.355,10.919,False,Always On,0.0,1170.0,91677.67
2026-04-13,TOP-002,Tops,Gradient Boosting,80.191,61.643,98.739,14.468,False,Always On,0.0,1580.0,126701.78
2026-04-13,TOP-003,Tops,Gradient Boosting,84.729,68.01,101.448,13.041,False,Always On,0.0,960.0,81340.28
2026-04-13,TOP-004,Tops,Gradient Boosting,90.663,70.416,110.91,15.793,False,Always On,0.0,1490.0,135087.73
2026-04-13,TOP-005,Tops,Gradient Boosting,88.694,65.054,112.335,18.441,False,Always On,0.0,1410.0,125059.21
2026-04-13,TOP-006,Tops,Gradient Boosting,109.011,92.194,125.827,13.117,False,Always On,0.0,1870.0,203850.28
2026-04-13,TOP-007,Tops,Gradient Boosting,111.091,88.084,134.098,17.946,False,Always On,0.0,690.0,76652.89
2026-04-13,TOP-008,Tops,Gradient Boosting,95.81,71.991,119.629,18.58,False,Always On,0.0,1770.0,169583.08
2026-04-13,TOP-009,Tops,Gradient Boosting,111.626,87.752,135.501,18.623,False,Always On,0.0,980.0,109393.89
2026-04-13,TOP-010,Tops,Gradient Boosting,119.94,98.347,141.534,16.844,False,Always On,0.0,710.0,85157.47
2026-04-20,ACC-001,Accessories,Gradient Boosting,92.655,55.393,129.916,29.065,False,Always On,0.0,960.0,88948.57
2026-04-20,ACC-002,Accessories,Seasonal Naive,62.0,27.002,96.998,27.299,False,Always On,0.0,770.0,47740.0
2026-04-20,ACC-003,Accessories,Gradient Boosting,82.4,62.844,101.956,15.254,False,Always On,0.0,1430.0,117831.61
2026-04-20,ACC-004,Accessories,Gradient Boosting,75.903,52.655,99.15,18.134,False,Always On,0.0,1020.0,77420.79
2026-04-20,ACC-005,Accessories,Gradient Boosting,66.33,43.795,88.866,17.578,False,Always On,0.0,840.0,55717.52
2026-04-20,ACC-006,Accessories,Gradient Boosting,101.67,58.157,145.182,33.941,False,Always On,0.0,540.0,54901.79
2026-04-20,ACC-007,Accessories,Gradient Boosting,77.411,53.88,100.943,18.355,False,Always On,0.0,1330.0,102956.96
2026-04-20,ACC-008,Accessories,Gradient Boosting,92.938,56.524,129.353,28.404,False,Always On,0.0,860.0,79926.99
2026-04-20,ACC-009,Accessories,Gradient Boosting,71.966,46.255,97.678,20.056,False,Always On,0.0,1200.0,86359.73
2026-04-20,ACC-010,Accessories,Gradient Boosting,73.231,41.701,104.76,24.594,False,Always On,0.0,1030.0,75427.56
2026-04-20,BOT-001,Bottoms,Gradient Boosting,73.38,58.141,88.619,11.887,False,Always On,0.0,1810.0,132818.16
2026-04-20,BOT-002,Bottoms,Gradient Boosting,82.039,53.461,110.617,22.292,False,Always On,0.0,1250.0,102548.32
2026-04-20,BOT-003,Bottoms,Gradient Boosting,76.194,57.724,94.664,14.407,False,Always On,0.0,1360.0,103623.94
2026-04-20,BOT-004,Bottoms,Gradient Boosting,66.543,51.854,81.233,11.458,False,Always On,0.0,2270.0,151053.7
2026-04-20,BOT-005,Bottoms,Seasonal Naive,60.0,33.052,86.948,21.02,False,Always On,0.0,1650.0,99000.0
2026-04-20,BOT-006,Bottoms,Gradient Boosting,85.012,60.027,109.997,19.489,False,Always On,0.0,1840.0,156422.12
2026-04-20,BOT-007,Bottoms,Gradient Boosting,67.579,44.502,90.656,18.001,False,Always On,0.0,1920.0,129751.38
2026-04-20,BOT-008,Bottoms,Gradient Boosting,69.21,51.334,87.086,13.944,False,Always On,0.0,1930.0,133574.77
2026-04-20,BOT-009,Bottoms,Seasonal Naive,57.0,39.787,74.213,13.427,False,Always On,0.0,2270.0,129390.0
2026-04-20,BOT-010,Bottoms,Gradient Boosting,65.473,49.655,81.29,12.338,False,Always On,0.0,1300.0,85114.26
2026-04-20,DRE-001,Dresses,Gradient Boosting,92.505,62.273,122.737,23.582,False,Always On,0.0,2810.0,259938.09
2026-04-20,DRE-002,Dresses,Seasonal Naive,63.0,45.637,80.363,13.544,False,Always On,0.0,3190.0,200970.0
2026-04-20,DRE-003,Dresses,Gradient Boosting,72.392,56.772,88.012,12.184,False,Always On,0.0,2470.0,178808.67
2026-04-20,DRE-004,Dresses,Gradient Boosting,94.83,69.186,120.475,20.004,False,Always On,0.0,3120.0,295870.38
2026-04-20,DRE-005,Dresses,Gradient Boosting,76.186,52.779,99.592,18.258,False,Always On,0.0,2080.0,158466.22
2026-04-20,DRE-006,Dresses,Gradient Boosting,102.535,74.376,130.694,21.965,False,Always On,0.0,3150.0,322986.2
2026-04-20,DRE-007,Dresses,Seasonal Naive,63.0,45.135,80.865,13.935,False,Always On,0.0,3150.0,198450.0
2026-04-20,DRE-008,Dresses,Gradient Boosting,71.562,55.802,87.322,12.293,False,Always On,0.0,2920.0,208961.27
2026-04-20,DRE-009,Dresses,Gradient Boosting,76.858,55.832,97.884,16.401,False,Always On,0.0,1880.0,144492.68
2026-04-20,DRE-010,Dresses,Gradient Boosting,86.66,65.205,108.115,16.736,False,Always On,0.0,3110.0,269512.51
2026-04-20,KNI-001,Knitwear,Gradient Boosting,80.102,52.189,108.014,21.773,False,Always On,0.0,1070.0,85708.69
2026-04-20,KNI-002,Knitwear,Gradient Boosting,58.097,39.236,76.957,14.712,False,Always On,0.0,2360.0,137108.28
2026-04-20,KNI-003,Knitwear,Gradient Boosting,69.362,41.991,96.732,21.35,False,Always On,0.0,1970.0,136642.63
2026-04-20,KNI-004,Knitwear,Gradient Boosting,65.066,49.498,80.633,12.143,False,Always On,0.0,1460.0,94995.68
2026-04-20,KNI-005,Knitwear,Gradient Boosting,71.282,30.375,112.189,31.909,False,Always On,0.0,1020.0,72707.16
2026-04-20,KNI-006,Knitwear,Gradient Boosting,54.622,36.702,72.542,13.978,False,Always On,0.0,1140.0,62269.0
2026-04-20,KNI-007,Knitwear,Gradient Boosting,82.855,65.611,100.099,13.451,False,Always On,0.0,1830.0,151624.3
2026-04-20,KNI-008,Knitwear,Gradient Boosting,68.432,34.229,102.636,26.68,False,Always On,0.0,1080.0,73907.02
2026-04-20,KNI-009,Knitwear,Gradient Boosting,67.928,44.346,91.511,18.395,False,Always On,0.0,1230.0,83552.05
2026-04-20,KNI-010,Knitwear,Gradient Boosting,60.811,42.232,79.39,14.492,False,Always On,0.0,960.0,58378.12
2026-04-20,OUT-001,Outerwear,Gradient Boosting,34.14,23.558,44.722,8.254,False,Always On,0.0,1840.0,62818.04
2026-04-20,OUT-002,Outerwear,Gradient Boosting,61.432,42.929,79.934,14.433,False,Always On,0.0,3290.0,202109.9
2026-04-20,OUT-003,Outerwear,Gradient Boosting,32.386,22.666,42.107,7.582,False,Always On,0.0,2210.0,71573.88
2026-04-20,OUT-004,Outerwear,Gradient Boosting,29.358,18.269,40.446,8.65,False,Always On,0.0,3410.0,100109.97
2026-04-20,OUT-005,Outerwear,Gradient Boosting,35.61,17.428,53.793,14.183,False,Always On,0.0,1970.0,70151.85
2026-04-20,OUT-006,Outerwear,Gradient Boosting,31.597,15.923,47.271,12.226,False,Always On,0.0,3630.0,114696.25
2026-04-20,OUT-007,Outerwear,Gradient Boosting,54.673,34.309,75.036,15.884,False,Always On,0.0,4530.0,247667.91
2026-04-20,OUT-008,Outerwear,Gradient Boosting,29.966,14.904,45.028,11.749,False,Always On,0.0,3030.0,90795.78
2026-04-20,OUT-009,Outerwear,Gradient Boosting,56.908,43.304,70.512,10.611,False,Always On,0.0,2920.0,166170.68
2026-04-20,OUT-010,Outerwear,Gradient Boosting,35.351,23.007,47.694,9.629,False,Always On,0.0,4130.0,145998.06
2026-04-20,TOP-001,Tops,Gradient Boosting,82.491,68.493,96.489,10.919,False,Always On,0.0,1170.0,96514.17
2026-04-20,TOP-002,Tops,Gradient Boosting,77.737,59.188,96.285,14.468,False,Always On,0.0,1580.0,122823.68
2026-04-20,TOP-003,Tops,Gradient Boosting,84.515,67.796,101.234,13.041,False,Always On,0.0,960.0,81134.29
2026-04-20,TOP-004,Tops,Gradient Boosting,92.361,72.114,112.607,15.793,False,Always On,0.0,1490.0,137617.44
2026-04-20,TOP-005,Tops,Gradient Boosting,91.729,68.088,115.37,18.441,False,Always On,0.0,1410.0,129337.89
2026-04-20,TOP-006,Tops,Gradient Boosting,115.406,98.589,132.223,13.117,False,Always On,0.0,1870.0,215809.06
2026-04-20,TOP-007,Tops,Gradient Boosting,110.218,87.211,133.225,17.946,False,Always On,0.0,690.0,76050.32
2026-04-20,TOP-008,Tops,Gradient Boosting,98.387,74.568,122.206,18.58,False,Always On,0.0,1770.0,174145.17
2026-04-20,TOP-009,Tops,Gradient Boosting,125.122,101.248,148.997,18.623,False,Always On,0.0,980.0,122619.93
2026-04-20,TOP-010,Tops,Gradient Boosting,117.831,96.238,139.425,16.844,False,Always On,0.0,710.0,83660.36
2026-04-27,ACC-001,Accessories,Gradient Boosting,87.041,49.779,124.302,29.065,False,Always On,0.0,960.0,83559.06
2026-04-27,ACC-002,Accessories,Seasonal Naive,70.0,35.002,104.998,27.299,False,Always On,0.0,770.0,53900.0
2026-04-27,ACC-003,Accessories,Gradient Boosting,81.104,61.548,100.66,15.254,False,Always On,0.0,1430.0,115979.05
2026-04-27,ACC-004,Accessories,Gradient Boosting,69.983,46.735,93.231,18.134,False,Always On,0.0,1020.0,71382.59
2026-04-27,ACC-005,Accessories,Gradient Boosting,67.904,45.368,90.439,17.578,False,Always On,0.0,840.0,57038.95
2026-04-27,ACC-006,Accessories,Gradient Boosting,95.784,52.271,139.296,33.941,False,Always On,0.0,540.0,51723.21
2026-04-27,ACC-007,Accessories,Gradient Boosting,73.366,49.834,96.897,18.355,False,Always On,0.0,1330.0,97576.25
2026-04-27,ACC-008,Accessories,Gradient Boosting,90.207,53.793,126.621,28.404,False,Always On,0.0,860.0,77578.12
2026-04-27,ACC-009,Accessories,Gradient Boosting,71.705,45.994,97.417,20.056,False,Always On,0.0,1200.0,86046.4
2026-04-27,ACC-010,Accessories,Gradient Boosting,87.715,56.185,119.244,24.594,False,Always On,0.0,1030.0,90346.08
2026-04-27,BOT-001,Bottoms,Gradient Boosting,71.605,56.366,86.844,11.887,False,Always On,0.0,1810.0,129605.61
2026-04-27,BOT-002,Bottoms,Gradient Boosting,81.421,52.843,109.999,22.292,False,Always On,0.0,1250.0,101775.98
2026-04-27,BOT-003,Bottoms,Gradient Boosting,72.353,53.883,90.823,14.407,False,Always On,0.0,1360.0,98399.8
2026-04-27,BOT-004,Bottoms,Gradient Boosting,68.734,54.045,83.423,11.458,False,Always On,0.0,2270.0,156025.61
2026-04-27,BOT-005,Bottoms,Seasonal Naive,86.0,59.052,112.948,21.02,False,Always On,0.0,1650.0,141900.0
2026-04-27,BOT-006,Bottoms,Gradient Boosting,86.134,61.149,111.119,19.489,False,Always On,0.0,1840.0,158486.72
2026-04-27,BOT-007,Bottoms,Gradient Boosting,69.521,46.444,92.597,18.001,False,Always On,0.0,1920.0,133479.39
2026-04-27,BOT-008,Bottoms,Gradient Boosting,70.054,52.178,87.93,13.944,False,Always On,0.0,1930.0,135203.61
2026-04-27,BOT-009,Bottoms,Seasonal Naive,39.0,21.787,56.213,13.427,False,Always On,0.0,2270.0,88530.0
2026-04-27,BOT-010,Bottoms,Gradient Boosting,68.338,52.521,84.156,12.338,False,Always On,0.0,1300.0,88839.92
2026-04-27,DRE-001,Dresses,Gradient Boosting,87.593,57.361,117.825,23.582,False,Always On,0.0,2810.0,246137.23
2026-04-27,DRE-002,Dresses,Seasonal Naive,63.0,45.637,80.363,13.544,False,Always On,0.0,3190.0,200970.0
2026-04-27,DRE-003,Dresses,Gradient Boosting,68.124,52.503,83.744,12.184,False,Always On,0.0,2470.0,168265.18
2026-04-27,DRE-004,Dresses,Gradient Boosting,92.36,66.715,118.005,20.004,False,Always On,0.0,3120.0,288163.89
2026-04-27,DRE-005,Dresses,Gradient Boosting,88.218,64.811,111.624,18.258,False,Always On,0.0,2080.0,183492.67
2026-04-27,DRE-006,Dresses,Gradient Boosting,105.442,77.283,133.601,21.965,False,Always On,0.0,3150.0,332141.39
2026-04-27,DRE-007,Dresses,Seasonal Naive,41.0,23.135,58.865,13.935,False,Always On,0.0,3150.0,129150.0
2026-04-27,DRE-008,Dresses,Gradient Boosting,74.546,58.786,90.307,12.293,False,Always On,0.0,2920.0,217675.2
2026-04-27,DRE-009,Dresses,Gradient Boosting,77.931,56.906,98.957,16.401,False,Always On,0.0,1880.0,146510.88
2026-04-27,DRE-010,Dresses,Gradient Boosting,89.169,67.713,110.624,16.736,False,Always On,0.0,3110.0,277314.1
2026-04-27,KNI-001,Knitwear,Gradient Boosting,72.825,44.912,100.737,21.773,False,Always On,0.0,1070.0,77922.36
2026-04-27,KNI-002,Knitwear,Gradient Boosting,57.143,38.283,76.004,14.712,False,Always On,0.0,2360.0,134858.09
2026-04-27,KNI-003,Knitwear,Gradient Boosting,67.486,40.116,94.857,21.35,False,Always On,0.0,1970.0,132947.91
2026-04-27,KNI-004,Knitwear,Gradient Boosting,61.0,45.433,76.567,12.143,False,Always On,0.0,1460.0,89059.59
2026-04-27,KNI-005,Knitwear,Gradient Boosting,67.708,26.801,108.615,31.909,False,Always On,0.0,1020.0,69062.08
2026-04-27,KNI-006,Knitwear,Gradient Boosting,52.623,34.703,70.543,13.978,False,Always On,0.0,1140.0,59989.99
2026-04-27,KNI-007,Knitwear,Gradient Boosting,81.75,64.505,98.994,13.451,False,Always On,0.0,1830.0,149601.61
2026-04-27,KNI-008,Knitwear,Gradient Boosting,66.73,32.526,100.933,26.68,False,Always On,0.0,1080.0,72067.9
2026-04-27,KNI-009,Knitwear,Gradient Boosting,68.057,44.475,91.64,18.395,False,Always On,0.0,1230.0,83710.27
2026-04-27,KNI-010,Knitwear,Gradient Boosting,56.501,37.922,75.08,14.492,False,Always On,0.0,960.0,54240.6
2026-04-27,OUT-001,Outerwear,Gradient Boosting,33.601,23.019,44.183,8.254,False,Always On,0.0,1840.0,61825.85
2026-04-27,OUT-002,Outerwear,Gradient Boosting,58.027,39.524,76.53,14.433,False,Always On,0.0,3290.0,190909.08
2026-04-27,OUT-003,Outerwear,Gradient Boosting,30.611,20.891,40.331,7.582,False,Always On,0.0,2210.0,67650.56
2026-04-27,OUT-004,Outerwear,Gradient Boosting,29.124,18.036,40.213,8.65,False,Always On,0.0,3410.0,99313.48
2026-04-27,OUT-005,Outerwear,Gradient Boosting,37.649,19.467,55.832,14.183,False,Always On,0.0,1970.0,74168.62
2026-04-27,OUT-006,Outerwear,Gradient Boosting,29.703,14.029,45.377,12.226,False,Always On,0.0,3630.0,107820.86
2026-04-27,OUT-007,Outerwear,Gradient Boosting,57.141,36.778,77.505,15.884,False,Always On,0.0,4530.0,258850.2
2026-04-27,OUT-008,Outerwear,Gradient Boosting,29.558,14.496,44.62,11.749,False,Always On,0.0,3030.0,89561.89
2026-04-27,OUT-009,Outerwear,Gradient Boosting,54.153,40.55,67.757,10.611,False,Always On,0.0,2920.0,158127.77
2026-04-27,OUT-010,Outerwear,Gradient Boosting,32.175,19.831,44.519,9.629,False,Always On,0.0,4130.0,132883.57
2026-04-27,TOP-001,Tops,Gradient Boosting,83.598,69.599,97.596,10.919,False,Always On,0.0,1170.0,97809.11
2026-04-27,TOP-002,Tops,Gradient Boosting,86.845,68.296,105.393,14.468,False,Always On,0.0,1580.0,137214.62
2026-04-27,TOP-003,Tops,Gradient Boosting,90.585,73.866,107.304,13.041,False,Always On,0.0,960.0,86961.24
2026-04-27,TOP-004,Tops,Gradient Boosting,94.255,74.008,114.501,15.793,False,Always On,0.0,1490.0,140439.5
2026-04-27,TOP-005,Tops,Gradient Boosting,89.466,65.825,113.107,18.441,False,Always On,0.0,1410.0,126147.44
2026-04-27,TOP-006,Tops,Gradient Boosting,96.319,79.502,113.135,13.117,False,Always On,0.0,1870.0,180115.61
2026-04-27,TOP-007,Tops,Gradient Boosting,110.034,87.027,133.041,17.946,False,Always On,0.0,690.0,75923.55
2026-04-27,TOP-008,Tops,Gradient Boosting,105.699,81.88,129.518,18.58,False,Always On,0.0,1770.0,187086.72
2026-04-27,TOP-009,Tops,Gradient Boosting,113.167,89.293,137.041,18.623,False,Always On,0.0,980.0,110903.96
2026-04-27,TOP-010,Tops,Gradient Boosting,116.905,95.311,138.498,16.844,False,Always On,0.0,710.0,83002.31
2026-05-04,ACC-001,Accessories,Gradient Boosting,78.104,40.843,115.365,29.065,False,Always On,0.0,960.0,74979.81
2026-05-04,ACC-002,Accessories,Seasonal Naive,87.0,52.002,121.998,27.299,False,Always On,0.0,770.0,66990.0
2026-05-04,ACC-003,Accessories,Gradient Boosting,77.217,57.661,96.773,15.254,False,Always On,0.0,1430.0,110420.1
2026-05-04,ACC-004,Accessories,Gradient Boosting,73.144,49.896,96.392,18.134,False,Always On,0.0,1020.0,74606.77
2026-05-04,ACC-005,Accessories,Gradient Boosting,63.696,41.161,86.231,17.578,False,Always On,0.0,840.0,53504.61
2026-05-04,ACC-006,Accessories,Gradient Boosting,108.227,64.714,151.739,33.941,False,Always On,0.0,540.0,58442.33
2026-05-04,ACC-007,Accessories,Gradient Boosting,78.03,54.498,101.561,18.355,False,Always On,0.0,1330.0,103779.27
2026-05-04,ACC-008,Accessories,Gradient Boosting,82.374,45.959,118.788,28.404,False,Always On,0.0,860.0,70841.25
2026-05-04,ACC-009,Accessories,Gradient Boosting,72.929,47.217,98.64,20.056,False,Always On,0.0,1200.0,87514.41
2026-05-04,ACC-010,Accessories,Gradient Boosting,74.124,42.594,105.653,24.594,False,Always On,0.0,1030.0,76347.58
2026-05-04,BOT-001,Bottoms,Gradient Boosting,77.001,61.762,92.24,11.887,False,Always On,0.0,1810.0,139372.22
2026-05-04,BOT-002,Bottoms,Gradient Boosting,80.619,52.041,109.197,22.292,False,Always On,0.0,1250.0,100774.09
2026-05-04,BOT-003,Bottoms,Gradient Boosting,77.02,58.55,95.49,14.407,False,Always On,0.0,1360.0,104747.2
2026-05-04,BOT-004,Bottoms,Gradient Boosting,70.734,56.045,85.423,11.458,False,Always On,0.0,2270.0,160565.63
2026-05-04,BOT-005,Bottoms,Seasonal Naive,79.0,52.052,105.948,21.02,False,Always On,0.0,1650.0,130350.0
2026-05-04,BOT-006,Bottoms,Gradient Boosting,81.872,56.887,106.857,19.489,False,Always On,0.0,1840.0,150644.75
2026-05-04,BOT-007,Bottoms,Gradient Boosting,71.588,48.511,94.664,18.001,False,Always On,0.0,1920.0,137448.2
2026-05-04,BOT-008,Bottoms,Gradient Boosting,69.57,51.694,87.446,13.944,False,Always On,0.0,1930.0,134270.08
2026-05-04,BOT-009,Bottoms,Seasonal Naive,59.0,41.787,76.213,13.427,False,Always On,0.0,2270.0,133930.0
2026-05-04,BOT-010,Bottoms,Gradient Boosting,65.43,49.612,81.247,12.338,False,Always On,0.0,1300.0,85058.59
2026-05-04,DRE-001,Dresses,Gradient Boosting,91.956,61.724,122.188,23.582,False,Always On,0.0,2810.0,258397.42
2026-05-04,DRE-002,Dresses,Seasonal Naive,86.0,68.637,103.363,13.544,False,Always On,0.0,3190.0,274340.0
2026-05-04,DRE-003,Dresses,Gradient Boosting,76.615,60.995,92.235,12.184,False,Always On,0.0,2470.0,189238.72
2026-05-04,DRE-004,Dresses,Gradient Boosting,96.441,70.796,122.085,20.004,False,Always On,0.0,3120.0,300894.46
2026-05-04,DRE-005,Dresses,Gradient Boosting,84.694,61.288,108.101,18.258,False,Always On,0.0,2080.0,176164.54
2026-05-04,DRE-006,Dresses,Gradient Boosting,108.76,80.601,136.919,21.965,False,Always On,0.0,3150.0,342595.34
2026-05-04,DRE-007,Dresses,Seasonal Naive,45.0,27.135,62.865,13.935,False,Always On,0.0,3150.0,141750.0
2026-05-04,DRE-008,Dresses,Gradient Boosting,70.956,55.196,86.716,12.293,False,Always On,0.0,2920.0,207190.98
2026-05-04,DRE-009,Dresses,Gradient Boosting,91.225,70.2,112.251,16.401,False,Always On,0.0,1880.0,171503.59
2026-05-04,DRE-010,Dresses,Gradient Boosting,85.135,63.68,106.59,16.736,False,Always On,0.0,3110.0,264770.19
2026-05-04,KNI-001,Knitwear,Gradient Boosting,73.375,45.462,101.287,21.773,False,Always On,0.0,1070.0,78511.0
2026-05-04,KNI-002,Knitwear,Gradient Boosting,54.732,35.871,73.592,14.712,False,Always On,0.0,2360.0,129166.87
2026-05-04,KNI-003,Knitwear,Gradient Boosting,67.733,40.363,95.104,21.35,False,Always On,0.0,1970.0,133434.49
2026-05-04,KNI-004,Knitwear,Gradient Boosting,57.31,41.743,72.877,12.143,False,Always On,0.0,1460.0,83672.53
2026-05-04,KNI-005,Knitwear,Gradient Boosting,63.216,22.309,104.123,31.909,False,Always On,0.0,1020.0,64480.19
2026-05-04,KNI-006,Knitwear,Gradient Boosting,49.446,31.526,67.367,13.978,False,Always On,0.0,1140.0,56368.97
2026-05-04,KNI-007,Knitwear,Gradient Boosting,82.182,64.938,99.426,13.451,False,Always On,0.0,1830.0,150393.1
2026-05-04,KNI-008,Knitwear,Gradient Boosting,67.372,33.168,101.575,26.68,False,Always On,0.0,1080.0,72761.58
2026-05-04,KNI-009,Knitwear,Gradient Boosting,66.424,42.841,90.006,18.395,False,Always On,0.0,1230.0,81701.41
2026-05-04,KNI-010,Knitwear,Gradient Boosting,54.529,35.95,73.108,14.492,False,Always On,0.0,960.0,52347.77
2026-05-04,OUT-001,Outerwear,Gradient Boosting,33.318,22.736,43.9,8.254,False,Always On,0.0,1840.0,61305.48
2026-05-04,OUT-002,Outerwear,Gradient Boosting,55.25,36.748,73.753,14.433,False,Always On,0.0,3290.0,181773.31
2026-05-04,OUT-003,Outerwear,Gradient Boosting,29.781,20.06,39.501,7.582,False,Always On,0.0,2210.0,65814.91
2026-05-04,OUT-004,Outerwear,Gradient Boosting,28.883,17.795,39.972,8.65,False,Always On,0.0,3410.0,98492.29
2026-05-04,OUT-005,Outerwear,Gradient Boosting,32.387,14.205,50.569,14.183,False,Always On,0.0,1970.0,63802.38
2026-05-04,OUT-006,Outerwear,Gradient Boosting,29.564,13.89,45.238,12.226,False,Always On,0.0,3630.0,107316.64
2026-05-04,OUT-007,Outerwear,Gradient Boosting,54.66,34.296,75.023,15.884,False,Always On,0.0,4530.0,247607.81
2026-05-04,OUT-008,Outerwear,Gradient Boosting,28.971,13.909,44.033,11.749,False,Always On,0.0,3030.0,87783.34
2026-05-04,OUT-009,Outerwear,Gradient Boosting,49.702,36.098,63.306,10.611,False,Always On,0.0,2920.0,145130.46
2026-05-04,OUT-010,Outerwear,Gradient Boosting,31.14,18.796,43.484,9.629,False,Always On,0.0,4130.0,128609.39
2026-05-04,TOP-001,Tops,Gradient Boosting,79.976,65.978,93.974,10.919,False,Always On,0.0,1170.0,93571.43
2026-05-04,TOP-002,Tops,Gradient Boosting,83.729,65.181,102.277,14.468,False,Always On,0.0,1580.0,132291.73
2026-05-04,TOP-003,Tops,Gradient Boosting,84.972,68.253,101.691,13.041,False,Always On,0.0,960.0,81572.84
2026-05-04,TOP-004,Tops,Gradient Boosting,96.415,76.168,116.661,15.793,False,Always On,0.0,1490.0,143657.69
2026-05-04,TOP-005,Tops,Gradient Boosting,99.283,75.642,122.924,18.441,False,Always On,0.0,1410.0,139989.23
2026-05-04,TOP-006,Tops,Gradient Boosting,117.544,100.728,134.361,13.117,False,Always On,0.0,1870.0,219808.09
2026-05-04,TOP-007,Tops,Gradient Boosting,113.088,90.081,136.094,17.946,False,Always On,0.0,690.0,78030.48
2026-05-04,TOP-008,Tops,Gradient Boosting,103.77,79.951,127.589,18.58,False,Always On,0.0,1770.0,183672.42
2026-05-04,TOP-009,Tops,Gradient Boosting,114.457,90.583,138.331,18.623,False,Always On,0.0,980.0,112167.79
2026-05-04,TOP-010,Tops,Gradient Boosting,126.601,105.007,148.194,16.844,False,Always On,0.0,710.0,89886.68
2026-05-11,ACC-001,Accessories,Gradient Boosting,82.137,44.876,119.398,29.065,False,Always On,0.0,960.0,78851.52
2026-05-11,ACC-002,Accessories,Seasonal Naive,56.0,21.002,90.998,27.299,False,Always On,0.0,770.0,43120.0
2026-05-11,ACC-003,Accessories,Gradient Boosting,77.393,57.838,96.949,15.254,False,Always On,0.0,1430.0,110672.62
2026-05-11,ACC-004,Accessories,Gradient Boosting,73.631,50.384,96.879,18.134,False,Always On,0.0,1020.0,75103.81
2026-05-11,ACC-005,Accessories,Gradient Boosting,61.086,38.551,83.621,17.578,False,Always On,0.0,840.0,51312.21
2026-05-11,ACC-006,Accessories,Gradient Boosting,106.03,62.518,149.543,33.941,False,Always On,0.0,540.0,57256.43
2026-05-11,ACC-007,Accessories,Gradient Boosting,76.853,53.322,100.385,18.355,False,Always On,0.0,1330.0,102214.76
2026-05-11,ACC-008,Accessories,Gradient Boosting,83.747,47.333,120.161,28.404,False,Always On,0.0,860.0,72022.43
2026-05-11,ACC-009,Accessories,Gradient Boosting,70.863,45.151,96.574,20.056,False,Always On,0.0,1200.0,85035.04
2026-05-11,ACC-010,Accessories,Gradient Boosting,72.895,41.366,104.425,24.594,False,Always On,0.0,1030.0,75082.06
2026-05-11,BOT-001,Bottoms,Gradient Boosting,70.737,55.498,85.976,11.887,False,Always On,0.0,1810.0,128034.2
2026-05-11,BOT-002,Bottoms,Gradient Boosting,83.372,54.794,111.95,22.292,False,Always On,0.0,1250.0,104214.55
2026-05-11,BOT-003,Bottoms,Gradient Boosting,82.16,63.69,100.63,14.407,False,Always On,0.0,1360.0,111737.32
2026-05-11,BOT-004,Bottoms,Gradient Boosting,72.243,57.554,86.932,11.458,False,Always On,0.0,2270.0,163991.82
2026-05-11,BOT-005,Bottoms,Seasonal Naive,79.0,52.052,105.948,21.02,False,Always On,0.0,1650.0,130350.0
2026-05-11,BOT-006,Bottoms,Gradient Boosting,87.78,62.795,112.765,19.489,False,Always On,0.0,1840.0,161514.85
2026-05-11,BOT-007,Bottoms,Gradient Boosting,79.518,56.441,102.595,18.001,False,Always On,0.0,1920.0,152674.15
2026-05-11,BOT-008,Bottoms,Gradient Boosting,67.695,49.819,85.571,13.944,False,Always On,0.0,1930.0,130651.88
2026-05-11,BOT-009,Bottoms,Seasonal Naive,40.0,22.787,57.213,13.427,False,Always On,0.0,2270.0,90800.0
2026-05-11,BOT-010,Bottoms,Gradient Boosting,64.463,48.645,80.281,12.338,False,Always On,0.0,1300.0,83801.91
2026-05-11,DRE-001,Dresses,Gradient Boosting,92.522,62.29,122.754,23.582,False,Always On,0.0,2810.0,259987.67
2026-05-11,DRE-002,Dresses,Seasonal Naive,85.0,67.637,102.363,13.544,False,Always On,0.0,3190.0,271150.0
2026-05-11,DRE-003,Dresses,Gradient Boosting,73.005,57.385,88.626,12.184,False,Always On,0.0,2470.0,180323.31
2026-05-11,DRE-004,Dresses,Gradient Boosting,103.974,78.329,129.619,20.004,False,Always On,0.0,3120.0,324398.19
2026-05-11,DRE-005,Dresses,Gradient Boosting,93.955,70.548,117.361,18.258,False,Always On,0.0,2080.0,195425.49
2026-05-11,DRE-006,Dresses,Gradient Boosting,116.163,88.004,144.322,21.965,False,Always On,0.0,3150.0,365914.77
2026-05-11,DRE-007,Dresses,Seasonal Naive,59.0,41.135,76.865,13.935,False,Always On,0.0,3150.0,185850.0
2026-05-11,DRE-008,Dresses,Gradient Boosting,77.919,62.159,93.679,12.293,False,Always On,0.0,2920.0,227523.47
2026-05-11,DRE-009,Dresses,Gradient Boosting,73.993,52.968,95.019,16.401,False,Always On,0.0,1880.0,139107.51
2026-05-11,DRE-010,Dresses,Gradient Boosting,89.602,68.147,111.058,16.736,False,Always On,0.0,3110.0,278663.03
2026-05-11,KNI-001,Knitwear,Gradient Boosting,72.202,44.29,100.115,21.773,False,Always On,0.0,1070.0,77256.55
2026-05-11,KNI-002,Knitwear,Gradient Boosting,55.63,36.769,74.49,14.712,False,Always On,0.0,2360.0,131285.7
2026-05-11,KNI-003,Knitwear,Gradient Boosting,68.627,41.257,95.998,21.35,False,Always On,0.0,1970.0,135195.38
2026-05-11,KNI-004,Knitwear,Gradient Boosting,53.123,37.556,68.69,12.143,False,Always On,0.0,1460.0,77559.28
2026-05-11,KNI-005,Knitwear,Gradient Boosting,60.091,19.184,100.998,31.909,False,Always On,0.0,1020.0,61293.25
2026-05-11,KNI-006,Knitwear,Gradient Boosting,45.717,27.797,63.637,13.978,False,Always On,0.0,1140.0,52117.42
2026-05-11,KNI-007,Knitwear,Gradient Boosting,76.953,59.709,94.197,13.451,False,Always On,0.0,1830.0,140824.02
2026-05-11,KNI-008,Knitwear,Gradient Boosting,61.04,26.836,95.243,26.68,False,Always On,0.0,1080.0,65922.78
2026-05-11,KNI-009,Knitwear,Gradient Boosting,59.967,36.384,83.549,18.395,False,Always On,0.0,1230.0,73758.98
2026-05-11,KNI-010,Knitwear,Gradient Boosting,53.473,34.894,72.052,14.492,False,Always On,0.0,960.0,51333.98
2026-05-11,OUT-001,Outerwear,Gradient Boosting,31.505,20.923,42.087,8.254,False,Always On,0.0,1840.0,57969.19
2026-05-11,OUT-002,Outerwear,Gradient Boosting,56.158,37.655,74.661,14.433,False,Always On,0.0,3290.0,184760.51
2026-05-11,OUT-003,Outerwear,Gradient Boosting,29.99,20.27,39.711,7.582,False,Always On,0.0,2210.0,66278.71
2026-05-11,OUT-004,Outerwear,Gradient Boosting,26.017,14.929,37.106,8.65,False,Always On,0.0,3410.0,88719.61
2026-05-11,OUT-005,Outerwear,Gradient Boosting,33.403,15.22,51.585,14.183,False,Always On,0.0,1970.0,65803.76
2026-05-11,OUT-006,Outerwear,Gradient Boosting,26.785,11.111,42.459,12.226,False,Always On,0.0,3630.0,97228.64
2026-05-11,OUT-007,Outerwear,Gradient Boosting,50.452,30.088,70.815,15.884,False,Always On,0.0,4530.0,228546.89
2026-05-11,OUT-008,Outerwear,Gradient Boosting,26.931,11.869,41.993,11.749,False,Always On,0.0,3030.0,81602.34
2026-05-11,OUT-009,Outerwear,Gradient Boosting,47.463,33.859,61.067,10.611,False,Always On,0.0,2920.0,138591.41
2026-05-11,OUT-010,Outerwear,Gradient Boosting,30.289,17.945,42.633,9.629,False,Always On,0.0,4130.0,125093.68
2026-05-11,TOP-001,Tops,Gradient Boosting,85.678,71.68,99.676,10.919,False,Always On,0.0,1170.0,100243.09
2026-05-11,TOP-002,Tops,Gradient Boosting,81.285,62.737,99.834,14.468,False,Always On,0.0,1580.0,128430.64
2026-05-11,TOP-003,Tops,Gradient Boosting,93.246,76.527,109.965,13.041,False,Always On,0.0,960.0,89515.71
2026-05-11,TOP-004,Tops,Gradient Boosting,98.275,78.028,118.522,15.793,False,Always On,0.0,1490.0,146430.03
2026-05-11,TOP-005,Tops,Gradient Boosting,99.281,75.64,122.921,18.441,False,Always On,0.0,1410.0,139985.77
2026-05-11,TOP-006,Tops,Gradient Boosting,115.602,98.786,132.419,13.117,False,Always On,0.0,1870.0,216176.4
2026-05-11,TOP-007,Tops,Gradient Boosting,114.458,91.452,137.465,17.946,False,Always On,0.0,690.0,78976.33
2026-05-11,TOP-008,Tops,Gradient Boosting,103.974,80.155,127.793,18.58,False,Always On,0.0,1770.0,184034.03
2026-05-11,TOP-009,Tops,Gradient Boosting,149.906,126.032,173.78,18.623,False,Always On,0.0,980.0,146907.55
2026-05-11,TOP-010,Tops,Gradient Boosting,113.998,92.405,135.592,16.844,False,Always On,0.0,710.0,80938.83
2026-05-18,ACC-001,Accessories,Gradient Boosting,80.553,43.292,117.815,29.065,False,Always On,0.0,960.0,77331.22
2026-05-18,ACC-002,Accessories,Seasonal Naive,58.0,23.002,92.998,27.299,False,Always On,0.0,770.0,44660.0
2026-05-18,ACC-003,Accessories,Gradient Boosting,77.071,57.515,96.627,15.254,False,Always On,0.0,1430.0,110211.6
2026-05-18,ACC-004,Accessories,Gradient Boosting,69.339,46.091,92.586,18.134,False,Always On,0.0,1020.0,70725.64
2026-05-18,ACC-005,Accessories,Gradient Boosting,60.054,37.519,82.59,17.578,False,Always On,0.0,840.0,50445.62
2026-05-18,ACC-006,Accessories,Gradient Boosting,100.495,56.982,144.007,33.941,False,Always On,0.0,540.0,54267.25
2026-05-18,ACC-007,Accessories,Gradient Boosting,76.744,53.213,100.275,18.355,False,Always On,0.0,1330.0,102069.67
2026-05-18,ACC-008,Accessories,Gradient Boosting,85.856,49.442,122.27,28.404,False,Always On,0.0,860.0,73836.08
2026-05-18,ACC-009,Accessories,Gradient Boosting,66.444,40.733,92.156,20.056,False,Always On,0.0,1200.0,79733.27
2026-05-18,ACC-010,Accessories,Gradient Boosting,76.056,44.527,107.586,24.594,False,Always On,0.0,1030.0,78338.01
2026-05-18,BOT-001,Bottoms,Gradient Boosting,69.87,54.631,85.109,11.887,False,Always On,0.0,1810.0,126464.73
2026-05-18,BOT-002,Bottoms,Gradient Boosting,82.623,54.045,111.201,22.292,False,Always On,0.0,1250.0,103278.85
2026-05-18,BOT-003,Bottoms,Gradient Boosting,90.364,71.894,108.833,14.407,False,Always On,0.0,1360.0,122894.45
2026-05-18,BOT-004,Bottoms,Gradient Boosting,68.113,53.424,82.802,11.458,False,Always On,0.0,2270.0,154616.63
2026-05-18,BOT-005,Bottoms,Seasonal Naive,92.0,65.052,118.948,21.02,False,Always On,0.0,1650.0,151800.0
2026-05-18,BOT-006,Bottoms,Gradient Boosting,89.16,64.175,114.145,19.489,False,Always On,0.0,1840.0,164053.81
2026-05-18,BOT-007,Bottoms,Gradient Boosting,65.366,42.289,88.443,18.001,False,Always On,0.0,1920.0,125503.41
2026-05-18,BOT-008,Bottoms,Gradient Boosting,71.048,53.172,88.924,13.944,False,Always On,0.0,1930.0,137122.49
2026-05-18,BOT-009,Bottoms,Seasonal Naive,41.0,23.787,58.213,13.427,False,Always On,0.0,2270.0,93070.0
2026-05-18,BOT-010,Bottoms,Gradient Boosting,65.095,49.277,80.913,12.338,False,Always On,0.0,1300.0,84623.43
2026-05-18,DRE-001,Dresses,Gradient Boosting,92.522,62.29,122.754,23.582,False,Always On,0.0,2810.0,259987.67
2026-05-18,DRE-002,Dresses,Seasonal Naive,55.0,37.637,72.363,13.544,False,Always On,0.0,3190.0,175450.0
2026-05-18,DRE-003,Dresses,Gradient Boosting,72.999,57.379,88.62,12.184,False,Always On,0.0,2470.0,180308.68
2026-05-18,DRE-004,Dresses,Gradient Boosting,102.627,76.982,128.272,20.004,False,Always On,0.0,3120.0,320196.18
2026-05-18,DRE-005,Dresses,Gradient Boosting,89.683,66.276,113.089,18.258,False,Always On,0.0,2080.0,186539.74
2026-05-18,DRE-006,Dresses,Gradient Boosting,106.834,78.675,134.993,21.965,False,Always On,0.0,3150.0,336528.38
2026-05-18,DRE-007,Dresses,Seasonal Naive,58.0,40.135,75.865,13.935,False,Always On,0.0,3150.0,182700.0
2026-05-18,DRE-008,Dresses,Gradient Boosting,76.658,60.898,92.418,12.293,False,Always On,0.0,2920.0,223841.47
2026-05-18,DRE-009,Dresses,Gradient Boosting,81.124,60.098,102.149,16.401,False,Always On,0.0,1880.0,152512.36
2026-05-18,DRE-010,Dresses,Gradient Boosting,90.516,69.06,111.971,16.736,False,Always On,0.0,3110.0,281503.68
2026-05-18,KNI-001,Knitwear,Gradient Boosting,73.07,45.157,100.983,21.773,False,Always On,0.0,1070.0,78184.88
2026-05-18,KNI-002,Knitwear,Gradient Boosting,54.579,35.719,73.44,14.712,False,Always On,0.0,2360.0,128807.41
2026-05-18,KNI-003,Knitwear,Gradient Boosting,60.841,33.471,88.212,21.35,False,Always On,0.0,1970.0,119857.38
2026-05-18,KNI-004,Knitwear,Gradient Boosting,55.058,39.491,70.625,12.143,False,Always On,0.0,1460.0,80384.69
2026-05-18,KNI-005,Knitwear,Gradient Boosting,57.468,16.561,98.375,31.909,False,Always On,0.0,1020.0,58617.5
2026-05-18,KNI-006,Knitwear,Gradient Boosting,45.038,27.118,62.958,13.978,False,Always On,0.0,1140.0,51343.15
2026-05-18,KNI-007,Knitwear,Gradient Boosting,74.005,56.761,91.249,13.451,False,Always On,0.0,1830.0,135429.59
2026-05-18,KNI-008,Knitwear,Gradient Boosting,59.558,25.355,93.762,26.68,False,Always On,0.0,1080.0,64322.74
2026-05-18,KNI-009,Knitwear,Gradient Boosting,57.658,34.075,81.24,18.395,False,Always On,0.0,1230.0,70919.0
2026-05-18,KNI-010,Knitwear,Gradient Boosting,54.948,36.369,73.527,14.492,False,Always On,0.0,960.0,52749.93
2026-05-18,OUT-001,Outerwear,Gradient Boosting,30.105,19.524,40.687,8.254,False,Always On,0.0,1840.0,55393.68
2026-05-18,OUT-002,Outerwear,Gradient Boosting,54.436,35.934,72.939,14.433,False,Always On,0.0,3290.0,179095.28
2026-05-18,OUT-003,Outerwear,Gradient Boosting,26.772,17.051,36.492,7.582,False,Always On,0.0,2210.0,59165.67
2026-05-18,OUT-004,Outerwear,Gradient Boosting,25.375,14.286,36.464,8.65,False,Always On,0.0,3410.0,86528.93
2026-05-18,OUT-005,Outerwear,Gradient Boosting,30.687,12.505,48.87,14.183,False,Always On,0.0,1970.0,60453.66
2026-05-18,OUT-006,Outerwear,Gradient Boosting,27.971,12.297,43.645,12.226,False,Always On,0.0,3630.0,101535.75
2026-05-18,OUT-007,Outerwear,Gradient Boosting,47.494,27.131,67.857,15.884,False,Always On,0.0,4530.0,215147.78
2026-05-18,OUT-008,Outerwear,Gradient Boosting,26.159,11.097,41.221,11.749,False,Always On,0.0,3030.0,79262.44
2026-05-18,OUT-009,Outerwear,Gradient Boosting,43.841,30.238,57.445,10.611,False,Always On,0.0,2920.0,128016.98
2026-05-18,OUT-010,Outerwear,Gradient Boosting,28.941,16.597,41.285,9.629,False,Always On,0.0,4130.0,119527.18
2026-05-18,TOP-001,Tops,Gradient Boosting,92.474,78.476,106.472,10.919,False,Always On,0.0,1170.0,108194.78
2026-05-18,TOP-002,Tops,Gradient Boosting,86.145,67.596,104.693,14.468,False,Always On,0.0,1580.0,136108.34
2026-05-18,TOP-003,Tops,Gradient Boosting,95.286,78.567,112.005,13.041,False,Always On,0.0,960.0,91474.85
2026-05-18,TOP-004,Tops,Gradient Boosting,101.632,81.385,121.878,15.793,False,Always On,0.0,1490.0,151431.13
2026-05-18,TOP-005,Tops,Gradient Boosting,103.832,80.192,127.473,18.441,False,Always On,0.0,1410.0,146403.67
2026-05-18,TOP-006,Tops,Gradient Boosting,119.707,102.89,136.524,13.117,False,Always On,0.0,1870.0,223852.16
2026-05-18,TOP-007,Tops,Gradient Boosting,118.583,95.576,141.59,17.946,False,Always On,0.0,690.0,81822.22
2026-05-18,TOP-008,Tops,Gradient Boosting,109.88,86.061,133.699,18.58,False,Always On,0.0,1770.0,194487.35
2026-05-18,TOP-009,Tops,Gradient Boosting,120.171,96.297,144.045,18.623,False,Always On,0.0,980.0,117767.42
2026-05-18,TOP-010,Tops,Gradient Boosting,124.198,102.605,145.792,16.844,False,Always On,0.0,710.0,88180.84
2026-05-25,ACC-001,Accessories,Gradient Boosting,80.866,43.605,118.127,29.065,False,Always On,0.0,960.0,77631.33
2026-05-25,ACC-002,Accessories,Seasonal Naive,40.0,5.002,74.998,27.299,False,Always On,0.0,770.0,30800.0
2026-05-25,ACC-003,Accessories,Gradient Boosting,72.949,53.393,92.504,15.254,False,Always On,0.0,1430.0,104316.53
2026-05-25,ACC-004,Accessories,Gradient Boosting,68.813,45.566,92.061,18.134,False,Always On,0.0,1020.0,70189.75
2026-05-25,ACC-005,Accessories,Gradient Boosting,59.149,36.614,81.685,17.578,False,Always On,0.0,840.0,49685.56
2026-05-25,ACC-006,Accessories,Gradient Boosting,100.531,57.018,144.043,33.941,False,Always On,0.0,540.0,54286.51
2026-05-25,ACC-007,Accessories,Gradient Boosting,78.067,54.536,101.599,18.355,False,Always On,0.0,1330.0,103829.51
2026-05-25,ACC-008,Accessories,Gradient Boosting,79.925,43.511,116.34,28.404,False,Always On,0.0,860.0,68735.72
2026-05-25,ACC-009,Accessories,Gradient Boosting,64.321,38.609,90.032,20.056,False,Always On,0.0,1200.0,77184.89
2026-05-25,ACC-010,Accessories,Gradient Boosting,75.007,43.477,106.536,24.594,False,Always On,0.0,1030.0,77257.01
2026-05-25,BOT-001,Bottoms,Gradient Boosting,71.641,56.402,86.88,11.887,False,Always On,0.0,1810.0,129670.82
2026-05-25,BOT-002,Bottoms,Gradient Boosting,87.397,58.819,115.975,22.292,False,Always On,0.0,1250.0,109246.28
2026-05-25,BOT-003,Bottoms,Gradient Boosting,81.138,62.668,99.608,14.407,False,Always On,0.0,1360.0,110347.78
2026-05-25,BOT-004,Bottoms,Gradient Boosting,66.938,52.249,81.627,11.458,False,Always On,0.0,2270.0,151949.91
2026-05-25,BOT-005,Bottoms,Seasonal Naive,81.0,54.052,107.948,21.02,False,Always On,0.0,1650.0,133650.0
2026-05-25,BOT-006,Bottoms,Gradient Boosting,90.129,65.144,115.114,19.489,False,Always On,0.0,1840.0,165837.03
2026-05-25,BOT-007,Bottoms,Gradient Boosting,69.497,46.42,92.574,18.001,False,Always On,0.0,1920.0,133433.59
2026-05-25,BOT-008,Bottoms,Gradient Boosting,67.9,50.024,85.776,13.944,False,Always On,0.0,1930.0,131047.62
2026-05-25,BOT-009,Bottoms,Seasonal Naive,40.0,22.787,57.213,13.427,False,Always On,0.0,2270.0,90800.0
2026-05-25,BOT-010,Bottoms,Gradient Boosting,64.321,48.503,80.138,12.338,False,Always On,0.0,1300.0,83617.04
2026-05-25,DRE-001,Dresses,Gradient Boosting,103.621,73.389,133.853,23.582,False,Always On,0.0,2810.0,291174.06
2026-05-25,DRE-002,Dresses,Seasonal Naive,85.0,67.637,102.363,13.544,False,Always On,0.0,3190.0,271150.0
2026-05-25,DRE-003,Dresses,Gradient Boosting,81.516,65.895,97.136,12.184,False,Always On,0.0,2470.0,201343.41
2026-05-25,DRE-004,Dresses,Gradient Boosting,103.615,77.971,129.26,20.004,False,Always On,0.0,3120.0,323279.62
2026-05-25,DRE-005,Dresses,Gradient Boosting,92.537,69.131,115.944,18.258,False,Always On,0.0,2080.0,192477.81
2026-05-25,DRE-006,Dresses,Gradient Boosting,110.543,82.384,138.702,21.965,False,Always On,0.0,3150.0,348211.88
2026-05-25,DRE-007,Dresses,Seasonal Naive,64.0,46.135,81.865,13.935,False,Always On,0.0,3150.0,201600.0
2026-05-25,DRE-008,Dresses,Gradient Boosting,77.225,61.465,92.985,12.293,False,Always On,0.0,2920.0,225496.74
2026-05-25,DRE-009,Dresses,Gradient Boosting,87.945,66.919,108.971,16.401,False,Always On,0.0,1880.0,165337.08
2026-05-25,DRE-010,Dresses,Gradient Boosting,89.907,68.452,111.362,16.736,False,Always On,0.0,3110.0,279611.18
2026-05-25,KNI-001,Knitwear,Gradient Boosting,74.889,46.977,102.802,21.773,False,Always On,0.0,1070.0,80131.48
2026-05-25,KNI-002,Knitwear,Gradient Boosting,52.468,33.608,71.328,14.712,False,Always On,0.0,2360.0,123823.97
2026-05-25,KNI-003,Knitwear,Gradient Boosting,57.932,30.562,85.303,21.35,False,Always On,0.0,1970.0,114126.94
2026-05-25,KNI-004,Knitwear,Gradient Boosting,50.666,35.099,66.233,12.143,False,Always On,0.0,1460.0,73972.59
2026-05-25,KNI-005,Knitwear,Gradient Boosting,52.351,11.444,93.258,31.909,False,Always On,0.0,1020.0,53397.98
2026-05-25,KNI-006,Knitwear,Gradient Boosting,42.609,24.688,60.529,13.978,False,Always On,0.0,1140.0,48573.78
2026-05-25,KNI-007,Knitwear,Gradient Boosting,72.097,54.853,89.341,13.451,False,Always On,0.0,1830.0,131937.15
2026-05-25,KNI-008,Knitwear,Gradient Boosting,56.532,22.329,90.736,26.68,False,Always On,0.0,1080.0,61054.87
2026-05-25,KNI-009,Knitwear,Gradient Boosting,53.208,29.625,76.79,18.395,False,Always On,0.0,1230.0,65445.56
2026-05-25,KNI-010,Knitwear,Gradient Boosting,50.653,32.074,69.232,14.492,False,Always On,0.0,960.0,48626.97
2026-05-25,OUT-001,Outerwear,Gradient Boosting,31.367,20.786,41.949,8.254,False,Always On,0.0,1840.0,57715.82
2026-05-25,OUT-002,Outerwear,Gradient Boosting,50.465,31.962,68.968,14.433,False,Always On,0.0,3290.0,166030.07
2026-05-25,OUT-003,Outerwear,Gradient Boosting,27.338,17.618,37.059,7.582,False,Always On,0.0,2210.0,60418.02
2026-05-25,OUT-004,Outerwear,Gradient Boosting,26.28,15.191,37.369,8.65,False,Always On,0.0,3410.0,89615.03
2026-05-25,OUT-005,Outerwear,Gradient Boosting,33.391,15.208,51.573,14.183,False,Always On,0.0,1970.0,65779.35
2026-05-25,OUT-006,Outerwear,Gradient Boosting,26.818,11.145,42.492,12.226,False,Always On,0.0,3630.0,97350.87
2026-05-25,OUT-007,Outerwear,Gradient Boosting,44.454,24.09,64.817,15.884,False,Always On,0.0,4530.0,201374.8
2026-05-25,OUT-008,Outerwear,Gradient Boosting,25.895,10.833,40.957,11.749,False,Always On,0.0,3030.0,78460.39
2026-05-25,OUT-009,Outerwear,Gradient Boosting,42.675,29.071,56.278,10.611,False,Always On,0.0,2920.0,124609.56
2026-05-25,OUT-010,Outerwear,Gradient Boosting,26.379,14.035,38.723,9.629,False,Always On,0.0,4130.0,108944.57
2026-05-25,TOP-001,Tops,Gradient Boosting,87.328,73.33,101.327,10.919,False,Always On,0.0,1170.0,102174.26
2026-05-25,TOP-002,Tops,Gradient Boosting,82.514,63.966,101.062,14.468,False,Always On,0.0,1580.0,130372.18
2026-05-25,TOP-003,Tops,Gradient Boosting,98.86,82.141,115.579,13.041,False,Always On,0.0,960.0,94905.57
2026-05-25,TOP-004,Tops,Gradient Boosting,98.459,78.212,118.706,15.793,False,Always On,0.0,1490.0,146703.85
2026-05-25,TOP-005,Tops,Gradient Boosting,104.4,80.76,128.041,18.441,False,Always On,0.0,1410.0,147204.61
2026-05-25,TOP-006,Tops,Gradient Boosting,124.314,107.497,141.13,13.117,False,Always On,0.0,1870.0,232466.48
2026-05-25,TOP-007,Tops,Gradient Boosting,115.687,92.68,138.694,17.946,False,Always On,0.0,690.0,79823.93
2026-05-25,TOP-008,Tops,Gradient Boosting,108.793,84.974,132.613,18.58,False,Always On,0.0,1770.0,192564.49
2026-05-25,TOP-009,Tops,Gradient Boosting,117.573,93.699,141.448,18.623,False,Always On,0.0,980.0,115221.99
2026-05-25,TOP-010,Tops,Gradient Boosting,145.319,123.725,166.912,16.844,False,Always On,0.0,710.0,103176.32
2026-06-01,ACC-001,Accessories,Gradient Boosting,71.847,34.585,109.108,29.065,False,Always On,0.0,960.0,68972.76
2026-06-01,ACC-002,Accessories,Seasonal Naive,58.0,23.002,92.998,27.299,False,Always On,0.0,770.0,44660.0
2026-06-01,ACC-003,Accessories,Gradient Boosting,73.027,53.471,92.583,15.254,False,Always On,0.0,1430.0,104428.17
2026-06-01,ACC-004,Accessories,Gradient Boosting,64.484,41.236,87.732,18.134,False,Always On,0.0,1020.0,65773.66
2026-06-01,ACC-005,Accessories,Gradient Boosting,61.416,38.881,83.952,17.578,False,Always On,0.0,840.0,51589.74
2026-06-01,ACC-006,Accessories,Gradient Boosting,100.79,57.278,144.303,33.941,False,Always On,0.0,540.0,54426.61
2026-06-01,ACC-007,Accessories,Gradient Boosting,71.172,47.64,94.703,18.355,False,Always On,0.0,1330.0,94658.35
2026-06-01,ACC-008,Accessories,Gradient Boosting,78.013,41.599,114.427,28.404,False,Always On,0.0,860.0,67091.16
2026-06-01,ACC-009,Accessories,Gradient Boosting,63.937,38.225,89.648,20.056,False,Always On,0.0,1200.0,76723.85
2026-06-01,ACC-010,Accessories,Gradient Boosting,67.009,35.48,98.539,24.594,False,Always On,0.0,1030.0,69019.74
2026-06-01,BOT-001,Bottoms,Gradient Boosting,67.54,52.301,82.779,11.887,False,Always On,0.0,1810.0,122247.81
2026-06-01,BOT-002,Bottoms,Gradient Boosting,77.296,48.718,105.874,22.292,False,Always On,0.0,1250.0,96619.61
2026-06-01,BOT-003,Bottoms,Gradient Boosting,79.285,60.815,97.755,14.407,False,Always On,0.0,1360.0,107827.56
2026-06-01,BOT-004,Bottoms,Gradient Boosting,67.329,52.64,82.018,11.458,False,Always On,0.0,2270.0,152836.67
2026-06-01,BOT-005,Bottoms,Seasonal Naive,65.0,38.052,91.948,21.02,False,Always On,0.0,1650.0,107250.0
2026-06-01,BOT-006,Bottoms,Gradient Boosting,81.968,56.983,106.953,19.489,False,Always On,0.0,1840.0,150821.36
2026-06-01,BOT-007,Bottoms,Gradient Boosting,68.733,45.656,91.81,18.001,False,Always On,0.0,1920.0,131966.73
2026-06-01,BOT-008,Bottoms,Gradient Boosting,64.925,47.049,82.801,13.944,False,Always On,0.0,1930.0,125306.03
2026-06-01,BOT-009,Bottoms,Seasonal Naive,77.0,59.787,94.213,13.427,False,Always On,0.0,2270.0,174790.0
2026-06-01,BOT-010,Bottoms,Gradient Boosting,63.258,47.441,79.076,12.338,False,Always On,0.0,1300.0,82235.84
2026-06-01,DRE-001,Dresses,Gradient Boosting,90.732,60.5,120.964,23.582,False,Always On,0.0,2810.0,254957.21
2026-06-01,DRE-002,Dresses,Seasonal Naive,83.0,65.637,100.363,13.544,False,Always On,0.0,3190.0,264770.0
2026-06-01,DRE-003,Dresses,Gradient Boosting,91.622,76.001,107.242,12.184,False,Always On,0.0,2470.0,226305.51
2026-06-01,DRE-004,Dresses,Gradient Boosting,99.319,73.674,124.964,20.004,False,Always On,0.0,3120.0,309875.84
2026-06-01,DRE-005,Dresses,Gradient Boosting,89.007,65.601,112.414,18.258,False,Always On,0.0,2080.0,185135.47
2026-06-01,DRE-006,Dresses,Gradient Boosting,102.672,74.513,130.831,21.965,False,Always On,0.0,3150.0,323417.18
2026-06-01,DRE-007,Dresses,Seasonal Naive,72.0,54.135,89.865,13.935,False,Always On,0.0,3150.0,226800.0
2026-06-01,DRE-008,Dresses,Gradient Boosting,69.593,53.833,85.353,12.293,False,Always On,0.0,2920.0,203211.03
2026-06-01,DRE-009,Dresses,Gradient Boosting,81.1,60.074,102.126,16.401,False,Always On,0.0,1880.0,152468.43
2026-06-01,DRE-010,Dresses,Gradient Boosting,94.041,72.585,115.496,16.736,False,Always On,0.0,3110.0,292466.64
2026-06-01,KNI-001,Knitwear,Gradient Boosting,74.35,46.437,102.262,21.773,False,Always On,0.0,1070.0,79554.13
2026-06-01,KNI-002,Knitwear,Gradient Boosting,52.378,33.518,71.238,14.712,False,Always On,0.0,2360.0,123612.46
2026-06-01,KNI-003,Knitwear,Gradient Boosting,56.805,29.435,84.176,21.35,False,Always On,0.0,1970.0,111906.41
2026-06-01,KNI-004,Knitwear,Gradient Boosting,50.828,35.261,66.395,12.143,False,Always On,0.0,1460.0,74209.06
2026-06-01,KNI-005,Knitwear,Gradient Boosting,52.987,12.08,93.894,31.909,False,Always On,0.0,1020.0,54047.14
2026-06-01,KNI-006,Knitwear,Gradient Boosting,41.173,23.253,59.093,13.978,False,Always On,0.0,1140.0,46937.26
2026-06-01,KNI-007,Knitwear,Gradient Boosting,72.6,55.356,89.844,13.451,False,Always On,0.0,1830.0,132858.18
2026-06-01,KNI-008,Knitwear,Gradient Boosting,52.564,18.361,86.768,26.68,False,Always On,0.0,1080.0,56769.4
2026-06-01,KNI-009,Knitwear,Gradient Boosting,52.884,29.301,76.466,18.395,False,Always On,0.0,1230.0,65046.72
2026-06-01,KNI-010,Knitwear,Gradient Boosting,48.079,29.5,66.658,14.492,False,Always On,0.0,960.0,46155.89
2026-06-01,OUT-001,Outerwear,Gradient Boosting,30.142,19.56,40.723,8.254,False,Always On,0.0,1840.0,55460.75
2026-06-01,OUT-002,Outerwear,Gradient Boosting,49.843,31.34,68.345,14.433,False,Always On,0.0,3290.0,163982.3
2026-06-01,OUT-003,Outerwear,Gradient Boosting,26.645,16.925,36.365,7.582,False,Always On,0.0,2210.0,58885.65
2026-06-01,OUT-004,Outerwear,Gradient Boosting,25.109,14.02,36.197,8.65,False,Always On,0.0,3410.0,85620.02
2026-06-01,OUT-005,Outerwear,Gradient Boosting,30.266,12.083,48.448,14.183,False,Always On,0.0,1970.0,59623.05
2026-06-01,OUT-006,Outerwear,Gradient Boosting,26.109,10.435,41.783,12.226,False,Always On,0.0,3630.0,94775.1
2026-06-01,OUT-007,Outerwear,Gradient Boosting,44.358,23.995,64.722,15.884,False,Always On,0.0,4530.0,200941.9
2026-06-01,OUT-008,Outerwear,Gradient Boosting,25.515,10.453,40.577,11.749,False,Always On,0.0,3030.0,77310.94
2026-06-01,OUT-009,Outerwear,Gradient Boosting,39.202,25.599,52.806,10.611,False,Always On,0.0,2920.0,114470.82
2026-06-01,OUT-010,Outerwear,Gradient Boosting,26.425,14.081,38.768,9.629,False,Always On,0.0,4130.0,109133.85
2026-06-01,TOP-001,Tops,Gradient Boosting,86.375,72.377,100.373,10.919,False,Always On,0.0,1170.0,101059.06
2026-06-01,TOP-002,Tops,Gradient Boosting,90.5,71.951,109.048,14.468,False,Always On,0.0,1580.0,142989.45
2026-06-01,TOP-003,Tops,Gradient Boosting,100.653,83.934,117.372,13.041,False,Always On,0.0,960.0,96626.6
2026-06-01,TOP-004,Tops,Gradient Boosting,101.62,81.373,121.867,15.793,False,Always On,0.0,1490.0,151413.56
2026-06-01,TOP-005,Tops,Gradient Boosting,102.045,78.405,125.686,18.441,False,Always On,0.0,1410.0,143883.91
2026-06-01,TOP-006,Tops,Gradient Boosting,117.68,100.864,134.497,13.117,False,Always On,0.0,1870.0,220062.43
2026-06-01,TOP-007,Tops,Gradient Boosting,113.32,90.313,136.327,17.946,False,Always On,0.0,690.0,78190.8
2026-06-01,TOP-008,Tops,Gradient Boosting,106.753,82.934,130.572,18.58,False,Always On,0.0,1770.0,188952.25
2026-06-01,TOP-009,Tops,Gradient Boosting,112.286,88.412,136.16,18.623,False,Always On,0.0,980.0,110040.52
2026-06-01,TOP-010,Tops,Gradient Boosting,119.969,98.375,141.562,16.844,False,Always On,0.0,710.0,85177.86
2026-06-08,ACC-001,Accessories,Gradient Boosting,93.487,56.226,130.748,29.065,True,Summer Selects,0.12,844.8,78977.87
2026-06-08,ACC-002,Accessories,Seasonal Naive,72.0,37.002,106.998,27.299,True,Summer Selects,0.12,677.6,48787.2
2026-06-08,ACC-003,Accessories,Gradient Boosting,90.593,71.037,110.149,15.254,True,Summer Selects,0.12,1258.4,114002.37
2026-06-08,ACC-004,Accessories,Gradient Boosting,82.271,59.024,105.519,18.134,True,Summer Selects,0.12,897.6,73846.68
2026-06-08,ACC-005,Accessories,Gradient Boosting,74.39,51.855,96.926,17.578,True,Summer Selects,0.12,739.2,54989.26
2026-06-08,ACC-006,Accessories,Gradient Boosting,106.047,62.535,149.56,33.941,True,Summer Selects,0.12,475.2,50393.67
2026-06-08,ACC-007,Accessories,Gradient Boosting,86.879,63.348,110.411,18.355,True,Summer Selects,0.12,1170.4,101683.5
2026-06-08,ACC-008,Accessories,Gradient Boosting,94.349,57.935,130.763,28.404,True,Summer Selects,0.12,756.8,71403.41
2026-06-08,ACC-009,Accessories,Gradient Boosting,80.394,54.683,106.106,20.056,True,Summer Selects,0.12,1056.0,84896.3
2026-06-08,ACC-010,Accessories,Gradient Boosting,80.343,48.813,111.872,24.594,True,Summer Selects,0.12,906.4,72822.81
2026-06-08,BOT-001,Bottoms,Gradient Boosting,83.559,68.32,98.798,11.887,True,Summer Selects,0.12,1592.8,133092.15
2026-06-08,BOT-002,Bottoms,Gradient Boosting,91.336,62.758,119.914,22.292,True,Summer Selects,0.12,1100.0,100469.67
2026-06-08,BOT-003,Bottoms,Gradient Boosting,90.079,71.61,108.549,14.407,True,Summer Selects,0.12,1196.8,107807.13
2026-06-08,BOT-004,Bottoms,Gradient Boosting,79.492,64.803,94.181,11.458,True,Summer Selects,0.12,1997.6,158792.95
2026-06-08,BOT-005,Bottoms,Seasonal Naive,80.0,53.052,106.948,21.02,True,Summer Selects,0.12,1452.0,116160.0
2026-06-08,BOT-006,Bottoms,Gradient Boosting,96.505,71.519,121.49,19.489,True,Summer Selects,0.12,1619.2,156260.28
2026-06-08,BOT-007,Bottoms,Gradient Boosting,85.087,62.01,108.164,18.001,True,Summer Selects,0.12,1689.6,143763.14
2026-06-08,BOT-008,Bottoms,Gradient Boosting,76.565,58.689,94.441,13.944,True,Summer Selects,0.12,1698.4,130037.31
2026-06-08,BOT-009,Bottoms,Seasonal Naive,51.0,33.787,68.213,13.427,True,Summer Selects,0.12,1997.6,101877.6
2026-06-08,BOT-010,Bottoms,Gradient Boosting,74.003,58.185,89.82,12.338,True,Summer Selects,0.12,1144.0,84659.05
2026-06-08,DRE-001,Dresses,Gradient Boosting,158.786,128.554,189.019,23.582,True,Summer Selects,0.2,2248.0,356952.04
2026-06-08,DRE-002,Dresses,Seasonal Naive,121.99,104.627,139.353,13.544,True,Summer Selects,0.2,2552.0,311318.48
2026-06-08,DRE-003,Dresses,Gradient Boosting,121.0,105.38,136.621,12.184,True,Summer Selects,0.2,1976.0,239096.7
2026-06-08,DRE-004,Dresses,Gradient Boosting,155.764,130.119,181.408,20.004,True,Summer Selects,0.2,2496.0,388786.07
2026-06-08,DRE-005,Dresses,Gradient Boosting,137.657,114.251,161.064,18.258,True,Summer Selects,0.2,1664.0,229061.88
2026-06-08,DRE-006,Dresses,Gradient Boosting,149.565,121.406,177.724,21.965,True,Summer Selects,0.2,2520.0,376904.88
2026-06-08,DRE-007,Dresses,Seasonal Naive,100.0,82.135,117.865,13.935,True,Summer Selects,0.2,2520.0,252000.0
2026-06-08,DRE-008,Dresses,Gradient Boosting,117.257,101.496,133.017,12.293,True,Summer Selects,0.2,2336.0,273911.33
2026-06-08,DRE-009,Dresses,Gradient Boosting,117.065,96.039,138.091,16.401,True,Summer Selects,0.2,1504.0,176065.39
2026-06-08,DRE-010,Dresses,Gradient Boosting,130.133,108.677,151.588,16.736,True,Summer Selects,0.2,2488.0,323770.3
2026-06-08,KNI-001,Knitwear,Gradient Boosting,85.783,57.87,113.695,21.773,True,Summer Selects,0.12,941.6,80773.05
2026-06-08,KNI-002,Knitwear,Gradient Boosting,62.366,43.505,81.226,14.712,True,Summer Selects,0.12,2076.8,129520.7
2026-06-08,KNI-003,Knitwear,Gradient Boosting,66.751,39.38,94.121,21.35,True,Summer Selects,0.12,1733.6,115719.37
2026-06-08,KNI-004,Knitwear,Gradient Boosting,55.531,39.963,71.098,12.143,True,Summer Selects,0.12,1284.8,71345.75
2026-06-08,KNI-005,Knitwear,Gradient Boosting,71.138,30.231,112.045,31.909,True,Summer Selects,0.12,897.6,63853.57
2026-06-08,KNI-006,Knitwear,Gradient Boosting,47.439,29.519,65.359,13.978,True,Summer Selects,0.12,1003.2,47590.81
2026-06-08,KNI-007,Knitwear,Gradient Boosting,91.799,74.555,109.043,13.451,True,Summer Selects,0.12,1610.4,147833.17
2026-06-08,KNI-008,Knitwear,Gradient Boosting,62.667,28.464,96.87,26.68,True,Summer Selects,0.12,950.4,59558.73
2026-06-08,KNI-009,Knitwear,Gradient Boosting,67.104,43.522,90.686,18.395,True,Summer Selects,0.12,1082.4,72633.33
2026-06-08,KNI-010,Knitwear,Gradient Boosting,59.155,40.576,77.734,14.492,True,Summer Selects,0.12,844.8,49973.78
2026-06-08,OUT-001,Outerwear,Gradient Boosting,31.826,21.245,42.408,8.254,True,Summer Selects,0.12,1619.2,51533.26
2026-06-08,OUT-002,Outerwear,Gradient Boosting,55.961,37.458,74.464,14.433,True,Summer Selects,0.12,2895.2,162018.82
2026-06-08,OUT-003,Outerwear,Gradient Boosting,28.476,18.756,38.196,7.582,True,Summer Selects,0.12,1944.8,55380.25
2026-06-08,OUT-004,Outerwear,Gradient Boosting,23.151,12.063,34.24,8.65,True,Summer Selects,0.12,3000.8,69472.87
2026-06-08,OUT-005,Outerwear,Gradient Boosting,34.289,16.107,52.472,14.183,True,Summer Selects,0.12,1733.6,59443.82
2026-06-08,OUT-006,Outerwear,Gradient Boosting,29.671,13.997,45.345,12.226,True,Summer Selects,0.12,3194.4,94780.21
2026-06-08,OUT-007,Outerwear,Gradient Boosting,47.07,26.707,67.434,15.884,True,Summer Selects,0.12,3986.4,187641.24
2026-06-08,OUT-008,Outerwear,Gradient Boosting,27.882,12.82,42.944,11.749,True,Summer Selects,0.12,2666.4,74344.38
2026-06-08,OUT-009,Outerwear,Gradient Boosting,44.028,30.424,57.632,10.611,True,Summer Selects,0.12,2569.6,113134.67
2026-06-08,OUT-010,Outerwear,Gradient Boosting,30.443,18.099,42.787,9.629,True,Summer Selects,0.12,3634.4,110641.54
2026-06-08,TOP-001,Tops,Gradient Boosting,135.403,121.405,149.401,10.919,True,Summer Selects,0.2,936.0,126737.32
2026-06-08,TOP-002,Tops,Gradient Boosting,135.559,117.01,154.107,14.468,True,Summer Selects,0.2,1264.0,171346.37
2026-06-08,TOP-003,Tops,Gradient Boosting,129.795,113.076,146.514,13.041,True,Summer Selects,0.2,768.0,99682.24
2026-06-08,TOP-004,Tops,Gradient Boosting,147.578,127.332,167.825,15.793,True,Summer Selects,0.2,1192.0,175913.51
2026-06-08,TOP-005,Tops,Gradient Boosting,139.54,115.899,163.181,18.441,True,Summer Selects,0.2,1128.0,157401.08
2026-06-08,TOP-006,Tops,Gradient Boosting,143.396,126.579,160.212,13.117,True,Summer Selects,0.2,1496.0,214519.93
2026-06-08,TOP-007,Tops,Gradient Boosting,150.903,127.896,173.91,17.946,True,Summer Selects,0.2,552.0,83298.57
2026-06-08,TOP-008,Tops,Gradient Boosting,140.411,116.592,164.231,18.58,True,Summer Selects,0.2,1416.0,198822.56
2026-06-08,TOP-009,Tops,Gradient Boosting,155.814,131.939,179.688,18.623,True,Summer Selects,0.2,784.0,122157.79
2026-06-08,TOP-010,Tops,Gradient Boosting,174.26,152.666,195.853,16.844,True,Summer Selects,0.2,568.0,98979.67
2026-06-15,ACC-001,Accessories,Gradient Boosting,76.778,39.517,114.039,29.065,False,Always On,0.0,960.0,73706.86
2026-06-15,ACC-002,Accessories,Seasonal Naive,45.0,10.002,79.998,27.299,False,Always On,0.0,770.0,34650.0
2026-06-15,ACC-003,Accessories,Gradient Boosting,67.825,48.269,87.381,15.254,False,Always On,0.0,1430.0,96989.83
2026-06-15,ACC-004,Accessories,Gradient Boosting,65.85,42.602,89.098,18.134,False,Always On,0.0,1020.0,67166.91
2026-06-15,ACC-005,Accessories,Gradient Boosting,58.272,35.737,80.808,17.578,False,Always On,0.0,840.0,48948.6
2026-06-15,ACC-006,Accessories,Gradient Boosting,97.103,53.59,140.615,33.941,False,Always On,0.0,540.0,52435.52
2026-06-15,ACC-007,Accessories,Gradient Boosting,64.048,40.516,87.579,18.355,False,Always On,0.0,1330.0,85183.28
2026-06-15,ACC-008,Accessories,Gradient Boosting,76.316,39.902,112.731,28.404,False,Always On,0.0,860.0,65632.15
2026-06-15,ACC-009,Accessories,Gradient Boosting,64.639,38.927,90.35,20.056,False,Always On,0.0,1200.0,77566.77
2026-06-15,ACC-010,Accessories,Gradient Boosting,64.191,32.662,95.721,24.594,False,Always On,0.0,1030.0,66116.84
2026-06-15,BOT-001,Bottoms,Gradient Boosting,64.102,48.863,79.341,11.887,False,Always On,0.0,1810.0,116025.29
2026-06-15,BOT-002,Bottoms,Gradient Boosting,76.396,47.818,104.974,22.292,False,Always On,0.0,1250.0,95494.56
2026-06-15,BOT-003,Bottoms,Gradient Boosting,74.343,55.873,92.813,14.407,False,Always On,0.0,1360.0,101106.59
2026-06-15,BOT-004,Bottoms,Gradient Boosting,60.108,45.419,74.797,11.458,False,Always On,0.0,2270.0,136444.42
2026-06-15,BOT-005,Bottoms,Seasonal Naive,46.0,19.052,72.948,21.02,False,Always On,0.0,1650.0,75900.0
2026-06-15,BOT-006,Bottoms,Gradient Boosting,79.522,54.537,104.508,19.489,False,Always On,0.0,1840.0,146321.29
2026-06-15,BOT-007,Bottoms,Gradient Boosting,60.11,37.033,83.187,18.001,False,Always On,0.0,1920.0,115410.6
2026-06-15,BOT-008,Bottoms,Gradient Boosting,61.945,44.069,79.821,13.944,False,Always On,0.0,1930.0,119554.73
2026-06-15,BOT-009,Bottoms,Seasonal Naive,46.0,28.787,63.213,13.427,False,Always On,0.0,2270.0,104420.0
2026-06-15,BOT-010,Bottoms,Gradient Boosting,58.63,42.812,74.448,12.338,False,Always On,0.0,1300.0,76218.84
2026-06-15,DRE-001,Dresses,Gradient Boosting,102.897,72.665,133.129,23.582,False,Always On,0.0,2810.0,289141.58
2026-06-15,DRE-002,Dresses,Seasonal Naive,102.0,84.637,119.363,13.544,False,Always On,0.0,3190.0,325380.0
2026-06-15,DRE-003,Dresses,Gradient Boosting,86.134,70.513,101.754,12.184,False,Always On,0.0,2470.0,212750.08
2026-06-15,DRE-004,Dresses,Gradient Boosting,102.418,76.773,128.062,20.004,False,Always On,0.0,3120.0,319543.24
2026-06-15,DRE-005,Dresses,Gradient Boosting,95.282,71.875,118.689,18.258,False,Always On,0.0,2080.0,198186.66
2026-06-15,DRE-006,Dresses,Gradient Boosting,102.475,74.316,130.634,21.965,False,Always On,0.0,3150.0,322795.08
2026-06-15,DRE-007,Dresses,Seasonal Naive,66.0,48.135,83.865,13.935,False,Always On,0.0,3150.0,207900.0
2026-06-15,DRE-008,Dresses,Gradient Boosting,77.769,62.009,93.529,12.293,False,Always On,0.0,2920.0,227085.7
2026-06-15,DRE-009,Dresses,Gradient Boosting,89.566,68.54,110.591,16.401,False,Always On,0.0,1880.0,168383.37
2026-06-15,DRE-010,Dresses,Gradient Boosting,94.538,73.083,115.993,16.736,False,Always On,0.0,3110.0,294012.93
2026-06-15,KNI-001,Knitwear,Gradient Boosting,64.285,36.373,92.198,21.773,False,Always On,0.0,1070.0,68785.28
2026-06-15,KNI-002,Knitwear,Gradient Boosting,49.959,31.099,68.819,14.712,False,Always On,0.0,2360.0,117903.69
2026-06-15,KNI-003,Knitwear,Gradient Boosting,54.804,27.433,82.174,21.35,False,Always On,0.0,1970.0,107963.41
2026-06-15,KNI-004,Knitwear,Gradient Boosting,45.587,30.02,61.154,12.143,False,Always On,0.0,1460.0,66557.25
2026-06-15,KNI-005,Knitwear,Gradient Boosting,52.121,11.214,93.028,31.909,False,Always On,0.0,1020.0,53162.94
2026-06-15,KNI-006,Knitwear,Gradient Boosting,39.733,21.813,57.653,13.978,False,Always On,0.0,1140.0,45295.5
2026-06-15,KNI-007,Knitwear,Gradient Boosting,68.363,51.119,85.607,13.451,False,Always On,0.0,1830.0,125104.52
2026-06-15,KNI-008,Knitwear,Gradient Boosting,51.317,17.113,85.52,26.68,False,Always On,0.0,1080.0,55422.25
2026-06-15,KNI-009,Knitwear,Gradient Boosting,52.327,28.744,75.909,18.395,False,Always On,0.0,1230.0,64361.69
2026-06-15,KNI-010,Knitwear,Gradient Boosting,48.379,29.8,66.958,14.492,False,Always On,0.0,960.0,46443.67
2026-06-15,OUT-001,Outerwear,Gradient Boosting,27.118,16.536,37.699,8.254,False,Always On,0.0,1840.0,49896.43
2026-06-15,OUT-002,Outerwear,Gradient Boosting,45.69,27.187,64.193,14.433,False,Always On,0.0,3290.0,150319.5
2026-06-15,OUT-003,Outerwear,Gradient Boosting,25.089,15.369,34.809,7.582,False,Always On,0.0,2210.0,55446.74
2026-06-15,OUT-004,Outerwear,Gradient Boosting,20.229,9.14,31.318,8.65,False,Always On,0.0,3410.0,68980.84
2026-06-15,OUT-005,Outerwear,Gradient Boosting,28.472,10.29,46.655,14.183,False,Always On,0.0,1970.0,56090.59
2026-06-15,OUT-006,Outerwear,Gradient Boosting,24.594,8.921,40.268,12.226,False,Always On,0.0,3630.0,89277.92
2026-06-15,OUT-007,Outerwear,Gradient Boosting,39.083,18.719,59.446,15.884,False,Always On,0.0,4530.0,177045.17
2026-06-15,OUT-008,Outerwear,Gradient Boosting,22.566,7.504,37.628,11.749,False,Always On,0.0,3030.0,68374.35
2026-06-15,OUT-009,Outerwear,Gradient Boosting,37.081,23.477,50.685,10.611,False,Always On,0.0,2920.0,108275.68
2026-06-15,OUT-010,Outerwear,Gradient Boosting,25.392,13.048,37.735,9.629,False,Always On,0.0,4130.0,104867.01
2026-06-15,TOP-001,Tops,Gradient Boosting,88.847,74.849,102.845,10.919,False,Always On,0.0,1170.0,103951.46
2026-06-15,TOP-002,Tops,Gradient Boosting,90.306,71.758,108.855,14.468,False,Always On,0.0,1580.0,142684.26
2026-06-15,TOP-003,Tops,Gradient Boosting,91.946,75.227,108.665,13.041,False,Always On,0.0,960.0,88268.23
2026-06-15,TOP-004,Tops,Gradient Boosting,102.519,82.272,122.766,15.793,False,Always On,0.0,1490.0,152753.1
2026-06-15,TOP-005,Tops,Gradient Boosting,100.442,76.801,124.083,18.441,False,Always On,0.0,1410.0,141622.95
2026-06-15,TOP-006,Tops,Gradient Boosting,119.691,102.874,136.508,13.117,False,Always On,0.0,1870.0,223822.28
2026-06-15,TOP-007,Tops,Gradient Boosting,116.212,93.205,139.218,17.946,False,Always On,0.0,690.0,80186.01
2026-06-15,TOP-008,Tops,Gradient Boosting,116.164,92.345,139.983,18.58,False,Always On,0.0,1770.0,205610.84
2026-06-15,TOP-009,Tops,Gradient Boosting,129.29,105.415,153.164,18.623,False,Always On,0.0,980.0,126703.76
2026-06-15,TOP-010,Tops,Gradient Boosting,129.419,107.825,151.012,16.844,False,Always On,0.0,710.0,91887.16
2026-06-22,ACC-001,Accessories,Gradient Boosting,83.013,45.752,120.275,29.065,False,Always On,0.0,960.0,79692.7
2026-06-22,ACC-002,Accessories,Seasonal Naive,58.0,23.002,92.998,27.299,False,Always On,0.0,770.0,44660.0
2026-06-22,ACC-003,Accessories,Gradient Boosting,67.593,48.037,87.149,15.254,False,Always On,0.0,1430.0,96657.67
2026-06-22,ACC-004,Accessories,Gradient Boosting,64.846,41.598,88.093,18.134,False,Always On,0.0,1020.0,66142.49
2026-06-22,ACC-005,Accessories,Gradient Boosting,58.301,35.765,80.836,17.578,False,Always On,0.0,840.0,48972.65
2026-06-22,ACC-006,Accessories,Gradient Boosting,94.218,50.705,137.73,33.941,False,Always On,0.0,540.0,50877.68
2026-06-22,ACC-007,Accessories,Gradient Boosting,66.468,42.936,89.999,18.355,False,Always On,0.0,1330.0,88402.22
2026-06-22,ACC-008,Accessories,Gradient Boosting,77.059,40.645,113.474,28.404,False,Always On,0.0,860.0,66271.17
2026-06-22,ACC-009,Accessories,Gradient Boosting,60.943,35.231,86.654,20.056,False,Always On,0.0,1200.0,73131.07
2026-06-22,ACC-010,Accessories,Gradient Boosting,76.589,45.059,108.118,24.594,False,Always On,0.0,1030.0,78886.52
2026-06-22,BOT-001,Bottoms,Gradient Boosting,62.711,47.472,77.95,11.887,False,Always On,0.0,1810.0,113507.1
2026-06-22,BOT-002,Bottoms,Gradient Boosting,80.508,51.93,109.087,22.292,False,Always On,0.0,1250.0,100635.61
2026-06-22,BOT-003,Bottoms,Gradient Boosting,79.075,60.606,97.545,14.407,False,Always On,0.0,1360.0,107542.52
2026-06-22,BOT-004,Bottoms,Gradient Boosting,66.849,52.16,81.538,11.458,False,Always On,0.0,2270.0,151746.77
2026-06-22,BOT-005,Bottoms,Seasonal Naive,77.0,50.052,103.948,21.02,False,Always On,0.0,1650.0,127050.0
2026-06-22,BOT-006,Bottoms,Gradient Boosting,88.331,63.346,113.316,19.489,False,Always On,0.0,1840.0,162528.57
2026-06-22,BOT-007,Bottoms,Gradient Boosting,65.383,42.306,88.46,18.001,False,Always On,0.0,1920.0,125535.11
2026-06-22,BOT-008,Bottoms,Gradient Boosting,60.968,43.092,78.844,13.944,False,Always On,0.0,1930.0,117667.48
2026-06-22,BOT-009,Bottoms,Seasonal Naive,47.0,29.787,64.213,13.427,False,Always On,0.0,2270.0,106690.0
2026-06-22,BOT-010,Bottoms,Gradient Boosting,60.607,44.79,76.425,12.338,False,Always On,0.0,1300.0,78789.39
2026-06-22,DRE-001,Dresses,Gradient Boosting,107.212,76.98,137.444,23.582,False,Always On,0.0,2810.0,301265.46
2026-06-22,DRE-002,Dresses,Seasonal Naive,98.0,80.637,115.363,13.544,False,Always On,0.0,3190.0,312620.0
2026-06-22,DRE-003,Dresses,Gradient Boosting,100.82,85.2,116.441,12.184,False,Always On,0.0,2470.0,249026.41
2026-06-22,DRE-004,Dresses,Gradient Boosting,109.476,83.832,135.121,20.004,False,Always On,0.0,3120.0,341565.94
2026-06-22,DRE-005,Dresses,Gradient Boosting,105.297,81.89,128.703,18.258,False,Always On,0.0,2080.0,219017.12
2026-06-22,DRE-006,Dresses,Gradient Boosting,109.79,81.631,137.949,21.965,False,Always On,0.0,3150.0,345837.72
2026-06-22,DRE-007,Dresses,Seasonal Naive,73.0,55.135,90.865,13.935,False,Always On,0.0,3150.0,229950.0
2026-06-22,DRE-008,Dresses,Gradient Boosting,79.917,64.156,95.677,12.293,False,Always On,0.0,2920.0,233356.65
2026-06-22,DRE-009,Dresses,Gradient Boosting,98.547,77.521,119.572,16.401,False,Always On,0.0,1880.0,185267.84
2026-06-22,DRE-010,Dresses,Gradient Boosting,98.562,77.106,120.017,16.736,False,Always On,0.0,3110.0,306526.86
2026-06-22,KNI-001,Knitwear,Gradient Boosting,65.019,37.106,92.932,21.773,False,Always On,0.0,1070.0,69570.32
2026-06-22,KNI-002,Knitwear,Gradient Boosting,51.32,32.46,70.18,14.712,False,Always On,0.0,2360.0,121114.85
2026-06-22,KNI-003,Knitwear,Gradient Boosting,55.633,28.262,83.003,21.35,False,Always On,0.0,1970.0,109596.41
2026-06-22,KNI-004,Knitwear,Gradient Boosting,46.122,30.555,61.689,12.143,False,Always On,0.0,1460.0,67337.77
2026-06-22,KNI-005,Knitwear,Gradient Boosting,51.265,10.358,92.172,31.909,False,Always On,0.0,1020.0,52290.57
2026-06-22,KNI-006,Knitwear,Gradient Boosting,37.14,19.22,55.06,13.978,False,Always On,0.0,1140.0,42339.69
2026-06-22,KNI-007,Knitwear,Gradient Boosting,73.784,56.54,91.028,13.451,False,Always On,0.0,1830.0,135025.13
2026-06-22,KNI-008,Knitwear,Gradient Boosting,50.508,16.305,84.712,26.68,False,Always On,0.0,1080.0,54548.92
2026-06-22,KNI-009,Knitwear,Gradient Boosting,50.872,27.29,74.455,18.395,False,Always On,0.0,1230.0,62572.75
2026-06-22,KNI-010,Knitwear,Gradient Boosting,45.914,27.335,64.493,14.492,False,Always On,0.0,960.0,44077.82
2026-06-22,OUT-001,Outerwear,Gradient Boosting,27.166,16.584,37.748,8.254,False,Always On,0.0,1840.0,49985.82
2026-06-22,OUT-002,Outerwear,Gradient Boosting,43.402,24.899,61.904,14.433,False,Always On,0.0,3290.0,142791.48
2026-06-22,OUT-003,Outerwear,Gradient Boosting,23.564,13.844,33.285,7.582,False,Always On,0.0,2210.0,52077.26
2026-06-22,OUT-004,Outerwear,Gradient Boosting,19.692,8.604,30.781,8.65,False,Always On,0.0,3410.0,67150.37
2026-06-22,OUT-005,Outerwear,Gradient Boosting,28.796,10.614,46.978,14.183,False,Always On,0.0,1970.0,56728.14
2026-06-22,OUT-006,Outerwear,Gradient Boosting,25.124,9.45,40.798,12.226,False,Always On,0.0,3630.0,91200.31
2026-06-22,OUT-007,Outerwear,Gradient Boosting,38.332,17.969,58.696,15.884,False,Always On,0.0,4530.0,173646.15
2026-06-22,OUT-008,Outerwear,Gradient Boosting,23.949,8.887,39.011,11.749,False,Always On,0.0,3030.0,72565.91
2026-06-22,OUT-009,Outerwear,Gradient Boosting,36.774,23.17,50.378,10.611,False,Always On,0.0,2920.0,107380.44
2026-06-22,OUT-010,Outerwear,Gradient Boosting,25.505,13.161,37.849,9.629,False,Always On,0.0,4130.0,105336.38
2026-06-22,TOP-001,Tops,Gradient Boosting,99.231,85.233,113.229,10.919,False,Always On,0.0,1170.0,116100.58
2026-06-22,TOP-002,Tops,Gradient Boosting,101.37,82.822,119.918,14.468,False,Always On,0.0,1580.0,160164.61
2026-06-22,TOP-003,Tops,Gradient Boosting,110.054,93.335,126.773,13.041,False,Always On,0.0,960.0,105652.02
2026-06-22,TOP-004,Tops,Gradient Boosting,105.455,85.209,125.702,15.793,False,Always On,0.0,1490.0,157128.67
2026-06-22,TOP-005,Tops,Gradient Boosting,109.053,85.412,132.694,18.441,False,Always On,0.0,1410.0,153764.57
2026-06-22,TOP-006,Tops,Gradient Boosting,122.464,105.647,139.28,13.117,False,Always On,0.0,1870.0,229006.94
2026-06-22,TOP-007,Tops,Gradient Boosting,133.81,110.803,156.817,17.946,False,Always On,0.0,690.0,92329.0
2026-06-22,TOP-008,Tops,Gradient Boosting,117.988,94.169,141.807,18.58,False,Always On,0.0,1770.0,208838.43
2026-06-22,TOP-009,Tops,Gradient Boosting,113.86,89.986,137.734,18.623,False,Always On,0.0,980.0,111582.99
2026-06-22,TOP-010,Tops,Gradient Boosting,127.356,105.763,148.95,16.844,False,Always On,0.0,710.0,90423.0
2026-06-29,ACC-001,Accessories,Gradient Boosting,86.825,49.563,124.086,29.065,True,Summer Selects,0.12,844.8,73349.55
2026-06-29,ACC-002,Accessories,Seasonal Naive,73.0,38.002,107.998,27.299,True,Summer Selects,0.12,677.6,49464.8
2026-06-29,ACC-003,Accessories,Gradient Boosting,81.784,62.229,101.34,15.254,True,Summer Selects,0.12,1258.4,102917.58
2026-06-29,ACC-004,Accessories,Gradient Boosting,74.019,50.772,97.267,18.134,True,Summer Selects,0.12,897.6,66439.6
2026-06-29,ACC-005,Accessories,Gradient Boosting,65.384,42.849,87.919,17.578,True,Summer Selects,0.12,739.2,48331.82
2026-06-29,ACC-006,Accessories,Gradient Boosting,106.144,62.632,149.657,33.941,True,Summer Selects,0.12,475.2,50439.74
2026-06-29,ACC-007,Accessories,Gradient Boosting,80.854,57.323,104.385,18.355,True,Summer Selects,0.12,1170.4,94631.65
2026-06-29,ACC-008,Accessories,Gradient Boosting,85.514,49.1,121.928,28.404,True,Summer Selects,0.12,756.8,64717.0
2026-06-29,ACC-009,Accessories,Gradient Boosting,79.187,53.475,104.898,20.056,True,Summer Selects,0.12,1056.0,83621.13
2026-06-29,ACC-010,Accessories,Gradient Boosting,81.244,49.715,112.774,24.594,True,Summer Selects,0.12,906.4,73639.74
2026-06-29,BOT-001,Bottoms,Gradient Boosting,79.527,64.288,94.766,11.887,True,Summer Selects,0.12,1592.8,126671.07
2026-06-29,BOT-002,Bottoms,Gradient Boosting,89.661,61.083,118.24,22.292,True,Summer Selects,0.12,1100.0,98627.64
2026-06-29,BOT-003,Bottoms,Gradient Boosting,82.509,64.039,100.978,14.407,True,Summer Selects,0.12,1196.8,98746.26
2026-06-29,BOT-004,Bottoms,Gradient Boosting,73.659,58.97,88.348,11.458,True,Summer Selects,0.12,1997.6,147140.71
2026-06-29,BOT-005,Bottoms,Seasonal Naive,77.0,50.052,103.948,21.02,True,Summer Selects,0.12,1452.0,111804.0
2026-06-29,BOT-006,Bottoms,Gradient Boosting,84.641,59.655,109.626,19.489,True,Summer Selects,0.12,1619.2,137049.91
2026-06-29,BOT-007,Bottoms,Gradient Boosting,76.803,53.726,99.88,18.001,True,Summer Selects,0.12,1689.6,129766.8
2026-06-29,BOT-008,Bottoms,Gradient Boosting,75.802,57.926,93.678,13.944,True,Summer Selects,0.12,1698.4,128742.45
2026-06-29,BOT-009,Bottoms,Seasonal Naive,37.0,19.787,54.213,13.427,True,Summer Selects,0.12,1997.6,73911.2
2026-06-29,BOT-010,Bottoms,Gradient Boosting,74.066,58.248,89.883,12.338,True,Summer Selects,0.12,1144.0,84731.25
2026-06-29,DRE-001,Dresses,Gradient Boosting,139.997,109.764,170.229,23.582,True,Summer Selects,0.2,2248.0,314712.27
2026-06-29,DRE-002,Dresses,Seasonal Naive,111.0,93.637,128.363,13.544,True,Summer Selects,0.2,2552.0,283272.0
2026-06-29,DRE-003,Dresses,Gradient Boosting,113.5,97.879,129.12,12.184,True,Summer Selects,0.2,1976.0,224275.24
2026-06-29,DRE-004,Dresses,Gradient Boosting,139.072,113.428,164.717,20.004,True,Summer Selects,0.2,2496.0,347124.85
2026-06-29,DRE-005,Dresses,Gradient Boosting,124.652,101.245,148.059,18.258,True,Summer Selects,0.2,1664.0,207420.73
2026-06-29,DRE-006,Dresses,Gradient Boosting,128.363,100.203,156.522,21.965,True,Summer Selects,0.2,2520.0,323473.57
2026-06-29,DRE-007,Dresses,Seasonal Naive,76.0,58.135,93.865,13.935,True,Summer Selects,0.2,2520.0,191520.0
2026-06-29,DRE-008,Dresses,Gradient Boosting,84.745,68.985,100.505,12.293,True,Summer Selects,0.2,2336.0,197963.97
2026-06-29,DRE-009,Dresses,Gradient Boosting,108.315,87.29,129.341,16.401,True,Summer Selects,0.2,1504.0,162906.31
2026-06-29,DRE-010,Dresses,Gradient Boosting,138.02,116.565,159.476,16.736,True,Summer Selects,0.2,2488.0,343394.4
2026-06-29,KNI-001,Knitwear,Gradient Boosting,77.096,49.183,105.008,21.773,True,Summer Selects,0.12,941.6,72593.19
2026-06-29,KNI-002,Knitwear,Gradient Boosting,59.673,40.813,78.533,14.712,True,Summer Selects,0.12,2076.8,123928.83
2026-06-29,KNI-003,Knitwear,Gradient Boosting,65.252,37.881,92.622,21.35,True,Summer Selects,0.12,1733.6,113120.46
2026-06-29,KNI-004,Knitwear,Gradient Boosting,54.003,38.436,69.57,12.143,True,Summer Selects,0.12,1284.8,69382.77
2026-06-29,KNI-005,Knitwear,Gradient Boosting,59.418,18.511,100.325,31.909,True,Summer Selects,0.12,897.6,53333.44
2026-06-29,KNI-006,Knitwear,Gradient Boosting,45.33,27.41,63.25,13.978,True,Summer Selects,0.12,1003.2,45475.14
2026-06-29,KNI-007,Knitwear,Gradient Boosting,80.434,63.189,97.678,13.451,True,Summer Selects,0.12,1610.4,129530.29
2026-06-29,KNI-008,Knitwear,Gradient Boosting,60.064,25.861,94.268,26.68,True,Summer Selects,0.12,950.4,57085.16
2026-06-29,KNI-009,Knitwear,Gradient Boosting,60.23,36.647,83.812,18.395,True,Summer Selects,0.12,1082.4,65192.58
2026-06-29,KNI-010,Knitwear,Gradient Boosting,53.599,35.02,72.178,14.492,True,Summer Selects,0.12,844.8,45280.75
2026-06-29,OUT-001,Outerwear,Gradient Boosting,32.112,21.53,42.694,8.254,True,Summer Selects,0.12,1619.2,51995.8
2026-06-29,OUT-002,Outerwear,Gradient Boosting,50.724,32.222,69.227,14.433,True,Summer Selects,0.12,2895.2,146857.27
2026-06-29,OUT-003,Outerwear,Gradient Boosting,25.311,15.59,35.031,7.582,True,Summer Selects,0.12,1944.8,49223.92
2026-06-29,OUT-004,Outerwear,Gradient Boosting,24.423,13.334,35.511,8.65,True,Summer Selects,0.12,3000.8,73287.22
2026-06-29,OUT-005,Outerwear,Gradient Boosting,34.038,15.855,52.22,14.183,True,Summer Selects,0.12,1733.6,59007.6
2026-06-29,OUT-006,Outerwear,Gradient Boosting,27.646,11.972,43.32,12.226,True,Summer Selects,0.12,3194.4,88312.94
2026-06-29,OUT-007,Outerwear,Gradient Boosting,44.951,24.588,65.315,15.884,True,Summer Selects,0.12,3986.4,179194.39
2026-06-29,OUT-008,Outerwear,Gradient Boosting,24.163,9.101,39.225,11.749,True,Summer Selects,0.12,2666.4,64428.05
2026-06-29,OUT-009,Outerwear,Gradient Boosting,45.267,31.663,58.871,10.611,True,Summer Selects,0.12,2569.6,116318.12
2026-06-29,OUT-010,Outerwear,Gradient Boosting,31.288,18.944,43.632,9.629,True,Summer Selects,0.12,3634.4,113712.46
2026-06-29,TOP-001,Tops,Gradient Boosting,114.092,100.094,128.09,10.919,True,Summer Selects,0.2,936.0,106790.44
2026-06-29,TOP-002,Tops,Gradient Boosting,114.007,95.459,132.556,14.468,True,Summer Selects,0.2,1264.0,144105.31
2026-06-29,TOP-003,Tops,Gradient Boosting,118.617,101.898,135.336,13.041,True,Summer Selects,0.2,768.0,91097.61
2026-06-29,TOP-004,Tops,Gradient Boosting,142.025,121.778,162.272,15.793,True,Summer Selects,0.2,1192.0,169293.54
2026-06-29,TOP-005,Tops,Gradient Boosting,142.408,118.767,166.049,18.441,True,Summer Selects,0.2,1128.0,160636.43
2026-06-29,TOP-006,Tops,Gradient Boosting,156.54,139.723,173.356,13.117,True,Summer Selects,0.2,1496.0,234183.6
2026-06-29,TOP-007,Tops,Gradient Boosting,164.966,141.959,187.973,17.946,True,Summer Selects,0.2,552.0,91061.31
2026-06-29,TOP-008,Tops,Gradient Boosting,140.589,116.77,164.409,18.58,True,Summer Selects,0.2,1416.0,199074.73
2026-06-29,TOP-009,Tops,Gradient Boosting,167.142,143.268,191.016,18.623,True,Summer Selects,0.2,784.0,131039.52
2026-06-29,TOP-010,Tops,Gradient Boosting,180.888,159.294,202.481,16.844,True,Summer Selects,0.2,568.0,102744.13
2026-07-06,ACC-001,Accessories,Gradient Boosting,70.786,33.525,108.048,29.065,False,Always On,0.0,960.0,67954.78
2026-07-06,ACC-002,Accessories,Seasonal Naive,47.0,12.002,81.998,27.299,False,Always On,0.0,770.0,36190.0
2026-07-06,ACC-003,Accessories,Gradient Boosting,63.867,44.311,83.423,15.254,False,Always On,0.0,1430.0,91330.28
2026-07-06,ACC-004,Accessories,Gradient Boosting,61.493,38.245,84.741,18.134,False,Always On,0.0,1020.0,62722.96
2026-07-06,ACC-005,Accessories,Gradient Boosting,61.553,39.018,84.089,17.578,False,Always On,0.0,840.0,51704.92
2026-07-06,ACC-006,Accessories,Gradient Boosting,92.987,49.475,136.5,33.941,False,Always On,0.0,540.0,50213.23
2026-07-06,ACC-007,Accessories,Gradient Boosting,67.848,44.317,91.379,18.355,False,Always On,0.0,1330.0,90237.79
2026-07-06,ACC-008,Accessories,Gradient Boosting,79.767,43.352,116.181,28.404,False,Always On,0.0,860.0,68599.34
2026-07-06,ACC-009,Accessories,Gradient Boosting,64.654,38.942,90.365,20.056,False,Always On,0.0,1200.0,77584.3
2026-07-06,ACC-010,Accessories,Gradient Boosting,69.644,38.115,101.174,24.594,False,Always On,0.0,1030.0,71733.63
2026-07-06,BOT-001,Bottoms,Gradient Boosting,67.549,52.31,82.788,11.887,False,Always On,0.0,1810.0,122263.35
2026-07-06,BOT-002,Bottoms,Gradient Boosting,74.638,46.06,103.216,22.292,False,Always On,0.0,1250.0,93297.58
2026-07-06,BOT-003,Bottoms,Gradient Boosting,76.98,58.51,95.45,14.407,False,Always On,0.0,1360.0,104693.07
2026-07-06,BOT-004,Bottoms,Gradient Boosting,66.707,52.018,81.396,11.458,False,Always On,0.0,2270.0,151424.69
2026-07-06,BOT-005,Bottoms,Seasonal Naive,63.0,36.052,89.948,21.02,False,Always On,0.0,1650.0,103950.0
2026-07-06,BOT-006,Bottoms,Gradient Boosting,83.433,58.448,108.418,19.489,False,Always On,0.0,1840.0,153517.36
2026-07-06,BOT-007,Bottoms,Gradient Boosting,64.843,41.766,87.92,18.001,False,Always On,0.0,1920.0,124498.27
2026-07-06,BOT-008,Bottoms,Gradient Boosting,60.784,42.908,78.66,13.944,False,Always On,0.0,1930.0,117312.47
2026-07-06,BOT-009,Bottoms,Seasonal Naive,36.0,18.787,53.213,13.427,False,Always On,0.0,2270.0,81720.0
2026-07-06,BOT-010,Bottoms,Gradient Boosting,62.674,46.857,78.492,12.338,False,Always On,0.0,1300.0,81476.55
2026-07-06,DRE-001,Dresses,Gradient Boosting,108.061,77.829,138.293,23.582,False,Always On,0.0,2810.0,303650.62
2026-07-06,DRE-002,Dresses,Seasonal Naive,71.0,53.637,88.363,13.544,False,Always On,0.0,3190.0,226490.0
2026-07-06,DRE-003,Dresses,Gradient Boosting,87.616,71.995,103.236,12.184,False,Always On,0.0,2470.0,216410.75
2026-07-06,DRE-004,Dresses,Gradient Boosting,102.149,76.505,127.794,20.004,False,Always On,0.0,3120.0,318706.17
2026-07-06,DRE-005,Dresses,Gradient Boosting,100.311,76.904,123.717,18.258,False,Always On,0.0,2080.0,208646.36
2026-07-06,DRE-006,Dresses,Gradient Boosting,94.925,66.766,123.084,21.965,False,Always On,0.0,3150.0,299014.99
2026-07-06,DRE-007,Dresses,Seasonal Naive,82.0,64.135,99.865,13.935,False,Always On,0.0,3150.0,258300.0
2026-07-06,DRE-008,Dresses,Gradient Boosting,82.729,66.969,98.489,12.293,False,Always On,0.0,2920.0,241568.53
2026-07-06,DRE-009,Dresses,Gradient Boosting,91.116,70.09,112.142,16.401,False,Always On,0.0,1880.0,171298.57
2026-07-06,DRE-010,Dresses,Gradient Boosting,112.619,91.164,134.074,16.736,False,Always On,0.0,3110.0,350244.59
2026-07-06,KNI-001,Knitwear,Gradient Boosting,64.123,36.21,92.035,21.773,False,Always On,0.0,1070.0,68611.18
2026-07-06,KNI-002,Knitwear,Gradient Boosting,48.8,29.94,67.66,14.712,False,Always On,0.0,2360.0,115167.71
2026-07-06,KNI-003,Knitwear,Gradient Boosting,54.631,27.261,82.002,21.35,False,Always On,0.0,1970.0,107623.71
2026-07-06,KNI-004,Knitwear,Gradient Boosting,45.152,29.585,60.719,12.143,False,Always On,0.0,1460.0,65922.02
2026-07-06,KNI-005,Knitwear,Gradient Boosting,53.863,12.956,94.77,31.909,False,Always On,0.0,1020.0,54939.88
2026-07-06,KNI-006,Knitwear,Gradient Boosting,38.301,20.381,56.221,13.978,False,Always On,0.0,1140.0,43662.96
2026-07-06,KNI-007,Knitwear,Gradient Boosting,61.276,44.032,78.52,13.451,False,Always On,0.0,1830.0,112134.64
2026-07-06,KNI-008,Knitwear,Gradient Boosting,52.444,18.24,86.647,26.68,False,Always On,0.0,1080.0,56639.48
2026-07-06,KNI-009,Knitwear,Gradient Boosting,53.299,29.716,76.881,18.395,False,Always On,0.0,1230.0,65557.57
2026-07-06,KNI-010,Knitwear,Gradient Boosting,44.423,25.844,63.002,14.492,False,Always On,0.0,960.0,42645.78
2026-07-06,OUT-001,Outerwear,Gradient Boosting,25.508,14.926,36.09,8.254,False,Always On,0.0,1840.0,46935.05
2026-07-06,OUT-002,Outerwear,Gradient Boosting,44.702,26.199,63.205,14.433,False,Always On,0.0,3290.0,147070.13
2026-07-06,OUT-003,Outerwear,Gradient Boosting,20.854,11.133,30.574,7.582,False,Always On,0.0,2210.0,46086.35
2026-07-06,OUT-004,Outerwear,Gradient Boosting,20.317,9.228,31.405,8.65,False,Always On,0.0,3410.0,69279.89
2026-07-06,OUT-005,Outerwear,Gradient Boosting,29.127,10.944,47.309,14.183,False,Always On,0.0,1970.0,57379.46
2026-07-06,OUT-006,Outerwear,Gradient Boosting,25.373,9.7,41.047,12.226,False,Always On,0.0,3630.0,92105.68
2026-07-06,OUT-007,Outerwear,Gradient Boosting,36.503,16.139,56.866,15.884,False,Always On,0.0,4530.0,165356.6
2026-07-06,OUT-008,Outerwear,Gradient Boosting,20.489,5.427,35.551,11.749,False,Always On,0.0,3030.0,62080.93
2026-07-06,OUT-009,Outerwear,Gradient Boosting,35.382,21.778,48.986,10.611,False,Always On,0.0,2920.0,103315.33
2026-07-06,OUT-010,Outerwear,Gradient Boosting,25.373,13.03,37.717,9.629,False,Always On,0.0,4130.0,104792.42
2026-07-06,TOP-001,Tops,Gradient Boosting,99.583,85.585,113.581,10.919,False,Always On,0.0,1170.0,116511.79
2026-07-06,TOP-002,Tops,Gradient Boosting,96.042,77.494,114.59,14.468,False,Always On,0.0,1580.0,151746.4
2026-07-06,TOP-003,Tops,Gradient Boosting,98.749,82.03,115.468,13.041,False,Always On,0.0,960.0,94799.02
2026-07-06,TOP-004,Tops,Gradient Boosting,101.135,80.888,121.381,15.793,False,Always On,0.0,1490.0,150690.46
2026-07-06,TOP-005,Tops,Gradient Boosting,100.235,76.594,123.875,18.441,False,Always On,0.0,1410.0,141330.8
2026-07-06,TOP-006,Tops,Gradient Boosting,114.92,98.103,131.736,13.117,False,Always On,0.0,1870.0,214899.98
2026-07-06,TOP-007,Tops,Gradient Boosting,109.319,86.312,132.326,17.946,False,Always On,0.0,690.0,75430.21
2026-07-06,TOP-008,Tops,Gradient Boosting,117.045,93.226,140.864,18.58,False,Always On,0.0,1770.0,207169.84
2026-07-06,TOP-009,Tops,Gradient Boosting,135.722,111.848,159.596,18.623,False,Always On,0.0,980.0,133007.67
2026-07-06,TOP-010,Tops,Gradient Boosting,123.269,101.676,144.863,16.844,False,Always On,0.0,710.0,87521.03
2026-07-13,ACC-001,Accessories,Gradient Boosting,68.645,31.384,105.907,29.065,False,Always On,0.0,960.0,65899.51
2026-07-13,ACC-002,Accessories,Seasonal Naive,38.0,3.002,72.998,27.299,False,Always On,0.0,770.0,29260.0
2026-07-13,ACC-003,Accessories,Gradient Boosting,65.177,45.621,84.732,15.254,False,Always On,0.0,1430.0,93202.52
2026-07-13,ACC-004,Accessories,Gradient Boosting,63.975,40.727,87.223,18.134,False,Always On,0.0,1020.0,65254.5
2026-07-13,ACC-005,Accessories,Gradient Boosting,60.933,38.397,83.468,17.578,False,Always On,0.0,840.0,51183.49
2026-07-13,ACC-006,Accessories,Gradient Boosting,88.742,45.23,132.255,33.941,False,Always On,0.0,540.0,47920.72
2026-07-13,ACC-007,Accessories,Gradient Boosting,63.239,39.707,86.77,18.355,False,Always On,0.0,1330.0,84107.31
2026-07-13,ACC-008,Accessories,Gradient Boosting,73.819,37.404,110.233,28.404,False,Always On,0.0,860.0,63483.97
2026-07-13,ACC-009,Accessories,Gradient Boosting,66.816,41.105,92.527,20.056,False,Always On,0.0,1200.0,80179.19
2026-07-13,ACC-010,Accessories,Gradient Boosting,64.144,32.614,95.673,24.594,False,Always On,0.0,1030.0,66067.94
2026-07-13,BOT-001,Bottoms,Gradient Boosting,61.13,45.891,76.369,11.887,False,Always On,0.0,1810.0,110644.55
2026-07-13,BOT-002,Bottoms,Gradient Boosting,72.213,43.635,100.791,22.292,False,Always On,0.0,1250.0,90266.2
2026-07-13,BOT-003,Bottoms,Gradient Boosting,73.399,54.929,91.869,14.407,False,Always On,0.0,1360.0,99822.84
2026-07-13,BOT-004,Bottoms,Gradient Boosting,65.916,51.227,80.605,11.458,False,Always On,0.0,2270.0,149630.22
2026-07-13,BOT-005,Bottoms,Seasonal Naive,60.0,33.052,86.948,21.02,False,Always On,0.0,1650.0,99000.0
2026-07-13,BOT-006,Bottoms,Gradient Boosting,74.235,49.25,99.22,19.489,False,Always On,0.0,1840.0,136592.42
2026-07-13,BOT-007,Bottoms,Gradient Boosting,63.331,40.254,86.408,18.001,False,Always On,0.0,1920.0,121595.71
2026-07-13,BOT-008,Bottoms,Gradient Boosting,63.448,45.572,81.324,13.944,False,Always On,0.0,1930.0,122455.32
2026-07-13,BOT-009,Bottoms,Seasonal Naive,44.0,26.787,61.213,13.427,False,Always On,0.0,2270.0,99880.0
2026-07-13,BOT-010,Bottoms,Gradient Boosting,60.037,44.22,75.855,12.338,False,Always On,0.0,1300.0,78048.33
2026-07-13,DRE-001,Dresses,Gradient Boosting,106.063,75.831,136.295,23.582,False,Always On,0.0,2810.0,298037.91
2026-07-13,DRE-002,Dresses,Seasonal Naive,70.0,52.637,87.363,13.544,False,Always On,0.0,3190.0,223300.0
2026-07-13,DRE-003,Dresses,Gradient Boosting,90.481,74.86,106.101,12.184,False,Always On,0.0,2470.0,223487.35
2026-07-13,DRE-004,Dresses,Gradient Boosting,103.617,77.972,129.261,20.004,False,Always On,0.0,3120.0,323283.91
2026-07-13,DRE-005,Dresses,Gradient Boosting,94.574,71.167,117.98,18.258,False,Always On,0.0,2080.0,196712.89
2026-07-13,DRE-006,Dresses,Gradient Boosting,101.025,72.866,129.184,21.965,False,Always On,0.0,3150.0,318228.76
2026-07-13,DRE-007,Dresses,Seasonal Naive,64.0,46.135,81.865,13.935,False,Always On,0.0,3150.0,201600.0
2026-07-13,DRE-008,Dresses,Gradient Boosting,79.62,63.86,95.381,12.293,False,Always On,0.0,2920.0,232491.55
2026-07-13,DRE-009,Dresses,Gradient Boosting,91.561,70.535,112.587,16.401,False,Always On,0.0,1880.0,172135.01
2026-07-13,DRE-010,Dresses,Gradient Boosting,96.368,74.913,117.823,16.736,False,Always On,0.0,3110.0,299704.77
2026-07-13,KNI-001,Knitwear,Gradient Boosting,64.267,36.355,92.18,21.773,False,Always On,0.0,1070.0,68765.83
2026-07-13,KNI-002,Knitwear,Gradient Boosting,47.502,28.642,66.362,14.712,False,Always On,0.0,2360.0,112104.52
2026-07-13,KNI-003,Knitwear,Gradient Boosting,54.018,26.647,81.388,21.35,False,Always On,0.0,1970.0,106415.04
2026-07-13,KNI-004,Knitwear,Gradient Boosting,45.004,29.436,60.571,12.143,False,Always On,0.0,1460.0,65705.28
2026-07-13,KNI-005,Knitwear,Gradient Boosting,49.574,8.667,90.481,31.909,False,Always On,0.0,1020.0,50565.16
2026-07-13,KNI-006,Knitwear,Gradient Boosting,38.512,20.591,56.432,13.978,False,Always On,0.0,1140.0,43903.12
2026-07-13,KNI-007,Knitwear,Gradient Boosting,58.361,41.117,75.605,13.451,False,Always On,0.0,1830.0,106801.04
2026-07-13,KNI-008,Knitwear,Gradient Boosting,48.805,14.601,83.008,26.68,False,Always On,0.0,1080.0,52709.22
2026-07-13,KNI-009,Knitwear,Gradient Boosting,49.847,26.264,73.429,18.395,False,Always On,0.0,1230.0,61311.39
2026-07-13,KNI-010,Knitwear,Gradient Boosting,44.844,26.265,63.423,14.492,False,Always On,0.0,960.0,43050.37
2026-07-13,OUT-001,Outerwear,Gradient Boosting,27.712,17.131,38.294,8.254,False,Always On,0.0,1840.0,50990.82
2026-07-13,OUT-002,Outerwear,Gradient Boosting,39.862,21.36,58.365,14.433,False,Always On,0.0,3290.0,131147.37
2026-07-13,OUT-003,Outerwear,Gradient Boosting,22.516,12.796,32.237,7.582,False,Always On,0.0,2210.0,49761.07
2026-07-13,OUT-004,Outerwear,Gradient Boosting,23.101,12.012,34.189,8.65,False,Always On,0.0,3410.0,78773.04
2026-07-13,OUT-005,Outerwear,Gradient Boosting,26.795,8.613,44.978,14.183,False,Always On,0.0,1970.0,52786.37
2026-07-13,OUT-006,Outerwear,Gradient Boosting,21.569,5.895,37.243,12.226,False,Always On,0.0,3630.0,78294.16
2026-07-13,OUT-007,Outerwear,Gradient Boosting,37.344,16.98,57.707,15.884,False,Always On,0.0,4530.0,169166.86
2026-07-13,OUT-008,Outerwear,Gradient Boosting,20.833,5.771,35.895,11.749,False,Always On,0.0,3030.0,63125.44
2026-07-13,OUT-009,Outerwear,Gradient Boosting,35.154,21.55,48.758,10.611,False,Always On,0.0,2920.0,102649.5
2026-07-13,OUT-010,Outerwear,Gradient Boosting,26.298,13.954,38.642,9.629,False,Always On,0.0,4130.0,108611.19
2026-07-13,TOP-001,Tops,Gradient Boosting,92.303,78.305,106.301,10.919,False,Always On,0.0,1170.0,107994.45
2026-07-13,TOP-002,Tops,Gradient Boosting,93.977,75.429,112.525,14.468,False,Always On,0.0,1580.0,148483.55
2026-07-13,TOP-003,Tops,Gradient Boosting,88.962,72.243,105.681,13.041,False,Always On,0.0,960.0,85403.21
2026-07-13,TOP-004,Tops,Gradient Boosting,100.631,80.384,120.877,15.793,False,Always On,0.0,1490.0,149939.78
2026-07-13,TOP-005,Tops,Gradient Boosting,109.335,85.695,132.976,18.441,False,Always On,0.0,1410.0,154162.93
2026-07-13,TOP-006,Tops,Gradient Boosting,119.105,102.289,135.922,13.117,False,Always On,0.0,1870.0,222726.98
2026-07-13,TOP-007,Tops,Gradient Boosting,110.393,87.386,133.399,17.946,False,Always On,0.0,690.0,76170.97
2026-07-13,TOP-008,Tops,Gradient Boosting,113.272,89.453,137.091,18.58,False,Always On,0.0,1770.0,200492.08
2026-07-13,TOP-009,Tops,Gradient Boosting,138.788,114.914,162.662,18.623,False,Always On,0.0,980.0,136012.06
2026-07-13,TOP-010,Tops,Gradient Boosting,123.172,101.578,144.765,16.844,False,Always On,0.0,710.0,87451.94
2026-07-20,ACC-001,Accessories,Gradient Boosting,88.987,51.726,126.249,29.065,True,Summer Selects,0.12,844.8,75176.34
2026-07-20,ACC-002,Accessories,Seasonal Naive,59.0,24.002,93.998,27.299,True,Summer Selects,0.12,677.6,39978.4
2026-07-20,ACC-003,Accessories,Gradient Boosting,83.491,63.935,103.047,15.254,True,Summer Selects,0.12,1258.4,105064.87
2026-07-20,ACC-004,Accessories,Gradient Boosting,79.174,55.926,102.421,18.134,True,Summer Selects,0.12,897.6,71066.28
2026-07-20,ACC-005,Accessories,Gradient Boosting,75.645,53.109,98.18,17.578,True,Summer Selects,0.12,739.2,55916.69
2026-07-20,ACC-006,Accessories,Gradient Boosting,100.045,56.533,143.558,33.941,True,Summer Selects,0.12,475.2,47541.6
2026-07-20,ACC-007,Accessories,Gradient Boosting,80.3,56.769,103.831,18.355,True,Summer Selects,0.12,1170.4,93983.05
2026-07-20,ACC-008,Accessories,Gradient Boosting,92.485,56.071,128.899,28.404,True,Summer Selects,0.12,756.8,69992.79
2026-07-20,ACC-009,Accessories,Gradient Boosting,78.561,52.85,104.273,20.056,True,Summer Selects,0.12,1056.0,82960.71
2026-07-20,ACC-010,Accessories,Gradient Boosting,83.745,52.215,115.274,24.594,True,Summer Selects,0.12,906.4,75906.15
2026-07-20,BOT-001,Bottoms,Gradient Boosting,78.984,63.745,94.223,11.887,True,Summer Selects,0.12,1592.8,125805.18
2026-07-20,BOT-002,Bottoms,Gradient Boosting,94.114,65.536,122.692,22.292,True,Summer Selects,0.12,1100.0,103525.79
2026-07-20,BOT-003,Bottoms,Gradient Boosting,87.431,68.961,105.901,14.407,True,Summer Selects,0.12,1196.8,104637.31
2026-07-20,BOT-004,Bottoms,Gradient Boosting,77.422,62.733,92.111,11.458,True,Summer Selects,0.12,1997.6,154658.83
2026-07-20,BOT-005,Bottoms,Seasonal Naive,91.0,64.052,117.948,21.02,True,Summer Selects,0.12,1452.0,132132.0
2026-07-20,BOT-006,Bottoms,Gradient Boosting,91.723,66.738,116.708,19.489,True,Summer Selects,0.12,1619.2,148518.09
2026-07-20,BOT-007,Bottoms,Gradient Boosting,81.242,58.165,104.319,18.001,True,Summer Selects,0.12,1689.6,137266.02
2026-07-20,BOT-008,Bottoms,Gradient Boosting,75.97,58.094,93.846,13.944,True,Summer Selects,0.12,1698.4,129027.55
2026-07-20,BOT-009,Bottoms,Seasonal Naive,35.0,17.787,52.213,13.427,True,Summer Selects,0.12,1997.6,69916.0
2026-07-20,BOT-010,Bottoms,Gradient Boosting,71.679,55.861,87.497,12.338,True,Summer Selects,0.12,1144.0,82000.78
2026-07-20,DRE-001,Dresses,Gradient Boosting,144.836,114.604,175.068,23.582,True,Summer Selects,0.2,2248.0,325591.51
2026-07-20,DRE-002,Dresses,Seasonal Naive,134.0,116.637,151.363,13.544,True,Summer Selects,0.2,2552.0,341968.0
2026-07-20,DRE-003,Dresses,Gradient Boosting,127.792,112.172,143.413,12.184,True,Summer Selects,0.2,1976.0,252517.65
2026-07-20,DRE-004,Dresses,Gradient Boosting,135.302,109.657,160.947,20.004,True,Summer Selects,0.2,2496.0,337713.31
2026-07-20,DRE-005,Dresses,Gradient Boosting,160.495,137.088,183.901,18.258,True,Summer Selects,0.2,1664.0,267063.01
2026-07-20,DRE-006,Dresses,Gradient Boosting,132.05,103.891,160.209,21.965,True,Summer Selects,0.2,2520.0,332766.48
2026-07-20,DRE-007,Dresses,Seasonal Naive,66.0,48.135,83.865,13.935,True,Summer Selects,0.2,2520.0,166320.0
2026-07-20,DRE-008,Dresses,Gradient Boosting,104.261,88.5,120.021,12.293,True,Summer Selects,0.2,2336.0,243553.09
2026-07-20,DRE-009,Dresses,Gradient Boosting,151.712,130.686,172.738,16.401,True,Summer Selects,0.2,1504.0,228175.0
2026-07-20,DRE-010,Dresses,Gradient Boosting,121.349,99.894,142.804,16.736,True,Summer Selects,0.2,2488.0,301916.23
2026-07-20,KNI-001,Knitwear,Gradient Boosting,76.832,48.919,104.744,21.773,True,Summer Selects,0.12,941.6,72344.85
2026-07-20,KNI-002,Knitwear,Gradient Boosting,55.829,36.969,74.689,14.712,True,Summer Selects,0.12,2076.8,115945.67
2026-07-20,KNI-003,Knitwear,Gradient Boosting,62.228,34.857,89.598,21.35,True,Summer Selects,0.12,1733.6,107877.91
2026-07-20,KNI-004,Knitwear,Gradient Boosting,53.581,38.013,69.148,12.143,True,Summer Selects,0.12,1284.8,68840.41
2026-07-20,KNI-005,Knitwear,Gradient Boosting,67.422,26.515,108.329,31.909,True,Summer Selects,0.12,897.6,60517.7
2026-07-20,KNI-006,Knitwear,Gradient Boosting,48.41,30.49,66.33,13.978,True,Summer Selects,0.12,1003.2,48564.92
2026-07-20,KNI-007,Knitwear,Gradient Boosting,76.099,58.855,93.343,13.451,True,Summer Selects,0.12,1610.4,122549.44
2026-07-20,KNI-008,Knitwear,Gradient Boosting,56.796,22.592,90.999,26.68,True,Summer Selects,0.12,950.4,53978.56
2026-07-20,KNI-009,Knitwear,Gradient Boosting,62.832,39.249,86.414,18.395,True,Summer Selects,0.12,1082.4,68009.16
2026-07-20,KNI-010,Knitwear,Gradient Boosting,48.355,29.776,66.934,14.492,True,Summer Selects,0.12,844.8,40850.11
2026-07-20,OUT-001,Outerwear,Gradient Boosting,30.302,19.72,40.884,8.254,True,Summer Selects,0.12,1619.2,49065.26
2026-07-20,OUT-002,Outerwear,Gradient Boosting,50.256,31.753,68.759,14.433,True,Summer Selects,0.12,2895.2,145501.43
2026-07-20,OUT-003,Outerwear,Gradient Boosting,27.894,18.173,37.614,7.582,True,Summer Selects,0.12,1944.8,54247.41
2026-07-20,OUT-004,Outerwear,Gradient Boosting,25.278,14.189,36.366,8.65,True,Summer Selects,0.12,3000.8,75853.27
2026-07-20,OUT-005,Outerwear,Gradient Boosting,31.844,13.661,50.026,14.183,True,Summer Selects,0.12,1733.6,55204.11
2026-07-20,OUT-006,Outerwear,Gradient Boosting,24.994,9.32,40.668,12.226,True,Summer Selects,0.12,3194.4,79841.22
2026-07-20,OUT-007,Outerwear,Gradient Boosting,43.206,22.843,63.57,15.884,True,Summer Selects,0.12,3986.4,172237.43
2026-07-20,OUT-008,Outerwear,Gradient Boosting,25.086,10.024,40.148,11.749,True,Summer Selects,0.12,2666.4,66890.31
2026-07-20,OUT-009,Outerwear,Gradient Boosting,40.275,26.671,53.879,10.611,True,Summer Selects,0.12,2569.6,103491.41
2026-07-20,OUT-010,Outerwear,Gradient Boosting,31.397,19.053,43.741,9.629,True,Summer Selects,0.12,3634.4,114109.34
2026-07-20,TOP-001,Tops,Gradient Boosting,120.587,106.589,134.585,10.919,True,Summer Selects,0.2,936.0,112869.17
2026-07-20,TOP-002,Tops,Gradient Boosting,137.07,118.522,155.618,14.468,True,Summer Selects,0.2,1264.0,173256.44
2026-07-20,TOP-003,Tops,Gradient Boosting,128.929,112.21,145.648,13.041,True,Summer Selects,0.2,768.0,99017.14
2026-07-20,TOP-004,Tops,Gradient Boosting,129.423,109.176,149.67,15.793,True,Summer Selects,0.2,1192.0,154272.12
2026-07-20,TOP-005,Tops,Gradient Boosting,143.634,119.993,167.275,18.441,True,Summer Selects,0.2,1128.0,162019.31
2026-07-20,TOP-006,Tops,Gradient Boosting,146.144,129.327,162.961,13.117,True,Summer Selects,0.2,1496.0,218631.29
2026-07-20,TOP-007,Tops,Gradient Boosting,151.015,128.009,174.022,17.946,True,Summer Selects,0.2,552.0,83360.5
2026-07-20,TOP-008,Tops,Gradient Boosting,144.115,120.296,167.934,18.58,True,Summer Selects,0.2,1416.0,204067.12
2026-07-20,TOP-009,Tops,Gradient Boosting,186.217,162.343,210.091,18.623,True,Summer Selects,0.2,784.0,145993.96
2026-07-20,TOP-010,Tops,Gradient Boosting,170.335,148.741,191.928,16.844,True,Summer Selects,0.2,568.0,96750.15
2026-07-27,ACC-001,Accessories,Gradient Boosting,73.805,36.544,111.067,29.065,False,Always On,0.0,960.0,70853.21
2026-07-27,ACC-002,Accessories,Seasonal Naive,61.0,26.002,95.998,27.299,False,Always On,0.0,770.0,46970.0
2026-07-27,ACC-003,Accessories,Gradient Boosting,68.392,48.836,87.948,15.254,False,Always On,0.0,1430.0,97800.68
2026-07-27,ACC-004,Accessories,Gradient Boosting,65.998,42.75,89.245,18.134,False,Always On,0.0,1020.0,67317.57
2026-07-27,ACC-005,Accessories,Gradient Boosting,59.612,37.077,82.148,17.578,False,Always On,0.0,840.0,50074.23
2026-07-27,ACC-006,Accessories,Gradient Boosting,91.811,48.298,135.323,33.941,False,Always On,0.0,540.0,49577.75
2026-07-27,ACC-007,Accessories,Gradient Boosting,66.474,42.943,90.005,18.355,False,Always On,0.0,1330.0,88410.53
2026-07-27,ACC-008,Accessories,Gradient Boosting,81.006,44.592,117.42,28.404,False,Always On,0.0,860.0,69665.1
2026-07-27,ACC-009,Accessories,Gradient Boosting,65.747,40.036,91.459,20.056,False,Always On,0.0,1200.0,78896.89
2026-07-27,ACC-010,Accessories,Gradient Boosting,64.751,33.221,96.28,24.594,False,Always On,0.0,1030.0,66693.43
2026-07-27,BOT-001,Bottoms,Gradient Boosting,69.793,54.554,85.032,11.887,False,Always On,0.0,1810.0,126324.6
2026-07-27,BOT-002,Bottoms,Gradient Boosting,82.836,54.258,111.414,22.292,False,Always On,0.0,1250.0,103545.19
2026-07-27,BOT-003,Bottoms,Gradient Boosting,80.504,62.034,98.973,14.407,False,Always On,0.0,1360.0,109484.83
2026-07-27,BOT-004,Bottoms,Gradient Boosting,64.786,50.097,79.475,11.458,False,Always On,0.0,2270.0,147063.99
2026-07-27,BOT-005,Bottoms,Seasonal Naive,70.0,43.052,96.948,21.02,False,Always On,0.0,1650.0,115500.0
2026-07-27,BOT-006,Bottoms,Gradient Boosting,77.58,52.595,102.565,19.489,False,Always On,0.0,1840.0,142747.17
2026-07-27,BOT-007,Bottoms,Gradient Boosting,69.498,46.421,92.574,18.001,False,Always On,0.0,1920.0,133435.24
2026-07-27,BOT-008,Bottoms,Gradient Boosting,65.038,47.162,82.914,13.944,False,Always On,0.0,1930.0,125523.67
2026-07-27,BOT-009,Bottoms,Seasonal Naive,33.0,15.787,50.213,13.427,False,Always On,0.0,2270.0,74910.0
2026-07-27,BOT-010,Bottoms,Gradient Boosting,62.182,46.364,77.999,12.338,False,Always On,0.0,1300.0,80836.15
2026-07-27,DRE-001,Dresses,Gradient Boosting,99.411,69.179,129.643,23.582,False,Always On,0.0,2810.0,279345.65
2026-07-27,DRE-002,Dresses,Seasonal Naive,96.0,78.637,113.363,13.544,False,Always On,0.0,3190.0,306240.0
2026-07-27,DRE-003,Dresses,Gradient Boosting,90.271,74.651,105.891,12.184,False,Always On,0.0,2470.0,222969.25
2026-07-27,DRE-004,Dresses,Gradient Boosting,96.131,70.486,121.775,20.004,False,Always On,0.0,3120.0,299927.44
2026-07-27,DRE-005,Dresses,Gradient Boosting,96.014,72.607,119.42,18.258,False,Always On,0.0,2080.0,199708.38
2026-07-27,DRE-006,Dresses,Gradient Boosting,115.301,87.142,143.46,21.965,False,Always On,0.0,3150.0,363198.4
2026-07-27,DRE-007,Dresses,Seasonal Naive,78.0,60.135,95.865,13.935,False,Always On,0.0,3150.0,245700.0
2026-07-27,DRE-008,Dresses,Gradient Boosting,85.309,69.548,101.069,12.293,False,Always On,0.0,2920.0,249101.0
2026-07-27,DRE-009,Dresses,Gradient Boosting,88.934,67.908,109.96,16.401,False,Always On,0.0,1880.0,167195.8
2026-07-27,DRE-010,Dresses,Gradient Boosting,104.07,82.615,125.525,16.736,False,Always On,0.0,3110.0,323657.93
2026-07-27,KNI-001,Knitwear,Gradient Boosting,66.831,38.919,94.744,21.773,False,Always On,0.0,1070.0,71509.5
2026-07-27,KNI-002,Knitwear,Gradient Boosting,50.288,31.428,69.148,14.712,False,Always On,0.0,2360.0,118679.86
2026-07-27,KNI-003,Knitwear,Gradient Boosting,54.676,27.306,82.047,21.35,False,Always On,0.0,1970.0,107712.47
2026-07-27,KNI-004,Knitwear,Gradient Boosting,46.723,31.156,62.29,12.143,False,Always On,0.0,1460.0,68215.81
2026-07-27,KNI-005,Knitwear,Gradient Boosting,54.402,13.495,95.309,31.909,False,Always On,0.0,1020.0,55490.31
2026-07-27,KNI-006,Knitwear,Gradient Boosting,39.917,21.997,57.837,13.978,False,Always On,0.0,1140.0,45505.26
2026-07-27,KNI-007,Knitwear,Gradient Boosting,65.876,48.632,83.121,13.451,False,Always On,0.0,1830.0,120553.99
2026-07-27,KNI-008,Knitwear,Gradient Boosting,55.979,21.776,90.183,26.68,False,Always On,0.0,1080.0,60457.36
2026-07-27,KNI-009,Knitwear,Gradient Boosting,55.506,31.924,79.089,18.395,False,Always On,0.0,1230.0,68272.96
2026-07-27,KNI-010,Knitwear,Gradient Boosting,43.041,24.462,61.62,14.492,False,Always On,0.0,960.0,41318.91
2026-07-27,OUT-001,Outerwear,Gradient Boosting,26.536,15.954,37.117,8.254,False,Always On,0.0,1840.0,48825.37
2026-07-27,OUT-002,Outerwear,Gradient Boosting,44.072,25.569,62.574,14.433,False,Always On,0.0,3290.0,144995.31
2026-07-27,OUT-003,Outerwear,Gradient Boosting,22.041,12.321,31.761,7.582,False,Always On,0.0,2210.0,48710.85
2026-07-27,OUT-004,Outerwear,Gradient Boosting,22.26,11.171,33.349,8.65,False,Always On,0.0,3410.0,75906.43
2026-07-27,OUT-005,Outerwear,Gradient Boosting,28.739,10.556,46.921,14.183,False,Always On,0.0,1970.0,56615.08
2026-07-27,OUT-006,Outerwear,Gradient Boosting,21.993,6.319,37.667,12.226,False,Always On,0.0,3630.0,79835.78
2026-07-27,OUT-007,Outerwear,Gradient Boosting,36.673,16.31,57.037,15.884,False,Always On,0.0,4530.0,166130.72
2026-07-27,OUT-008,Outerwear,Gradient Boosting,21.821,6.759,36.883,11.749,False,Always On,0.0,3030.0,66118.4
2026-07-27,OUT-009,Outerwear,Gradient Boosting,33.984,20.38,47.588,10.611,False,Always On,0.0,2920.0,99234.18
2026-07-27,OUT-010,Outerwear,Gradient Boosting,25.195,12.851,37.539,9.629,False,Always On,0.0,4130.0,104056.15
2026-07-27,TOP-001,Tops,Gradient Boosting,99.975,85.977,113.973,10.919,False,Always On,0.0,1170.0,116971.06
2026-07-27,TOP-002,Tops,Gradient Boosting,92.466,73.918,111.015,14.468,False,Always On,0.0,1580.0,146096.86
2026-07-27,TOP-003,Tops,Gradient Boosting,102.094,85.375,118.814,13.041,False,Always On,0.0,960.0,98010.71
2026-07-27,TOP-004,Tops,Gradient Boosting,98.005,77.758,118.251,15.793,False,Always On,0.0,1490.0,146026.75
2026-07-27,TOP-005,Tops,Gradient Boosting,102.501,78.86,126.142,18.441,False,Always On,0.0,1410.0,144526.15
2026-07-27,TOP-006,Tops,Gradient Boosting,120.283,103.467,137.1,13.117,False,Always On,0.0,1870.0,224929.43
2026-07-27,TOP-007,Tops,Gradient Boosting,122.817,99.81,145.824,17.946,False,Always On,0.0,690.0,84743.77
2026-07-27,TOP-008,Tops,Gradient Boosting,112.403,88.584,136.222,18.58,False,Always On,0.0,1770.0,198953.65
2026-07-27,TOP-009,Tops,Gradient Boosting,113.68,89.805,137.554,18.623,False,Always On,0.0,980.0,111405.93
2026-07-27,TOP-010,Tops,Gradient Boosting,119.137,97.543,140.73,16.844,False,Always On,0.0,710.0,84586.98
2026-08-03,ACC-001,Accessories,Gradient Boosting,72.804,35.543,110.066,29.065,False,Always On,0.0,960.0,69892.13
2026-08-03,ACC-002,Accessories,Seasonal Naive,47.0,12.002,81.998,27.299,False,Always On,0.0,770.0,36190.0
2026-08-03,ACC-003,Accessories,Gradient Boosting,62.972,43.416,82.528,15.254,False,Always On,0.0,1430.0,90049.76
2026-08-03,ACC-004,Accessories,Gradient Boosting,64.665,41.417,87.912,18.134,False,Always On,0.0,1020.0,65957.96
2026-08-03,ACC-005,Accessories,Gradient Boosting,64.792,42.256,87.327,17.578,False,Always On,0.0,840.0,54425.09
2026-08-03,ACC-006,Accessories,Gradient Boosting,83.96,40.448,127.473,33.941,False,Always On,0.0,540.0,45338.61
2026-08-03,ACC-007,Accessories,Gradient Boosting,68.241,44.709,91.772,18.355,False,Always On,0.0,1330.0,90760.12
2026-08-03,ACC-008,Accessories,Gradient Boosting,88.613,52.199,125.028,28.404,False,Always On,0.0,860.0,76207.5
2026-08-03,ACC-009,Accessories,Gradient Boosting,68.514,42.803,94.226,20.056,False,Always On,0.0,1200.0,82217.08
2026-08-03,ACC-010,Accessories,Gradient Boosting,63.582,32.053,95.112,24.594,False,Always On,0.0,1030.0,65489.58
2026-08-03,BOT-001,Bottoms,Gradient Boosting,64.476,49.237,79.715,11.887,False,Always On,0.0,1810.0,116701.26
2026-08-03,BOT-002,Bottoms,Gradient Boosting,76.242,47.664,104.82,22.292,False,Always On,0.0,1250.0,95302.44
2026-08-03,BOT-003,Bottoms,Gradient Boosting,75.243,56.773,93.712,14.407,False,Always On,0.0,1360.0,102330.01
2026-08-03,BOT-004,Bottoms,Gradient Boosting,62.147,47.458,76.836,11.458,False,Always On,0.0,2270.0,141074.02
2026-08-03,BOT-005,Bottoms,Seasonal Naive,62.0,35.052,88.948,21.02,False,Always On,0.0,1650.0,102300.0
2026-08-03,BOT-006,Bottoms,Gradient Boosting,81.273,56.288,106.258,19.489,False,Always On,0.0,1840.0,149542.55
2026-08-03,BOT-007,Bottoms,Gradient Boosting,68.815,45.738,91.891,18.001,False,Always On,0.0,1920.0,132123.87
2026-08-03,BOT-008,Bottoms,Gradient Boosting,60.861,42.985,78.738,13.944,False,Always On,0.0,1930.0,117462.66
2026-08-03,BOT-009,Bottoms,Seasonal Naive,38.0,20.787,55.213,13.427,False,Always On,0.0,2270.0,86260.0
2026-08-03,BOT-010,Bottoms,Gradient Boosting,61.88,46.063,77.698,12.338,False,Always On,0.0,1300.0,80444.21
2026-08-03,DRE-001,Dresses,Gradient Boosting,101.834,71.601,132.066,23.582,False,Always On,0.0,2810.0,286152.4
2026-08-03,DRE-002,Dresses,Seasonal Naive,66.0,48.637,83.363,13.544,False,Always On,0.0,3190.0,210540.0
2026-08-03,DRE-003,Dresses,Gradient Boosting,91.346,75.725,106.966,12.184,False,Always On,0.0,2470.0,225624.08
2026-08-03,DRE-004,Dresses,Gradient Boosting,107.736,82.092,133.381,20.004,False,Always On,0.0,3120.0,336137.49
2026-08-03,DRE-005,Dresses,Gradient Boosting,101.556,78.15,124.963,18.258,False,Always On,0.0,2080.0,211237.15
2026-08-03,DRE-006,Dresses,Gradient Boosting,110.11,81.951,138.269,21.965,False,Always On,0.0,3150.0,346847.72
2026-08-03,DRE-007,Dresses,Seasonal Naive,68.0,50.135,85.865,13.935,False,Always On,0.0,3150.0,214200.0
2026-08-03,DRE-008,Dresses,Gradient Boosting,85.97,70.209,101.73,12.293,False,Always On,0.0,2920.0,251030.98
2026-08-03,DRE-009,Dresses,Gradient Boosting,91.265,70.239,112.291,16.401,False,Always On,0.0,1880.0,171578.16
2026-08-03,DRE-010,Dresses,Gradient Boosting,94.371,72.916,115.826,16.736,False,Always On,0.0,3110.0,293493.54
2026-08-03,KNI-001,Knitwear,Gradient Boosting,59.957,32.044,87.87,21.773,False,Always On,0.0,1070.0,64154.02
2026-08-03,KNI-002,Knitwear,Gradient Boosting,48.472,29.612,67.332,14.712,False,Always On,0.0,2360.0,114394.5
2026-08-03,KNI-003,Knitwear,Gradient Boosting,53.901,26.531,81.272,21.35,False,Always On,0.0,1970.0,106185.13
2026-08-03,KNI-004,Knitwear,Gradient Boosting,46.818,31.251,62.385,12.143,False,Always On,0.0,1460.0,68353.84
2026-08-03,KNI-005,Knitwear,Gradient Boosting,51.116,10.209,92.023,31.909,False,Always On,0.0,1020.0,52138.7
2026-08-03,KNI-006,Knitwear,Gradient Boosting,37.683,19.763,55.604,13.978,False,Always On,0.0,1140.0,42959.11
2026-08-03,KNI-007,Knitwear,Gradient Boosting,57.874,40.63,75.118,13.451,False,Always On,0.0,1830.0,105909.65
2026-08-03,KNI-008,Knitwear,Gradient Boosting,56.517,22.314,90.721,26.68,False,Always On,0.0,1080.0,61038.68
2026-08-03,KNI-009,Knitwear,Gradient Boosting,53.341,29.759,76.924,18.395,False,Always On,0.0,1230.0,65609.99
2026-08-03,KNI-010,Knitwear,Gradient Boosting,41.044,22.465,59.623,14.492,False,Always On,0.0,960.0,39402.01
2026-08-03,OUT-001,Outerwear,Gradient Boosting,26.468,15.886,37.049,8.254,False,Always On,0.0,1840.0,48700.55
2026-08-03,OUT-002,Outerwear,Gradient Boosting,42.288,23.786,60.791,14.433,False,Always On,0.0,3290.0,139128.69
2026-08-03,OUT-003,Outerwear,Gradient Boosting,21.821,12.101,31.542,7.582,False,Always On,0.0,2210.0,48224.97
2026-08-03,OUT-004,Outerwear,Gradient Boosting,20.674,9.585,31.762,8.65,False,Always On,0.0,3410.0,70497.65
2026-08-03,OUT-005,Outerwear,Gradient Boosting,25.861,7.679,44.044,14.183,False,Always On,0.0,1970.0,50946.99
2026-08-03,OUT-006,Outerwear,Gradient Boosting,22.361,6.687,38.035,12.226,False,Always On,0.0,3630.0,81169.12
2026-08-03,OUT-007,Outerwear,Gradient Boosting,35.859,15.495,56.222,15.884,False,Always On,0.0,4530.0,162439.29
2026-08-03,OUT-008,Outerwear,Gradient Boosting,22.895,7.833,37.957,11.749,False,Always On,0.0,3030.0,69372.06
2026-08-03,OUT-009,Outerwear,Gradient Boosting,33.075,19.471,46.679,10.611,False,Always On,0.0,2920.0,96578.74
2026-08-03,OUT-010,Outerwear,Gradient Boosting,25.693,13.35,38.037,9.629,False,Always On,0.0,4130.0,106113.89
2026-08-03,TOP-001,Tops,Gradient Boosting,92.382,78.384,106.38,10.919,False,Always On,0.0,1170.0,108086.86
2026-08-03,TOP-002,Tops,Gradient Boosting,91.766,73.217,110.314,14.468,False,Always On,0.0,1580.0,144989.76
2026-08-03,TOP-003,Tops,Gradient Boosting,91.536,74.817,108.255,13.041,False,Always On,0.0,960.0,87874.51
2026-08-03,TOP-004,Tops,Gradient Boosting,102.755,82.508,123.002,15.793,False,Always On,0.0,1490.0,153104.65
2026-08-03,TOP-005,Tops,Gradient Boosting,108.232,84.591,131.872,18.441,False,Always On,0.0,1410.0,152606.68
2026-08-03,TOP-006,Tops,Gradient Boosting,104.458,87.641,121.275,13.117,False,Always On,0.0,1870.0,195336.55
2026-08-03,TOP-007,Tops,Gradient Boosting,113.89,90.884,136.897,17.946,False,Always On,0.0,690.0,78584.41
2026-08-03,TOP-008,Tops,Gradient Boosting,106.62,82.801,130.439,18.58,False,Always On,0.0,1770.0,188717.23
2026-08-03,TOP-009,Tops,Gradient Boosting,110.901,87.027,134.775,18.623,False,Always On,0.0,980.0,108683.11
2026-08-03,TOP-010,Tops,Gradient Boosting,120.16,98.566,141.753,16.844,False,Always On,0.0,710.0,85313.53
2026-08-10,ACC-001,Accessories,Gradient Boosting,73.576,36.314,110.837,29.065,False,Always On,0.0,960.0,70632.6
2026-08-10,ACC-002,Accessories,Seasonal Naive,67.0,32.002,101.998,27.299,False,Always On,0.0,770.0,51590.0
2026-08-10,ACC-003,Accessories,Gradient Boosting,64.687,45.131,84.243,15.254,False,Always On,0.0,1430.0,92501.99
2026-08-10,ACC-004,Accessories,Gradient Boosting,66.653,43.405,89.9,18.134,False,Always On,0.0,1020.0,67985.69
2026-08-10,ACC-005,Accessories,Gradient Boosting,64.928,42.392,87.463,17.578,False,Always On,0.0,840.0,54539.21
2026-08-10,ACC-006,Accessories,Gradient Boosting,87.028,43.516,130.541,33.941,False,Always On,0.0,540.0,46995.2
2026-08-10,ACC-007,Accessories,Gradient Boosting,74.032,50.501,97.563,18.355,False,Always On,0.0,1330.0,98462.64
2026-08-10,ACC-008,Accessories,Gradient Boosting,80.948,44.534,117.362,28.404,False,Always On,0.0,860.0,69615.15
2026-08-10,ACC-009,Accessories,Gradient Boosting,68.888,43.176,94.599,20.056,False,Always On,0.0,1200.0,82665.51
2026-08-10,ACC-010,Accessories,Gradient Boosting,68.296,36.767,99.826,24.594,False,Always On,0.0,1030.0,70345.0
2026-08-10,BOT-001,Bottoms,Gradient Boosting,72.16,56.921,87.399,11.887,False,Always On,0.0,1810.0,130609.61
2026-08-10,BOT-002,Bottoms,Gradient Boosting,73.006,44.428,101.584,22.292,False,Always On,0.0,1250.0,91257.24
2026-08-10,BOT-003,Bottoms,Gradient Boosting,76.173,57.704,94.643,14.407,False,Always On,0.0,1360.0,103595.75
2026-08-10,BOT-004,Bottoms,Gradient Boosting,63.232,48.542,77.921,11.458,False,Always On,0.0,2270.0,143535.68
2026-08-10,BOT-005,Bottoms,Seasonal Naive,74.0,47.052,100.948,21.02,False,Always On,0.0,1650.0,122100.0
2026-08-10,BOT-006,Bottoms,Gradient Boosting,76.425,51.44,101.41,19.489,False,Always On,0.0,1840.0,140622.55
2026-08-10,BOT-007,Bottoms,Gradient Boosting,68.479,45.402,91.556,18.001,False,Always On,0.0,1920.0,131480.26
2026-08-10,BOT-008,Bottoms,Gradient Boosting,60.977,43.101,78.853,13.944,False,Always On,0.0,1930.0,117685.06
2026-08-10,BOT-009,Bottoms,Seasonal Naive,49.0,31.787,66.213,13.427,False,Always On,0.0,2270.0,111230.0
2026-08-10,BOT-010,Bottoms,Gradient Boosting,61.154,45.336,76.971,12.338,False,Always On,0.0,1300.0,79499.76
2026-08-10,DRE-001,Dresses,Gradient Boosting,109.289,79.057,139.521,23.582,False,Always On,0.0,2810.0,307102.09
2026-08-10,DRE-002,Dresses,Seasonal Naive,63.0,45.637,80.363,13.544,False,Always On,0.0,3190.0,200970.0
2026-08-10,DRE-003,Dresses,Gradient Boosting,92.603,76.983,108.223,12.184,False,Always On,0.0,2470.0,228729.36
2026-08-10,DRE-004,Dresses,Gradient Boosting,107.189,81.544,132.833,20.004,False,Always On,0.0,3120.0,334428.32
2026-08-10,DRE-005,Dresses,Gradient Boosting,97.699,74.292,121.106,18.258,False,Always On,0.0,2080.0,203213.53
2026-08-10,DRE-006,Dresses,Gradient Boosting,107.172,79.013,135.331,21.965,False,Always On,0.0,3150.0,337593.15
2026-08-10,DRE-007,Dresses,Seasonal Naive,61.0,43.135,78.865,13.935,False,Always On,0.0,3150.0,192150.0
2026-08-10,DRE-008,Dresses,Gradient Boosting,85.365,69.605,101.125,12.293,False,Always On,0.0,2920.0,249265.68
2026-08-10,DRE-009,Dresses,Gradient Boosting,91.998,70.973,113.024,16.401,False,Always On,0.0,1880.0,172957.02
2026-08-10,DRE-010,Dresses,Gradient Boosting,91.204,69.749,112.66,16.736,False,Always On,0.0,3110.0,283645.95
2026-08-10,KNI-001,Knitwear,Gradient Boosting,66.086,38.173,93.999,21.773,False,Always On,0.0,1070.0,70711.98
2026-08-10,KNI-002,Knitwear,Gradient Boosting,48.88,30.02,67.741,14.712,False,Always On,0.0,2360.0,115357.57
2026-08-10,KNI-003,Knitwear,Gradient Boosting,61.604,34.233,88.974,21.35,False,Always On,0.0,1970.0,121359.3
2026-08-10,KNI-004,Knitwear,Gradient Boosting,49.729,34.162,65.296,12.143,False,Always On,0.0,1460.0,72604.58
2026-08-10,KNI-005,Knitwear,Gradient Boosting,51.17,10.263,92.077,31.909,False,Always On,0.0,1020.0,52193.57
2026-08-10,KNI-006,Knitwear,Gradient Boosting,41.375,23.455,59.295,13.978,False,Always On,0.0,1140.0,47167.8
2026-08-10,KNI-007,Knitwear,Gradient Boosting,57.659,40.415,74.904,13.451,False,Always On,0.0,1830.0,105516.86
2026-08-10,KNI-008,Knitwear,Gradient Boosting,52.747,18.543,86.95,26.68,False,Always On,0.0,1080.0,56966.72
2026-08-10,KNI-009,Knitwear,Gradient Boosting,50.672,27.089,74.254,18.395,False,Always On,0.0,1230.0,62326.29
2026-08-10,KNI-010,Knitwear,Gradient Boosting,45.111,26.532,63.69,14.492,False,Always On,0.0,960.0,43306.99
2026-08-10,OUT-001,Outerwear,Gradient Boosting,30.253,19.671,40.835,8.254,False,Always On,0.0,1840.0,55665.46
2026-08-10,OUT-002,Outerwear,Gradient Boosting,44.95,26.448,63.453,14.433,False,Always On,0.0,3290.0,147886.62
2026-08-10,OUT-003,Outerwear,Gradient Boosting,24.775,15.055,34.495,7.582,False,Always On,0.0,2210.0,54753.11
2026-08-10,OUT-004,Outerwear,Gradient Boosting,23.119,12.03,34.208,8.65,False,Always On,0.0,3410.0,78836.4
2026-08-10,OUT-005,Outerwear,Gradient Boosting,27.254,9.072,45.437,14.183,False,Always On,0.0,1970.0,53690.86
2026-08-10,OUT-006,Outerwear,Gradient Boosting,24.312,8.638,39.986,12.226,False,Always On,0.0,3630.0,88253.89
2026-08-10,OUT-007,Outerwear,Gradient Boosting,41.573,21.21,61.937,15.884,False,Always On,0.0,4530.0,188326.87
2026-08-10,OUT-008,Outerwear,Gradient Boosting,22.58,7.518,37.642,11.749,False,Always On,0.0,3030.0,68416.77
2026-08-10,OUT-009,Outerwear,Gradient Boosting,37.667,24.064,51.271,10.611,False,Always On,0.0,2920.0,109988.64
2026-08-10,OUT-010,Outerwear,Gradient Boosting,27.794,15.45,40.137,9.629,False,Always On,0.0,4130.0,114787.69
2026-08-10,TOP-001,Tops,Gradient Boosting,91.455,77.457,105.453,10.919,False,Always On,0.0,1170.0,107002.22
2026-08-10,TOP-002,Tops,Gradient Boosting,92.337,73.788,110.885,14.468,False,Always On,0.0,1580.0,145891.71
2026-08-10,TOP-003,Tops,Gradient Boosting,93.334,76.615,110.053,13.041,False,Always On,0.0,960.0,89600.67
2026-08-10,TOP-004,Tops,Gradient Boosting,97.543,77.296,117.79,15.793,False,Always On,0.0,1490.0,145339.4
2026-08-10,TOP-005,Tops,Gradient Boosting,107.017,83.376,130.657,18.441,False,Always On,0.0,1410.0,150893.49
2026-08-10,TOP-006,Tops,Gradient Boosting,110.108,93.292,126.925,13.117,False,Always On,0.0,1870.0,205902.36
2026-08-10,TOP-007,Tops,Gradient Boosting,110.145,87.138,133.151,17.946,False,Always On,0.0,690.0,75999.8
2026-08-10,TOP-008,Tops,Gradient Boosting,105.361,81.542,129.181,18.58,False,Always On,0.0,1770.0,186489.72
2026-08-10,TOP-009,Tops,Gradient Boosting,121.55,97.676,145.424,18.623,False,Always On,0.0,980.0,119119.24
2026-08-10,TOP-010,Tops,Gradient Boosting,118.533,96.939,140.126,16.844,False,Always On,0.0,710.0,84158.22
2026-08-17,ACC-001,Accessories,Gradient Boosting,66.404,29.142,103.665,29.065,False,Always On,0.0,960.0,63747.66
2026-08-17,ACC-002,Accessories,Seasonal Naive,70.0,35.002,104.998,27.299,False,Always On,0.0,770.0,53900.0
2026-08-17,ACC-003,Accessories,Gradient Boosting,65.022,45.466,84.577,15.254,False,Always On,0.0,1430.0,92980.88
2026-08-17,ACC-004,Accessories,Gradient Boosting,68.642,45.394,91.889,18.134,False,Always On,0.0,1020.0,70014.45
2026-08-17,ACC-005,Accessories,Gradient Boosting,68.287,45.752,90.823,17.578,False,Always On,0.0,840.0,57361.39
2026-08-17,ACC-006,Accessories,Gradient Boosting,86.359,42.847,129.872,33.941,False,Always On,0.0,540.0,46634.01
2026-08-17,ACC-007,Accessories,Gradient Boosting,67.214,43.683,90.746,18.355,False,Always On,0.0,1330.0,89395.19
2026-08-17,ACC-008,Accessories,Gradient Boosting,82.846,46.432,119.26,28.404,False,Always On,0.0,860.0,71247.49
2026-08-17,ACC-009,Accessories,Gradient Boosting,73.354,47.642,99.065,20.056,False,Always On,0.0,1200.0,88024.64
2026-08-17,ACC-010,Accessories,Gradient Boosting,69.932,38.403,101.462,24.594,False,Always On,0.0,1030.0,72030.15
2026-08-17,BOT-001,Bottoms,Gradient Boosting,71.457,56.218,86.696,11.887,False,Always On,0.0,1810.0,129337.44
2026-08-17,BOT-002,Bottoms,Gradient Boosting,77.535,48.957,106.113,22.292,False,Always On,0.0,1250.0,96918.34
2026-08-17,BOT-003,Bottoms,Gradient Boosting,70.763,52.294,89.233,14.407,False,Always On,0.0,1360.0,96238.31
2026-08-17,BOT-004,Bottoms,Gradient Boosting,64.638,49.949,79.327,11.458,False,Always On,0.0,2270.0,146729.19
2026-08-17,BOT-005,Bottoms,Seasonal Naive,65.0,38.052,91.948,21.02,False,Always On,0.0,1650.0,107250.0
2026-08-17,BOT-006,Bottoms,Gradient Boosting,77.368,52.383,102.354,19.489,False,Always On,0.0,1840.0,142357.91
2026-08-17,BOT-007,Bottoms,Gradient Boosting,68.936,45.859,92.013,18.001,False,Always On,0.0,1920.0,132356.7
2026-08-17,BOT-008,Bottoms,Gradient Boosting,60.004,42.128,77.88,13.944,False,Always On,0.0,1930.0,115807.92
2026-08-17,BOT-009,Bottoms,Seasonal Naive,35.0,17.787,52.213,13.427,False,Always On,0.0,2270.0,79450.0
2026-08-17,BOT-010,Bottoms,Gradient Boosting,60.845,45.027,76.663,12.338,False,Always On,0.0,1300.0,79098.58
2026-08-17,DRE-001,Dresses,Gradient Boosting,101.187,70.955,131.419,23.582,False,Always On,0.0,2810.0,284335.81
2026-08-17,DRE-002,Dresses,Seasonal Naive,106.0,88.637,123.363,13.544,False,Always On,0.0,3190.0,338140.0
2026-08-17,DRE-003,Dresses,Gradient Boosting,93.366,77.746,108.986,12.184,False,Always On,0.0,2470.0,230614.51
2026-08-17,DRE-004,Dresses,Gradient Boosting,99.366,73.721,125.011,20.004,False,Always On,0.0,3120.0,310022.24
2026-08-17,DRE-005,Dresses,Gradient Boosting,99.837,76.43,123.244,18.258,False,Always On,0.0,2080.0,207661.31
2026-08-17,DRE-006,Dresses,Gradient Boosting,112.953,84.794,141.112,21.965,False,Always On,0.0,3150.0,355800.77
2026-08-17,DRE-007,Dresses,Seasonal Naive,55.0,37.135,72.865,13.935,False,Always On,0.0,3150.0,173250.0
2026-08-17,DRE-008,Dresses,Gradient Boosting,86.566,70.806,102.327,12.293,False,Always On,0.0,2920.0,252773.96
2026-08-17,DRE-009,Dresses,Gradient Boosting,89.808,68.783,110.834,16.401,False,Always On,0.0,1880.0,168839.79
2026-08-17,DRE-010,Dresses,Gradient Boosting,95.494,74.039,116.95,16.736,False,Always On,0.0,3110.0,296987.44
2026-08-17,KNI-001,Knitwear,Gradient Boosting,65.309,37.397,93.222,21.773,False,Always On,0.0,1070.0,69880.86
2026-08-17,KNI-002,Knitwear,Gradient Boosting,49.121,30.261,67.981,14.712,False,Always On,0.0,2360.0,115925.39
2026-08-17,KNI-003,Knitwear,Gradient Boosting,56.032,28.661,83.402,21.35,False,Always On,0.0,1970.0,110382.16
2026-08-17,KNI-004,Knitwear,Gradient Boosting,47.859,32.292,63.427,12.143,False,Always On,0.0,1460.0,69874.69
2026-08-17,KNI-005,Knitwear,Gradient Boosting,56.84,15.933,97.747,31.909,False,Always On,0.0,1020.0,57977.1
2026-08-17,KNI-006,Knitwear,Gradient Boosting,41.144,23.224,59.064,13.978,False,Always On,0.0,1140.0,46904.19
2026-08-17,KNI-007,Knitwear,Gradient Boosting,58.165,40.921,75.41,13.451,False,Always On,0.0,1830.0,106442.75
2026-08-17,KNI-008,Knitwear,Gradient Boosting,51.358,17.155,85.562,26.68,False,Always On,0.0,1080.0,55467.06
2026-08-17,KNI-009,Knitwear,Gradient Boosting,51.989,28.407,75.571,18.395,False,Always On,0.0,1230.0,63946.5
2026-08-17,KNI-010,Knitwear,Gradient Boosting,45.779,27.2,64.358,14.492,False,Always On,0.0,960.0,43948.01
2026-08-17,OUT-001,Outerwear,Gradient Boosting,28.543,17.961,39.124,8.254,False,Always On,0.0,1840.0,52518.59
2026-08-17,OUT-002,Outerwear,Gradient Boosting,42.687,24.184,61.19,14.433,False,Always On,0.0,3290.0,140440.09
2026-08-17,OUT-003,Outerwear,Gradient Boosting,24.312,14.592,34.033,7.582,False,Always On,0.0,2210.0,53730.33
2026-08-17,OUT-004,Outerwear,Gradient Boosting,23.78,12.692,34.869,8.65,False,Always On,0.0,3410.0,81090.82
2026-08-17,OUT-005,Outerwear,Gradient Boosting,27.595,9.413,45.778,14.183,False,Always On,0.0,1970.0,54362.82
2026-08-17,OUT-006,Outerwear,Gradient Boosting,25.824,10.15,41.498,12.226,False,Always On,0.0,3630.0,93742.34
2026-08-17,OUT-007,Outerwear,Gradient Boosting,36.035,15.671,56.398,15.884,False,Always On,0.0,4530.0,163237.48
2026-08-17,OUT-008,Outerwear,Gradient Boosting,27.243,12.181,42.305,11.749,False,Always On,0.0,3030.0,82547.0
2026-08-17,OUT-009,Outerwear,Gradient Boosting,37.046,23.442,50.649,10.611,False,Always On,0.0,2920.0,108172.9
2026-08-17,OUT-010,Outerwear,Gradient Boosting,29.993,17.65,42.337,9.629,False,Always On,0.0,4130.0,123873.13
2026-08-17,TOP-001,Tops,Gradient Boosting,88.629,74.63,102.627,10.919,False,Always On,0.0,1170.0,103695.36
2026-08-17,TOP-002,Tops,Gradient Boosting,97.353,78.805,115.902,14.468,False,Always On,0.0,1580.0,153818.42
2026-08-17,TOP-003,Tops,Gradient Boosting,91.933,75.214,108.652,13.041,False,Always On,0.0,960.0,88255.24
2026-08-17,TOP-004,Tops,Gradient Boosting,97.096,76.849,117.343,15.793,False,Always On,0.0,1490.0,144673.26
2026-08-17,TOP-005,Tops,Gradient Boosting,105.436,81.795,129.077,18.441,False,Always On,0.0,1410.0,148664.63
2026-08-17,TOP-006,Tops,Gradient Boosting,101.992,85.175,118.809,13.117,False,Always On,0.0,1870.0,190725.23
2026-08-17,TOP-007,Tops,Gradient Boosting,102.607,79.6,125.614,17.946,False,Always On,0.0,690.0,70798.82
2026-08-17,TOP-008,Tops,Gradient Boosting,113.028,89.209,136.847,18.58,False,Always On,0.0,1770.0,200059.42
2026-08-17,TOP-009,Tops,Gradient Boosting,118.145,94.271,142.019,18.623,False,Always On,0.0,980.0,115782.36
2026-08-17,TOP-010,Tops,Gradient Boosting,110.429,88.835,132.022,16.844,False,Always On,0.0,710.0,78404.37
2026-08-24,ACC-001,Accessories,Gradient Boosting,72.829,35.567,110.09,29.065,False,Always On,0.0,960.0,69915.68
2026-08-24,ACC-002,Accessories,Seasonal Naive,54.0,19.002,88.998,27.299,False,Always On,0.0,770.0,41580.0
2026-08-24,ACC-003,Accessories,Gradient Boosting,68.096,48.54,87.652,15.254,False,Always On,0.0,1430.0,97377.61
2026-08-24,ACC-004,Accessories,Gradient Boosting,68.307,45.059,91.555,18.134,False,Always On,0.0,1020.0,69673.12
2026-08-24,ACC-005,Accessories,Gradient Boosting,62.55,40.015,85.086,17.578,False,Always On,0.0,840.0,52542.28
2026-08-24,ACC-006,Accessories,Gradient Boosting,84.19,40.677,127.702,33.941,False,Always On,0.0,540.0,45462.44
2026-08-24,ACC-007,Accessories,Gradient Boosting,66.065,42.533,89.596,18.355,False,Always On,0.0,1330.0,87865.86
2026-08-24,ACC-008,Accessories,Gradient Boosting,81.602,45.187,118.016,28.404,False,Always On,0.0,860.0,70177.46
2026-08-24,ACC-009,Accessories,Gradient Boosting,68.928,43.217,94.64,20.056,False,Always On,0.0,1200.0,82713.87
2026-08-24,ACC-010,Accessories,Gradient Boosting,70.712,39.183,102.241,24.594,False,Always On,0.0,1030.0,72833.4
2026-08-24,BOT-001,Bottoms,Gradient Boosting,74.65,59.411,89.889,11.887,False,Always On,0.0,1810.0,135115.97
2026-08-24,BOT-002,Bottoms,Gradient Boosting,75.267,46.689,103.845,22.292,False,Always On,0.0,1250.0,94083.94
2026-08-24,BOT-003,Bottoms,Gradient Boosting,70.773,52.303,89.243,14.407,False,Always On,0.0,1360.0,96250.92
2026-08-24,BOT-004,Bottoms,Gradient Boosting,60.08,45.391,74.769,11.458,False,Always On,0.0,2270.0,136382.21
2026-08-24,BOT-005,Bottoms,Seasonal Naive,83.0,56.052,109.948,21.02,False,Always On,0.0,1650.0,136950.0
2026-08-24,BOT-006,Bottoms,Gradient Boosting,72.897,47.912,97.882,19.489,False,Always On,0.0,1840.0,134129.91
2026-08-24,BOT-007,Bottoms,Gradient Boosting,67.962,44.886,91.039,18.001,False,Always On,0.0,1920.0,130487.96
2026-08-24,BOT-008,Bottoms,Gradient Boosting,61.265,43.389,79.141,13.944,False,Always On,0.0,1930.0,118241.25
2026-08-24,BOT-009,Bottoms,Seasonal Naive,37.0,19.787,54.213,13.427,False,Always On,0.0,2270.0,83990.0
2026-08-24,BOT-010,Bottoms,Gradient Boosting,62.85,47.032,78.667,12.338,False,Always On,0.0,1300.0,81704.45
2026-08-24,DRE-001,Dresses,Gradient Boosting,97.547,67.315,127.779,23.582,False,Always On,0.0,2810.0,274107.92
2026-08-24,DRE-002,Dresses,Seasonal Naive,82.0,64.637,99.363,13.544,False,Always On,0.0,3190.0,261580.0
2026-08-24,DRE-003,Dresses,Gradient Boosting,92.01,76.389,107.63,12.184,False,Always On,0.0,2470.0,227263.99
2026-08-24,DRE-004,Dresses,Gradient Boosting,95.315,69.67,120.96,20.004,False,Always On,0.0,3120.0,297383.32
2026-08-24,DRE-005,Dresses,Gradient Boosting,92.061,68.654,115.468,18.258,False,Always On,0.0,2080.0,191486.41
2026-08-24,DRE-006,Dresses,Gradient Boosting,107.359,79.2,135.518,21.965,False,Always On,0.0,3150.0,338180.39
2026-08-24,DRE-007,Dresses,Seasonal Naive,68.0,50.135,85.865,13.935,False,Always On,0.0,3150.0,214200.0
2026-08-24,DRE-008,Dresses,Gradient Boosting,84.35,68.59,100.11,12.293,False,Always On,0.0,2920.0,246301.29
2026-08-24,DRE-009,Dresses,Gradient Boosting,85.431,64.405,106.456,16.401,False,Always On,0.0,1880.0,160609.68
2026-08-24,DRE-010,Dresses,Gradient Boosting,90.598,69.142,112.053,16.736,False,Always On,0.0,3110.0,281758.48
2026-08-24,KNI-001,Knitwear,Gradient Boosting,65.424,37.511,93.336,21.773,False,Always On,0.0,1070.0,70003.46
2026-08-24,KNI-002,Knitwear,Gradient Boosting,54.757,35.896,73.617,14.712,False,Always On,0.0,2360.0,129225.59
2026-08-24,KNI-003,Knitwear,Gradient Boosting,56.971,29.601,84.342,21.35,False,Always On,0.0,1970.0,112233.61
2026-08-24,KNI-004,Knitwear,Gradient Boosting,50.788,35.221,66.355,12.143,False,Always On,0.0,1460.0,74150.8
2026-08-24,KNI-005,Knitwear,Gradient Boosting,53.406,12.499,94.313,31.909,False,Always On,0.0,1020.0,54474.61
2026-08-24,KNI-006,Knitwear,Gradient Boosting,44.789,26.869,62.71,13.978,False,Always On,0.0,1140.0,51060.0
2026-08-24,KNI-007,Knitwear,Gradient Boosting,55.263,38.019,72.507,13.451,False,Always On,0.0,1830.0,101131.69
2026-08-24,KNI-008,Knitwear,Gradient Boosting,51.685,17.481,85.888,26.68,False,Always On,0.0,1080.0,55819.71
2026-08-24,KNI-009,Knitwear,Gradient Boosting,48.929,25.346,72.511,18.395,False,Always On,0.0,1230.0,60182.18
2026-08-24,KNI-010,Knitwear,Gradient Boosting,48.301,29.722,66.88,14.492,False,Always On,0.0,960.0,46368.82
2026-08-24,OUT-001,Outerwear,Gradient Boosting,28.931,18.349,39.513,8.254,False,Always On,0.0,1840.0,53232.95
2026-08-24,OUT-002,Outerwear,Gradient Boosting,45.957,27.454,64.459,14.433,False,Always On,0.0,3290.0,151197.73
2026-08-24,OUT-003,Outerwear,Gradient Boosting,23.963,14.243,33.683,7.582,False,Always On,0.0,2210.0,52958.08
2026-08-24,OUT-004,Outerwear,Gradient Boosting,22.847,11.759,33.936,8.65,False,Always On,0.0,3410.0,77908.91
2026-08-24,OUT-005,Outerwear,Gradient Boosting,29.297,11.115,47.48,14.183,False,Always On,0.0,1970.0,57715.61
2026-08-24,OUT-006,Outerwear,Gradient Boosting,24.329,8.655,40.003,12.226,False,Always On,0.0,3630.0,88315.01
2026-08-24,OUT-007,Outerwear,Gradient Boosting,38.084,17.721,58.448,15.884,False,Always On,0.0,4530.0,172520.68
2026-08-24,OUT-008,Outerwear,Gradient Boosting,23.942,8.88,39.004,11.749,False,Always On,0.0,3030.0,72545.0
2026-08-24,OUT-009,Outerwear,Gradient Boosting,40.68,27.077,54.284,10.611,False,Always On,0.0,2920.0,118786.63
2026-08-24,OUT-010,Outerwear,Gradient Boosting,29.245,16.902,41.589,9.629,False,Always On,0.0,4130.0,120783.44
2026-08-24,TOP-001,Tops,Gradient Boosting,84.23,70.232,98.228,10.919,False,Always On,0.0,1170.0,98549.34
2026-08-24,TOP-002,Tops,Gradient Boosting,94.013,75.464,112.561,14.468,False,Always On,0.0,1580.0,148540.08
2026-08-24,TOP-003,Tops,Gradient Boosting,92.245,75.526,108.964,13.041,False,Always On,0.0,960.0,88554.83
2026-08-24,TOP-004,Tops,Gradient Boosting,95.173,74.926,115.42,15.793,False,Always On,0.0,1490.0,141807.42
2026-08-24,TOP-005,Tops,Gradient Boosting,98.488,74.847,122.129,18.441,False,Always On,0.0,1410.0,138867.76
2026-08-24,TOP-006,Tops,Gradient Boosting,113.867,97.05,130.684,13.117,False,Always On,0.0,1870.0,212931.1
2026-08-24,TOP-007,Tops,Gradient Boosting,110.214,87.208,133.221,17.946,False,Always On,0.0,690.0,76047.85
2026-08-24,TOP-008,Tops,Gradient Boosting,105.673,81.854,129.492,18.58,False,Always On,0.0,1770.0,187040.99
2026-08-24,TOP-009,Tops,Gradient Boosting,119.162,95.288,143.036,18.623,False,Always On,0.0,980.0,116778.95
2026-08-24,TOP-010,Tops,Gradient Boosting,110.383,88.79,131.977,16.844,False,Always On,0.0,710.0,78372.06
2026-08-31,ACC-001,Accessories,Gradient Boosting,71.763,34.502,109.025,29.065,False,Always On,0.0,960.0,68892.82
2026-08-31,ACC-002,Accessories,Seasonal Naive,59.0,24.002,93.998,27.299,False,Always On,0.0,770.0,45430.0
2026-08-31,ACC-003,Accessories,Gradient Boosting,66.245,46.689,85.801,15.254,False,Always On,0.0,1430.0,94730.53
2026-08-31,ACC-004,Accessories,Gradient Boosting,69.655,46.407,92.902,18.134,False,Always On,0.0,1020.0,71047.68
2026-08-31,ACC-005,Accessories,Gradient Boosting,63.538,41.002,86.073,17.578,False,Always On,0.0,840.0,53371.64
2026-08-31,ACC-006,Accessories,Gradient Boosting,87.766,44.253,131.278,33.941,False,Always On,0.0,540.0,47393.53
2026-08-31,ACC-007,Accessories,Gradient Boosting,70.239,46.707,93.77,18.355,False,Always On,0.0,1330.0,93417.54
2026-08-31,ACC-008,Accessories,Gradient Boosting,78.863,42.448,115.277,28.404,False,Always On,0.0,860.0,67821.9
2026-08-31,ACC-009,Accessories,Gradient Boosting,70.023,44.312,95.735,20.056,False,Always On,0.0,1200.0,84028.01
2026-08-31,ACC-010,Accessories,Gradient Boosting,66.647,35.118,98.176,24.594,False,Always On,0.0,1030.0,68646.36
2026-08-31,BOT-001,Bottoms,Gradient Boosting,66.792,51.553,82.031,11.887,False,Always On,0.0,1810.0,120893.22
2026-08-31,BOT-002,Bottoms,Gradient Boosting,75.81,47.232,104.388,22.292,False,Always On,0.0,1250.0,94762.94
2026-08-31,BOT-003,Bottoms,Gradient Boosting,71.79,53.32,90.26,14.407,False,Always On,0.0,1360.0,97633.99
2026-08-31,BOT-004,Bottoms,Gradient Boosting,62.622,47.933,77.311,11.458,False,Always On,0.0,2270.0,142151.48
2026-08-31,BOT-005,Bottoms,Seasonal Naive,81.0,54.052,107.948,21.02,False,Always On,0.0,1650.0,133650.0
2026-08-31,BOT-006,Bottoms,Gradient Boosting,97.686,72.701,122.671,19.489,False,Always On,0.0,1840.0,179741.94
2026-08-31,BOT-007,Bottoms,Gradient Boosting,62.931,39.854,86.008,18.001,False,Always On,0.0,1920.0,120827.72
2026-08-31,BOT-008,Bottoms,Gradient Boosting,64.285,46.409,82.162,13.944,False,Always On,0.0,1930.0,124071.01
2026-08-31,BOT-009,Bottoms,Seasonal Naive,42.0,24.787,59.213,13.427,False,Always On,0.0,2270.0,95340.0
2026-08-31,BOT-010,Bottoms,Gradient Boosting,64.714,48.896,80.531,12.338,False,Always On,0.0,1300.0,84127.68
2026-08-31,DRE-001,Dresses,Gradient Boosting,105.197,74.965,135.429,23.582,False,Always On,0.0,2810.0,295603.68
2026-08-31,DRE-002,Dresses,Seasonal Naive,77.0,59.637,94.363,13.544,False,Always On,0.0,3190.0,245630.0
2026-08-31,DRE-003,Dresses,Gradient Boosting,82.005,66.384,97.625,12.184,False,Always On,0.0,2470.0,202551.22
2026-08-31,DRE-004,Dresses,Gradient Boosting,95.948,70.303,121.593,20.004,False,Always On,0.0,3120.0,299357.67
2026-08-31,DRE-005,Dresses,Gradient Boosting,91.062,67.656,114.469,18.258,False,Always On,0.0,2080.0,189409.85
2026-08-31,DRE-006,Dresses,Gradient Boosting,101.565,73.406,129.724,21.965,False,Always On,0.0,3150.0,319928.56
2026-08-31,DRE-007,Dresses,Seasonal Naive,76.0,58.135,93.865,13.935,False,Always On,0.0,3150.0,239400.0
2026-08-31,DRE-008,Dresses,Gradient Boosting,80.231,64.471,95.991,12.293,False,Always On,0.0,2920.0,234273.81
2026-08-31,DRE-009,Dresses,Gradient Boosting,84.841,63.815,105.867,16.401,False,Always On,0.0,1880.0,159500.7
2026-08-31,DRE-010,Dresses,Gradient Boosting,86.382,64.926,107.837,16.736,False,Always On,0.0,3110.0,268646.96
2026-08-31,KNI-001,Knitwear,Gradient Boosting,64.052,36.139,91.965,21.773,False,Always On,0.0,1070.0,68535.66
2026-08-31,KNI-002,Knitwear,Gradient Boosting,52.168,33.307,71.028,14.712,False,Always On,0.0,2360.0,123115.58
2026-08-31,KNI-003,Knitwear,Gradient Boosting,57.437,30.067,84.808,21.35,False,Always On,0.0,1970.0,113151.56
2026-08-31,KNI-004,Knitwear,Gradient Boosting,49.39,33.823,64.957,12.143,False,Always On,0.0,1460.0,72109.72
2026-08-31,KNI-005,Knitwear,Gradient Boosting,51.381,10.474,92.288,31.909,False,Always On,0.0,1020.0,52408.16
2026-08-31,KNI-006,Knitwear,Gradient Boosting,47.285,29.365,65.205,13.978,False,Always On,0.0,1140.0,53905.05
2026-08-31,KNI-007,Knitwear,Gradient Boosting,54.894,37.65,72.138,13.451,False,Always On,0.0,1830.0,100455.63
2026-08-31,KNI-008,Knitwear,Gradient Boosting,53.054,18.851,87.257,26.68,False,Always On,0.0,1080.0,57298.31
2026-08-31,KNI-009,Knitwear,Gradient Boosting,51.796,28.213,75.378,18.395,False,Always On,0.0,1230.0,63708.64
2026-08-31,KNI-010,Knitwear,Gradient Boosting,48.911,30.332,67.49,14.492,False,Always On,0.0,960.0,46954.18
2026-08-31,OUT-001,Outerwear,Gradient Boosting,33.797,23.215,44.378,8.254,False,Always On,0.0,1840.0,62185.82
2026-08-31,OUT-002,Outerwear,Gradient Boosting,47.412,28.91,65.915,14.433,False,Always On,0.0,3290.0,155986.31
2026-08-31,OUT-003,Outerwear,Gradient Boosting,23.963,14.243,33.683,7.582,False,Always On,0.0,2210.0,52958.08
2026-08-31,OUT-004,Outerwear,Gradient Boosting,25.078,13.99,36.167,8.65,False,Always On,0.0,3410.0,85516.63
2026-08-31,OUT-005,Outerwear,Gradient Boosting,29.496,11.313,47.678,14.183,False,Always On,0.0,1970.0,58106.24
2026-08-31,OUT-006,Outerwear,Gradient Boosting,25.718,10.045,41.392,12.226,False,Always On,0.0,3630.0,93357.76
2026-08-31,OUT-007,Outerwear,Gradient Boosting,38.084,17.721,58.448,15.884,False,Always On,0.0,4530.0,172520.68
2026-08-31,OUT-008,Outerwear,Gradient Boosting,22.847,7.785,37.909,11.749,False,Always On,0.0,3030.0,69226.98
2026-08-31,OUT-009,Outerwear,Gradient Boosting,38.671,25.067,52.275,10.611,False,Always On,0.0,2920.0,112918.69
2026-08-31,OUT-010,Outerwear,Gradient Boosting,33.161,20.817,45.505,9.629,False,Always On,0.0,4130.0,136955.29
2026-08-31,TOP-001,Tops,Gradient Boosting,82.892,68.894,96.89,10.919,False,Always On,0.0,1170.0,96983.98
2026-08-31,TOP-002,Tops,Gradient Boosting,87.547,68.999,106.095,14.468,False,Always On,0.0,1580.0,138324.2
2026-08-31,TOP-003,Tops,Gradient Boosting,86.625,69.906,103.344,13.041,False,Always On,0.0,960.0,83160.22
2026-08-31,TOP-004,Tops,Gradient Boosting,93.451,73.204,113.697,15.793,False,Always On,0.0,1490.0,139241.5
2026-08-31,TOP-005,Tops,Gradient Boosting,103.123,79.482,126.764,18.441,False,Always On,0.0,1410.0,145403.6
2026-08-31,TOP-006,Tops,Gradient Boosting,111.558,94.742,128.375,13.117,False,Always On,0.0,1870.0,208613.94
2026-08-31,TOP-007,Tops,Gradient Boosting,105.416,82.41,128.423,17.946,False,Always On,0.0,690.0,72737.22
2026-08-31,TOP-008,Tops,Gradient Boosting,99.794,75.975,123.613,18.58,False,Always On,0.0,1770.0,176635.29
2026-08-31,TOP-009,Tops,Gradient Boosting,144.175,120.301,168.049,18.623,False,Always On,0.0,980.0,141291.8
2026-08-31,TOP-010,Tops,Gradient Boosting,115.855,94.262,137.449,16.844,False,Always On,0.0,710.0,82257.25
2026-09-07,ACC-001,Accessories,Gradient Boosting,91.244,53.983,128.506,29.065,True,New Season,0.1,864.0,78835.0
2026-09-07,ACC-002,Accessories,Seasonal Naive,68.0,33.002,102.998,27.299,True,New Season,0.1,693.0,47124.0
2026-09-07,ACC-003,Accessories,Gradient Boosting,80.882,61.327,100.438,15.254,True,New Season,0.1,1287.0,104095.75
2026-09-07,ACC-004,Accessories,Gradient Boosting,98.48,75.233,121.728,18.134,True,New Season,0.1,918.0,90404.78
2026-09-07,ACC-005,Accessories,Gradient Boosting,78.018,55.482,100.553,17.578,True,New Season,0.1,756.0,58981.37
2026-09-07,ACC-006,Accessories,Gradient Boosting,109.708,66.195,153.22,33.941,True,New Season,0.1,486.0,53318.03
2026-09-07,ACC-007,Accessories,Gradient Boosting,82.27,58.739,105.802,18.355,True,New Season,0.1,1197.0,98477.67
2026-09-07,ACC-008,Accessories,Gradient Boosting,90.38,53.966,126.794,28.404,True,New Season,0.1,774.0,69954.04
2026-09-07,ACC-009,Accessories,Gradient Boosting,78.807,53.096,104.519,20.056,True,New Season,0.1,1080.0,85111.77
2026-09-07,ACC-010,Accessories,Gradient Boosting,82.661,51.132,114.191,24.594,True,New Season,0.1,927.0,76626.99
2026-09-07,BOT-001,Bottoms,Gradient Boosting,79.665,64.426,94.904,11.887,True,New Season,0.1,1629.0,129774.49
2026-09-07,BOT-002,Bottoms,Gradient Boosting,78.519,49.941,107.097,22.292,True,New Season,0.1,1125.0,88334.26
2026-09-07,BOT-003,Bottoms,Gradient Boosting,80.656,62.186,99.126,14.407,True,New Season,0.1,1224.0,98723.04
2026-09-07,BOT-004,Bottoms,Gradient Boosting,73.972,59.283,88.661,11.458,True,New Season,0.1,2043.0,151125.63
2026-09-07,BOT-005,Bottoms,Seasonal Naive,83.0,56.052,109.948,21.02,True,New Season,0.1,1485.0,123255.0
2026-09-07,BOT-006,Bottoms,Gradient Boosting,83.91,58.925,108.895,19.489,True,New Season,0.1,1656.0,138954.72
2026-09-07,BOT-007,Bottoms,Gradient Boosting,74.52,51.443,97.597,18.001,True,New Season,0.1,1728.0,128769.98
2026-09-07,BOT-008,Bottoms,Gradient Boosting,69.295,51.419,87.171,13.944,True,New Season,0.1,1737.0,120365.56
2026-09-07,BOT-009,Bottoms,Seasonal Naive,49.0,31.787,66.213,13.427,True,New Season,0.1,2043.0,100107.0
2026-09-07,BOT-010,Bottoms,Gradient Boosting,71.553,55.735,87.371,12.338,True,New Season,0.1,1170.0,83716.96
2026-09-07,DRE-001,Dresses,Gradient Boosting,115.472,85.24,145.704,23.582,True,New Season,0.1,2529.0,292028.93
2026-09-07,DRE-002,Dresses,Seasonal Naive,83.0,65.637,100.363,13.544,True,New Season,0.1,2871.0,238293.0
2026-09-07,DRE-003,Dresses,Gradient Boosting,89.948,74.328,105.569,12.184,True,New Season,0.1,2223.0,199955.0
2026-09-07,DRE-004,Dresses,Gradient Boosting,102.534,76.889,128.179,20.004,True,New Season,0.1,2808.0,287915.31
2026-09-07,DRE-005,Dresses,Gradient Boosting,96.585,73.178,119.992,18.258,True,New Season,0.1,1872.0,180806.99
2026-09-07,DRE-006,Dresses,Gradient Boosting,113.413,85.254,141.572,21.965,True,New Season,0.1,2835.0,321525.63
2026-09-07,DRE-007,Dresses,Seasonal Naive,78.0,60.135,95.865,13.935,True,New Season,0.1,2835.0,221130.0
2026-09-07,DRE-008,Dresses,Gradient Boosting,82.859,67.099,98.619,12.293,True,New Season,0.1,2628.0,217753.06
2026-09-07,DRE-009,Dresses,Gradient Boosting,85.188,64.163,106.214,16.401,True,New Season,0.1,1692.0,144138.57
2026-09-07,DRE-010,Dresses,Gradient Boosting,93.972,72.517,115.427,16.736,True,New Season,0.1,2799.0,263027.16
2026-09-07,KNI-001,Knitwear,Gradient Boosting,70.763,42.85,98.675,21.773,True,New Season,0.1,963.0,68144.4
2026-09-07,KNI-002,Knitwear,Gradient Boosting,65.242,46.382,84.103,14.712,True,New Season,0.1,2124.0,138574.67
2026-09-07,KNI-003,Knitwear,Gradient Boosting,67.228,39.857,94.598,21.35,True,New Season,0.1,1773.0,119194.92
2026-09-07,KNI-004,Knitwear,Gradient Boosting,64.73,49.163,80.297,12.143,True,New Season,0.1,1314.0,85055.09
2026-09-07,KNI-005,Knitwear,Gradient Boosting,67.094,26.187,108.001,31.909,True,New Season,0.1,918.0,61592.71
2026-09-07,KNI-006,Knitwear,Gradient Boosting,50.194,32.274,68.114,13.978,True,New Season,0.1,1026.0,51499.22
2026-09-07,KNI-007,Knitwear,Gradient Boosting,71.965,54.721,89.21,13.451,True,New Season,0.1,1647.0,118527.03
2026-09-07,KNI-008,Knitwear,Gradient Boosting,62.55,28.346,96.753,26.68,True,New Season,0.1,972.0,60798.51
2026-09-07,KNI-009,Knitwear,Gradient Boosting,59.154,35.571,82.736,18.395,True,New Season,0.1,1107.0,65483.18
2026-09-07,KNI-010,Knitwear,Gradient Boosting,60.209,41.63,78.788,14.492,True,New Season,0.1,864.0,52020.4
2026-09-07,OUT-001,Outerwear,Gradient Boosting,39.299,28.717,49.881,8.254,True,New Season,0.1,1656.0,65078.74
2026-09-07,OUT-002,Outerwear,Gradient Boosting,48.965,30.462,67.467,14.433,True,New Season,0.1,2961.0,144984.54
2026-09-07,OUT-003,Outerwear,Gradient Boosting,25.269,15.549,34.99,7.582,True,New Season,0.1,1989.0,50260.84
2026-09-07,OUT-004,Outerwear,Gradient Boosting,32.986,21.897,44.075,8.65,True,New Season,0.1,3069.0,101234.51
2026-09-07,OUT-005,Outerwear,Gradient Boosting,30.393,12.211,48.576,14.183,True,New Season,0.1,1773.0,53887.58
2026-09-07,OUT-006,Outerwear,Gradient Boosting,26.318,10.644,41.992,12.226,True,New Season,0.1,3267.0,85981.47
2026-09-07,OUT-007,Outerwear,Gradient Boosting,49.119,28.755,69.482,15.884,True,New Season,0.1,4077.0,200256.89
2026-09-07,OUT-008,Outerwear,Gradient Boosting,25.963,10.901,41.025,11.749,True,New Season,0.1,2727.0,70801.73
2026-09-07,OUT-009,Outerwear,Gradient Boosting,45.133,31.529,58.737,10.611,True,New Season,0.1,2628.0,118610.11
2026-09-07,OUT-010,Outerwear,Gradient Boosting,36.098,23.754,48.442,9.629,True,New Season,0.1,3717.0,134176.94
2026-09-07,TOP-001,Tops,Gradient Boosting,83.091,69.093,97.089,10.919,True,New Season,0.1,1053.0,87494.97
2026-09-07,TOP-002,Tops,Gradient Boosting,95.933,77.385,114.482,14.468,True,New Season,0.1,1422.0,136417.3
2026-09-07,TOP-003,Tops,Gradient Boosting,90.415,73.696,107.134,13.041,True,New Season,0.1,864.0,78118.82
2026-09-07,TOP-004,Tops,Gradient Boosting,104.935,84.688,125.182,15.793,True,New Season,0.1,1341.0,140718.17
2026-09-07,TOP-005,Tops,Gradient Boosting,110.576,86.936,134.217,18.441,True,New Season,0.1,1269.0,140321.41
2026-09-07,TOP-006,Tops,Gradient Boosting,153.23,136.413,170.047,13.117,True,New Season,0.1,1683.0,257885.9
2026-09-07,TOP-007,Tops,Gradient Boosting,129.08,106.073,152.087,17.946,True,New Season,0.1,621.0,80158.6
2026-09-07,TOP-008,Tops,Gradient Boosting,114.311,90.492,138.13,18.58,True,New Season,0.1,1593.0,182096.78
2026-09-07,TOP-009,Tops,Gradient Boosting,170.47,146.596,194.344,18.623,True,New Season,0.1,882.0,150354.86
2026-09-07,TOP-010,Tops,Gradient Boosting,126.716,105.122,148.309,16.844,True,New Season,0.1,639.0,80971.24
2026-09-14,ACC-001,Accessories,Gradient Boosting,76.507,39.246,113.769,29.065,False,Always On,0.0,960.0,73446.85
2026-09-14,ACC-002,Accessories,Seasonal Naive,45.0,10.002,79.998,27.299,False,Always On,0.0,770.0,34650.0
2026-09-14,ACC-003,Accessories,Gradient Boosting,70.546,50.99,90.101,15.254,False,Always On,0.0,1430.0,100880.19
2026-09-14,ACC-004,Accessories,Gradient Boosting,74.529,51.281,97.777,18.134,False,Always On,0.0,1020.0,76019.7
2026-09-14,ACC-005,Accessories,Gradient Boosting,66.334,43.799,88.87,17.578,False,Always On,0.0,840.0,55720.85
2026-09-14,ACC-006,Accessories,Gradient Boosting,93.893,50.38,137.405,33.941,False,Always On,0.0,540.0,50702.14
2026-09-14,ACC-007,Accessories,Gradient Boosting,89.176,65.645,112.707,18.355,False,Always On,0.0,1330.0,118604.16
2026-09-14,ACC-008,Accessories,Gradient Boosting,81.956,45.542,118.371,28.404,False,Always On,0.0,860.0,70482.4
2026-09-14,ACC-009,Accessories,Gradient Boosting,75.877,50.166,101.589,20.056,False,Always On,0.0,1200.0,91052.83
2026-09-14,ACC-010,Accessories,Gradient Boosting,70.502,38.972,102.031,24.594,False,Always On,0.0,1030.0,72616.56
2026-09-14,BOT-001,Bottoms,Gradient Boosting,72.143,56.904,87.382,11.887,False,Always On,0.0,1810.0,130579.23
2026-09-14,BOT-002,Bottoms,Gradient Boosting,75.288,46.71,103.866,22.292,False,Always On,0.0,1250.0,94110.06
2026-09-14,BOT-003,Bottoms,Gradient Boosting,66.274,47.804,84.744,14.407,False,Always On,0.0,1360.0,90132.78
2026-09-14,BOT-004,Bottoms,Gradient Boosting,62.93,48.241,77.62,11.458,False,Always On,0.0,2270.0,142852.16
2026-09-14,BOT-005,Bottoms,Seasonal Naive,68.0,41.052,94.948,21.02,False,Always On,0.0,1650.0,112200.0
2026-09-14,BOT-006,Bottoms,Gradient Boosting,82.431,57.445,107.416,19.489,False,Always On,0.0,1840.0,151672.38
2026-09-14,BOT-007,Bottoms,Gradient Boosting,63.753,40.676,86.829,18.001,False,Always On,0.0,1920.0,122404.93
2026-09-14,BOT-008,Bottoms,Gradient Boosting,59.196,41.32,77.072,13.944,False,Always On,0.0,1930.0,114248.14
2026-09-14,BOT-009,Bottoms,Seasonal Naive,58.0,40.787,75.213,13.427,False,Always On,0.0,2270.0,131660.0
2026-09-14,BOT-010,Bottoms,Gradient Boosting,63.121,47.303,78.939,12.338,False,Always On,0.0,1300.0,82057.13
2026-09-14,DRE-001,Dresses,Gradient Boosting,90.063,59.831,120.295,23.582,False,Always On,0.0,2810.0,253076.91
2026-09-14,DRE-002,Dresses,Seasonal Naive,71.0,53.637,88.363,13.544,False,Always On,0.0,3190.0,226490.0
2026-09-14,DRE-003,Dresses,Gradient Boosting,80.532,64.912,96.152,12.184,False,Always On,0.0,2470.0,198913.97
2026-09-14,DRE-004,Dresses,Gradient Boosting,86.099,60.455,111.744,20.004,False,Always On,0.0,3120.0,268630.16
2026-09-14,DRE-005,Dresses,Gradient Boosting,86.018,62.612,109.425,18.258,False,Always On,0.0,2080.0,178917.93
2026-09-14,DRE-006,Dresses,Gradient Boosting,104.059,75.9,132.218,21.965,False,Always On,0.0,3150.0,327786.48
2026-09-14,DRE-007,Dresses,Seasonal Naive,57.0,39.135,74.865,13.935,False,Always On,0.0,3150.0,179550.0
2026-09-14,DRE-008,Dresses,Gradient Boosting,81.52,65.76,97.28,12.293,False,Always On,0.0,2920.0,238037.92
2026-09-14,DRE-009,Dresses,Gradient Boosting,78.674,57.649,99.7,16.401,False,Always On,0.0,1880.0,147907.95
2026-09-14,DRE-010,Dresses,Gradient Boosting,84.682,63.227,106.137,16.736,False,Always On,0.0,3110.0,263360.52
2026-09-14,KNI-001,Knitwear,Gradient Boosting,67.081,39.168,94.993,21.773,False,Always On,0.0,1070.0,71776.52
2026-09-14,KNI-002,Knitwear,Gradient Boosting,58.519,39.659,77.379,14.712,False,Always On,0.0,2360.0,138104.95
2026-09-14,KNI-003,Knitwear,Gradient Boosting,63.048,35.678,90.418,21.35,False,Always On,0.0,1970.0,124204.63
2026-09-14,KNI-004,Knitwear,Gradient Boosting,60.771,45.204,76.338,12.143,False,Always On,0.0,1460.0,88725.21
2026-09-14,KNI-005,Knitwear,Gradient Boosting,60.722,19.815,101.629,31.909,False,Always On,0.0,1020.0,61936.15
2026-09-14,KNI-006,Knitwear,Gradient Boosting,52.679,34.759,70.599,13.978,False,Always On,0.0,1140.0,60054.17
2026-09-14,KNI-007,Knitwear,Gradient Boosting,60.704,43.46,77.948,13.451,False,Always On,0.0,1830.0,111088.47
2026-09-14,KNI-008,Knitwear,Gradient Boosting,55.47,21.267,89.674,26.68,False,Always On,0.0,1080.0,59908.03
2026-09-14,KNI-009,Knitwear,Gradient Boosting,51.863,28.28,75.445,18.395,False,Always On,0.0,1230.0,63791.35
2026-09-14,KNI-010,Knitwear,Gradient Boosting,52.29,33.711,70.869,14.492,False,Always On,0.0,960.0,50198.78
2026-09-14,OUT-001,Outerwear,Gradient Boosting,30.619,20.037,41.201,8.254,False,Always On,0.0,1840.0,56338.65
2026-09-14,OUT-002,Outerwear,Gradient Boosting,49.287,30.784,67.79,14.433,False,Always On,0.0,3290.0,162154.2
2026-09-14,OUT-003,Outerwear,Gradient Boosting,24.064,14.344,33.784,7.582,False,Always On,0.0,2210.0,53181.15
2026-09-14,OUT-004,Outerwear,Gradient Boosting,27.64,16.551,38.728,8.65,False,Always On,0.0,3410.0,94251.14
2026-09-14,OUT-005,Outerwear,Gradient Boosting,27.74,9.558,45.923,14.183,False,Always On,0.0,1970.0,54648.56
2026-09-14,OUT-006,Outerwear,Gradient Boosting,28.562,12.888,44.235,12.226,False,Always On,0.0,3630.0,103678.28
2026-09-14,OUT-007,Outerwear,Gradient Boosting,41.288,20.924,61.651,15.884,False,Always On,0.0,4530.0,187033.78
2026-09-14,OUT-008,Outerwear,Gradient Boosting,23.508,8.446,38.57,11.749,False,Always On,0.0,3030.0,71229.84
2026-09-14,OUT-009,Outerwear,Gradient Boosting,43.5,29.897,57.104,10.611,False,Always On,0.0,2920.0,127021.06
2026-09-14,OUT-010,Outerwear,Gradient Boosting,32.863,20.519,45.207,9.629,False,Always On,0.0,4130.0,135723.62
2026-09-14,TOP-001,Tops,Gradient Boosting,77.531,63.533,91.529,10.919,False,Always On,0.0,1170.0,90711.47
2026-09-14,TOP-002,Tops,Gradient Boosting,81.766,63.217,100.314,14.468,False,Always On,0.0,1580.0,129189.53
2026-09-14,TOP-003,Tops,Gradient Boosting,80.921,64.202,97.64,13.041,False,Always On,0.0,960.0,77683.78
2026-09-14,TOP-004,Tops,Gradient Boosting,87.971,67.724,108.218,15.793,False,Always On,0.0,1490.0,131076.45
2026-09-14,TOP-005,Tops,Gradient Boosting,97.048,73.407,120.688,18.441,False,Always On,0.0,1410.0,136837.05
2026-09-14,TOP-006,Tops,Gradient Boosting,117.197,100.38,134.014,13.117,False,Always On,0.0,1870.0,219158.53
2026-09-14,TOP-007,Tops,Gradient Boosting,112.459,89.453,135.466,17.946,False,Always On,0.0,690.0,77596.93
2026-09-14,TOP-008,Tops,Gradient Boosting,102.612,78.793,126.431,18.58,False,Always On,0.0,1770.0,181622.6
2026-09-14,TOP-009,Tops,Gradient Boosting,113.366,89.492,137.24,18.623,False,Always On,0.0,980.0,111098.8
2026-09-14,TOP-010,Tops,Gradient Boosting,111.724,90.13,133.317,16.844,False,Always On,0.0,710.0,79323.92
2026-09-21,ACC-001,Accessories,Gradient Boosting,88.017,50.756,125.279,29.065,True,New Season,0.1,864.0,76046.93
2026-09-21,ACC-002,Accessories,Seasonal Naive,65.0,30.002,99.998,27.299,True,New Season,0.1,693.0,45045.0
2026-09-21,ACC-003,Accessories,Gradient Boosting,86.852,67.296,106.408,15.254,True,New Season,0.1,1287.0,111778.97
2026-09-21,ACC-004,Accessories,Gradient Boosting,96.772,73.524,120.019,18.134,True,New Season,0.1,918.0,88836.46
2026-09-21,ACC-005,Accessories,Gradient Boosting,85.043,62.508,107.579,17.578,True,New Season,0.1,756.0,64292.81
2026-09-21,ACC-006,Accessories,Gradient Boosting,112.427,68.915,155.94,33.941,True,New Season,0.1,486.0,54639.74
2026-09-21,ACC-007,Accessories,Gradient Boosting,83.358,59.827,106.889,18.355,True,New Season,0.1,1197.0,99779.44
2026-09-21,ACC-008,Accessories,Gradient Boosting,108.041,71.627,144.455,28.404,True,New Season,0.1,774.0,83623.78
2026-09-21,ACC-009,Accessories,Gradient Boosting,79.338,53.627,105.05,20.056,True,New Season,0.1,1080.0,85685.58
2026-09-21,ACC-010,Accessories,Gradient Boosting,79.332,47.803,110.862,24.594,True,New Season,0.1,927.0,73541.08
2026-09-21,BOT-001,Bottoms,Gradient Boosting,86.461,71.222,101.7,11.887,True,New Season,0.1,1629.0,140845.61
2026-09-21,BOT-002,Bottoms,Gradient Boosting,75.564,46.986,104.142,22.292,True,New Season,0.1,1125.0,85009.33
2026-09-21,BOT-003,Bottoms,Gradient Boosting,77.682,59.213,96.152,14.407,True,New Season,0.1,1224.0,95083.21
2026-09-21,BOT-004,Bottoms,Gradient Boosting,75.448,60.759,90.137,11.458,True,New Season,0.1,2043.0,154140.07
2026-09-21,BOT-005,Bottoms,Seasonal Naive,76.0,49.052,102.948,21.02,True,New Season,0.1,1485.0,112860.0
2026-09-21,BOT-006,Bottoms,Gradient Boosting,81.052,56.067,106.037,19.489,True,New Season,0.1,1656.0,134222.04
2026-09-21,BOT-007,Bottoms,Gradient Boosting,76.55,53.473,99.627,18.001,True,New Season,0.1,1728.0,132278.65
2026-09-21,BOT-008,Bottoms,Gradient Boosting,68.591,50.715,86.467,13.944,True,New Season,0.1,1737.0,119142.81
2026-09-21,BOT-009,Bottoms,Seasonal Naive,61.0,43.787,78.213,13.427,True,New Season,0.1,2043.0,124623.0
2026-09-21,BOT-010,Bottoms,Gradient Boosting,75.053,59.236,90.871,12.338,True,New Season,0.1,1170.0,87812.26
2026-09-21,DRE-001,Dresses,Gradient Boosting,94.652,64.42,124.884,23.582,True,New Season,0.1,2529.0,239374.07
2026-09-21,DRE-002,Dresses,Seasonal Naive,92.0,74.637,109.363,13.544,True,New Season,0.1,2871.0,264132.0
2026-09-21,DRE-003,Dresses,Gradient Boosting,85.2,69.579,100.82,12.184,True,New Season,0.1,2223.0,189398.7
2026-09-21,DRE-004,Dresses,Gradient Boosting,93.099,67.454,118.744,20.004,True,New Season,0.1,2808.0,261422.09
2026-09-21,DRE-005,Dresses,Gradient Boosting,88.923,65.516,112.329,18.258,True,New Season,0.1,1872.0,166463.33
2026-09-21,DRE-006,Dresses,Gradient Boosting,105.553,77.394,133.712,21.965,True,New Season,0.1,2835.0,299243.49
2026-09-21,DRE-007,Dresses,Seasonal Naive,63.0,45.135,80.865,13.935,True,New Season,0.1,2835.0,178605.0
2026-09-21,DRE-008,Dresses,Gradient Boosting,89.956,74.196,105.716,12.293,True,New Season,0.1,2628.0,236403.7
2026-09-21,DRE-009,Dresses,Gradient Boosting,83.755,62.73,104.781,16.401,True,New Season,0.1,1692.0,141714.25
2026-09-21,DRE-010,Dresses,Gradient Boosting,90.415,68.96,111.87,16.736,True,New Season,0.1,2799.0,253071.67
2026-09-21,KNI-001,Knitwear,Gradient Boosting,80.135,52.223,108.048,21.773,True,New Season,0.1,963.0,77170.43
2026-09-21,KNI-002,Knitwear,Gradient Boosting,68.349,49.489,87.209,14.712,True,New Season,0.1,2124.0,145173.72
2026-09-21,KNI-003,Knitwear,Gradient Boosting,76.694,49.324,104.065,21.35,True,New Season,0.1,1773.0,135978.58
2026-09-21,KNI-004,Knitwear,Gradient Boosting,68.534,52.967,84.101,12.143,True,New Season,0.1,1314.0,90053.92
2026-09-21,KNI-005,Knitwear,Gradient Boosting,68.202,27.295,109.109,31.909,True,New Season,0.1,918.0,62609.7
2026-09-21,KNI-006,Knitwear,Gradient Boosting,60.198,42.278,78.118,13.978,True,New Season,0.1,1026.0,61763.04
2026-09-21,KNI-007,Knitwear,Gradient Boosting,70.943,53.698,88.187,13.451,True,New Season,0.1,1647.0,116842.36
2026-09-21,KNI-008,Knitwear,Gradient Boosting,61.791,27.587,95.994,26.68,True,New Season,0.1,972.0,60060.8
2026-09-21,KNI-009,Knitwear,Gradient Boosting,67.392,43.81,90.975,18.395,True,New Season,0.1,1107.0,74603.23
2026-09-21,KNI-010,Knitwear,Gradient Boosting,60.136,41.557,78.715,14.492,True,New Season,0.1,864.0,51957.1
2026-09-21,OUT-001,Outerwear,Gradient Boosting,37.928,27.346,48.51,8.254,True,New Season,0.1,1656.0,62808.59
2026-09-21,OUT-002,Outerwear,Gradient Boosting,59.895,41.392,78.398,14.433,True,New Season,0.1,2961.0,177349.69
2026-09-21,OUT-003,Outerwear,Gradient Boosting,26.202,16.482,35.922,7.582,True,New Season,0.1,1989.0,52115.72
2026-09-21,OUT-004,Outerwear,Gradient Boosting,28.947,17.858,40.036,8.65,True,New Season,0.1,3069.0,88837.96
2026-09-21,OUT-005,Outerwear,Gradient Boosting,35.577,17.394,53.759,14.183,True,New Season,0.1,1773.0,63077.61
2026-09-21,OUT-006,Outerwear,Gradient Boosting,33.677,18.004,49.351,12.226,True,New Season,0.1,3267.0,110024.15
2026-09-21,OUT-007,Outerwear,Gradient Boosting,52.048,31.685,72.412,15.884,True,New Season,0.1,4077.0,212201.01
2026-09-21,OUT-008,Outerwear,Gradient Boosting,25.508,10.446,40.57,11.749,True,New Season,0.1,2727.0,69560.71
2026-09-21,OUT-009,Outerwear,Gradient Boosting,45.629,32.025,59.232,10.611,True,New Season,0.1,2628.0,119911.72
2026-09-21,OUT-010,Outerwear,Gradient Boosting,39.89,27.546,52.234,9.629,True,New Season,0.1,3717.0,148272.11
2026-09-21,TOP-001,Tops,Gradient Boosting,97.863,83.865,111.861,10.919,True,New Season,0.1,1053.0,103050.05
2026-09-21,TOP-002,Tops,Gradient Boosting,85.579,67.031,104.128,14.468,True,New Season,0.1,1422.0,121693.79
2026-09-21,TOP-003,Tops,Gradient Boosting,84.258,67.539,100.977,13.041,True,New Season,0.1,864.0,72798.71
2026-09-21,TOP-004,Tops,Gradient Boosting,92.857,72.61,113.104,15.793,True,New Season,0.1,1341.0,124520.95
2026-09-21,TOP-005,Tops,Gradient Boosting,101.513,77.872,125.153,18.441,True,New Season,0.1,1269.0,128819.39
2026-09-21,TOP-006,Tops,Gradient Boosting,110.078,93.261,126.894,13.117,True,New Season,0.1,1683.0,185260.7
2026-09-21,TOP-007,Tops,Gradient Boosting,120.893,97.886,143.9,17.946,True,New Season,0.1,621.0,75074.67
2026-09-21,TOP-008,Tops,Gradient Boosting,110.563,86.743,134.382,18.58,True,New Season,0.1,1593.0,176126.14
2026-09-21,TOP-009,Tops,Gradient Boosting,113.768,89.894,137.643,18.623,True,New Season,0.1,882.0,100343.71
2026-09-21,TOP-010,Tops,Gradient Boosting,123.034,101.44,144.627,16.844,True,New Season,0.1,639.0,78618.64
2026-09-28,ACC-001,Accessories,Gradient Boosting,87.799,50.538,125.06,29.065,False,Always On,0.0,960.0,84287.0
2026-09-28,ACC-002,Accessories,Seasonal Naive,62.0,27.002,96.998,27.299,False,Always On,0.0,770.0,47740.0
2026-09-28,ACC-003,Accessories,Gradient Boosting,76.808,57.253,96.364,15.254,False,Always On,0.0,1430.0,109836.01
2026-09-28,ACC-004,Accessories,Gradient Boosting,80.923,57.676,104.171,18.134,False,Always On,0.0,1020.0,82541.61
2026-09-28,ACC-005,Accessories,Gradient Boosting,68.47,45.934,91.005,17.578,False,Always On,0.0,840.0,57514.64
2026-09-28,ACC-006,Accessories,Gradient Boosting,112.2,68.687,155.712,33.941,False,Always On,0.0,540.0,60587.8
2026-09-28,ACC-007,Accessories,Gradient Boosting,77.002,53.47,100.533,18.355,False,Always On,0.0,1330.0,102412.44
2026-09-28,ACC-008,Accessories,Gradient Boosting,81.608,45.194,118.023,28.404,False,Always On,0.0,860.0,70183.13
2026-09-28,ACC-009,Accessories,Gradient Boosting,66.205,40.493,91.916,20.056,False,Always On,0.0,1200.0,79445.78
2026-09-28,ACC-010,Accessories,Gradient Boosting,69.405,37.876,100.935,24.594,False,Always On,0.0,1030.0,71487.33
2026-09-28,BOT-001,Bottoms,Gradient Boosting,64.305,49.066,79.544,11.887,False,Always On,0.0,1810.0,116392.25
2026-09-28,BOT-002,Bottoms,Gradient Boosting,65.205,36.627,93.784,22.292,False,Always On,0.0,1250.0,81506.84
2026-09-28,BOT-003,Bottoms,Gradient Boosting,65.232,46.762,83.702,14.407,False,Always On,0.0,1360.0,88715.74
2026-09-28,BOT-004,Bottoms,Gradient Boosting,66.462,51.773,81.151,11.458,False,Always On,0.0,2270.0,150868.54
2026-09-28,BOT-005,Bottoms,Seasonal Naive,70.0,43.052,96.948,21.02,False,Always On,0.0,1650.0,115500.0
2026-09-28,BOT-006,Bottoms,Gradient Boosting,76.629,51.644,101.615,19.489,False,Always On,0.0,1840.0,140998.12
2026-09-28,BOT-007,Bottoms,Gradient Boosting,63.686,40.609,86.763,18.001,False,Always On,0.0,1920.0,122276.7
2026-09-28,BOT-008,Bottoms,Gradient Boosting,59.762,41.886,77.638,13.944,False,Always On,0.0,1930.0,115341.08
2026-09-28,BOT-009,Bottoms,Seasonal Naive,44.0,26.787,61.213,13.427,False,Always On,0.0,2270.0,99880.0
2026-09-28,BOT-010,Bottoms,Gradient Boosting,62.489,46.672,78.307,12.338,False,Always On,0.0,1300.0,81236.18
2026-09-28,DRE-001,Dresses,Gradient Boosting,88.375,58.143,118.607,23.582,False,Always On,0.0,2810.0,248333.95
2026-09-28,DRE-002,Dresses,Seasonal Naive,87.0,69.637,104.363,13.544,False,Always On,0.0,3190.0,277530.0
2026-09-28,DRE-003,Dresses,Gradient Boosting,73.64,58.019,89.26,12.184,False,Always On,0.0,2470.0,181889.98
2026-09-28,DRE-004,Dresses,Gradient Boosting,86.56,60.915,112.204,20.004,False,Always On,0.0,3120.0,270065.75
2026-09-28,DRE-005,Dresses,Gradient Boosting,79.809,56.402,103.216,18.258,False,Always On,0.0,2080.0,166002.36
2026-09-28,DRE-006,Dresses,Gradient Boosting,96.205,68.046,124.364,21.965,False,Always On,0.0,3150.0,303044.49
2026-09-28,DRE-007,Dresses,Seasonal Naive,46.0,28.135,63.865,13.935,False,Always On,0.0,3150.0,144900.0
2026-09-28,DRE-008,Dresses,Gradient Boosting,74.182,58.422,89.943,12.293,False,Always On,0.0,2920.0,216612.46
2026-09-28,DRE-009,Dresses,Gradient Boosting,74.276,53.25,95.302,16.401,False,Always On,0.0,1880.0,139638.68
2026-09-28,DRE-010,Dresses,Gradient Boosting,80.378,58.922,101.833,16.736,False,Always On,0.0,3110.0,249974.34
2026-09-28,KNI-001,Knitwear,Gradient Boosting,71.677,43.764,99.589,21.773,False,Always On,0.0,1070.0,76694.18
2026-09-28,KNI-002,Knitwear,Gradient Boosting,61.504,42.644,80.364,14.712,False,Always On,0.0,2360.0,145148.99
2026-09-28,KNI-003,Knitwear,Gradient Boosting,66.871,39.5,94.241,21.35,False,Always On,0.0,1970.0,131735.29
2026-09-28,KNI-004,Knitwear,Gradient Boosting,59.857,44.29,75.424,12.143,False,Always On,0.0,1460.0,87390.91
2026-09-28,KNI-005,Knitwear,Gradient Boosting,64.515,23.608,105.422,31.909,False,Always On,0.0,1020.0,65804.95
2026-09-28,KNI-006,Knitwear,Gradient Boosting,54.908,36.987,72.828,13.978,False,Always On,0.0,1140.0,62594.64
2026-09-28,KNI-007,Knitwear,Gradient Boosting,67.655,50.41,84.899,13.451,False,Always On,0.0,1830.0,123807.78
2026-09-28,KNI-008,Knitwear,Gradient Boosting,59.534,25.33,93.737,26.68,False,Always On,0.0,1080.0,64296.64
2026-09-28,KNI-009,Knitwear,Gradient Boosting,58.162,34.579,81.744,18.395,False,Always On,0.0,1230.0,71538.99
2026-09-28,KNI-010,Knitwear,Gradient Boosting,60.378,41.799,78.957,14.492,False,Always On,0.0,960.0,57962.64
2026-09-28,OUT-001,Outerwear,Gradient Boosting,38.869,28.287,49.451,8.254,False,Always On,0.0,1840.0,71519.23
2026-09-28,OUT-002,Outerwear,Gradient Boosting,49.91,31.408,68.413,14.433,False,Always On,0.0,3290.0,164205.1
2026-09-28,OUT-003,Outerwear,Gradient Boosting,24.275,14.555,33.995,7.582,False,Always On,0.0,2210.0,53648.07
2026-09-28,OUT-004,Outerwear,Gradient Boosting,33.079,21.99,44.168,8.65,False,Always On,0.0,3410.0,112799.15
2026-09-28,OUT-005,Outerwear,Gradient Boosting,30.674,12.492,48.857,14.183,False,Always On,0.0,1970.0,60427.93
2026-09-28,OUT-006,Outerwear,Gradient Boosting,29.863,14.19,45.537,12.226,False,Always On,0.0,3630.0,108404.23
2026-09-28,OUT-007,Outerwear,Gradient Boosting,44.579,24.216,64.943,15.884,False,Always On,0.0,4530.0,201944.01
2026-09-28,OUT-008,Outerwear,Gradient Boosting,28.03,12.968,43.092,11.749,False,Always On,0.0,3030.0,84932.12
2026-09-28,OUT-009,Outerwear,Gradient Boosting,45.246,31.642,58.85,10.611,False,Always On,0.0,2920.0,132117.88
2026-09-28,OUT-010,Outerwear,Gradient Boosting,40.683,28.339,53.027,9.629,False,Always On,0.0,4130.0,168021.37
2026-09-28,TOP-001,Tops,Gradient Boosting,73.822,59.824,87.82,10.919,False,Always On,0.0,1170.0,86372.06
2026-09-28,TOP-002,Tops,Gradient Boosting,75.728,57.179,94.276,14.468,False,Always On,0.0,1580.0,119649.94
2026-09-28,TOP-003,Tops,Gradient Boosting,73.911,57.192,90.63,13.041,False,Always On,0.0,960.0,70954.66
2026-09-28,TOP-004,Tops,Gradient Boosting,86.966,66.719,107.213,15.793,False,Always On,0.0,1490.0,129579.72
2026-09-28,TOP-005,Tops,Gradient Boosting,94.624,70.983,118.265,18.441,False,Always On,0.0,1410.0,133419.98
2026-09-28,TOP-006,Tops,Gradient Boosting,111.221,94.404,128.037,13.117,False,Always On,0.0,1870.0,207982.82
2026-09-28,TOP-007,Tops,Gradient Boosting,110.35,87.343,133.356,17.946,False,Always On,0.0,690.0,76141.18
2026-09-28,TOP-008,Tops,Gradient Boosting,105.143,81.324,128.962,18.58,False,Always On,0.0,1770.0,186102.46
2026-09-28,TOP-009,Tops,Gradient Boosting,114.202,90.328,138.076,18.623,False,Always On,0.0,980.0,111918.16
2026-09-28,TOP-010,Tops,Gradient Boosting,95.119,73.525,116.712,16.844,False,Always On,0.0,710.0,67534.43
2026-10-05,ACC-001,Accessories,Gradient Boosting,86.284,49.022,123.545,29.065,False,Always On,0.0,960.0,82832.24
2026-10-05,ACC-002,Accessories,Seasonal Naive,60.0,25.002,94.998,27.299,False,Always On,0.0,770.0,46200.0
2026-10-05,ACC-003,Accessories,Gradient Boosting,81.635,62.079,101.19,15.254,False,Always On,0.0,1430.0,116737.34
2026-10-05,ACC-004,Accessories,Gradient Boosting,84.208,60.961,107.456,18.134,False,Always On,0.0,1020.0,85892.51
2026-10-05,ACC-005,Accessories,Gradient Boosting,81.371,58.836,103.907,17.578,False,Always On,0.0,840.0,68351.9
2026-10-05,ACC-006,Accessories,Gradient Boosting,115.521,72.008,159.033,33.941,False,Always On,0.0,540.0,62381.21
2026-10-05,ACC-007,Accessories,Gradient Boosting,74.961,51.429,98.492,18.355,False,Always On,0.0,1330.0,99697.64
2026-10-05,ACC-008,Accessories,Gradient Boosting,85.092,48.677,121.506,28.404,False,Always On,0.0,860.0,73178.72
2026-10-05,ACC-009,Accessories,Gradient Boosting,75.562,49.85,101.273,20.056,False,Always On,0.0,1200.0,90674.0
2026-10-05,ACC-010,Accessories,Gradient Boosting,74.963,43.433,106.492,24.594,False,Always On,0.0,1030.0,77211.64
2026-10-05,BOT-001,Bottoms,Gradient Boosting,74.419,59.18,89.658,11.887,False,Always On,0.0,1810.0,134698.83
2026-10-05,BOT-002,Bottoms,Gradient Boosting,76.371,47.793,104.949,22.292,False,Always On,0.0,1250.0,95463.57
2026-10-05,BOT-003,Bottoms,Gradient Boosting,67.626,49.156,86.096,14.407,False,Always On,0.0,1360.0,91971.46
2026-10-05,BOT-004,Bottoms,Gradient Boosting,65.718,51.029,80.407,11.458,False,Always On,0.0,2270.0,149179.21
2026-10-05,BOT-005,Bottoms,Seasonal Naive,72.0,45.052,98.948,21.02,False,Always On,0.0,1650.0,118800.0
2026-10-05,BOT-006,Bottoms,Gradient Boosting,77.735,52.75,102.72,19.489,False,Always On,0.0,1840.0,143032.9
2026-10-05,BOT-007,Bottoms,Gradient Boosting,66.048,42.972,89.125,18.001,False,Always On,0.0,1920.0,126812.95
2026-10-05,BOT-008,Bottoms,Gradient Boosting,63.153,45.276,81.029,13.944,False,Always On,0.0,1930.0,121884.34
2026-10-05,BOT-009,Bottoms,Seasonal Naive,47.0,29.787,64.213,13.427,False,Always On,0.0,2270.0,106690.0
2026-10-05,BOT-010,Bottoms,Gradient Boosting,62.373,46.556,78.191,12.338,False,Always On,0.0,1300.0,81085.47
2026-10-05,DRE-001,Dresses,Gradient Boosting,86.858,56.626,117.09,23.582,False,Always On,0.0,2810.0,244071.11
2026-10-05,DRE-002,Dresses,Seasonal Naive,70.0,52.637,87.363,13.544,False,Always On,0.0,3190.0,223300.0
2026-10-05,DRE-003,Dresses,Gradient Boosting,74.388,58.768,90.008,12.184,False,Always On,0.0,2470.0,183737.95
2026-10-05,DRE-004,Dresses,Gradient Boosting,81.73,56.086,107.375,20.004,False,Always On,0.0,3120.0,254998.69
2026-10-05,DRE-005,Dresses,Gradient Boosting,82.499,59.093,105.906,18.258,False,Always On,0.0,2080.0,171598.64
2026-10-05,DRE-006,Dresses,Gradient Boosting,92.335,64.176,120.494,21.965,False,Always On,0.0,3150.0,290854.0
2026-10-05,DRE-007,Dresses,Seasonal Naive,43.0,25.135,60.865,13.935,False,Always On,0.0,3150.0,135450.0
2026-10-05,DRE-008,Dresses,Gradient Boosting,76.769,61.009,92.529,12.293,False,Always On,0.0,2920.0,224165.25
2026-10-05,DRE-009,Dresses,Gradient Boosting,73.204,52.178,94.23,16.401,False,Always On,0.0,1880.0,137623.3
2026-10-05,DRE-010,Dresses,Gradient Boosting,75.179,53.723,96.634,16.736,False,Always On,0.0,3110.0,233805.66
2026-10-05,KNI-001,Knitwear,Gradient Boosting,69.546,41.634,97.459,21.773,False,Always On,0.0,1070.0,74414.63
2026-10-05,KNI-002,Knitwear,Gradient Boosting,62.411,43.55,81.271,14.712,False,Always On,0.0,2360.0,147288.95
2026-10-05,KNI-003,Knitwear,Gradient Boosting,66.531,39.161,93.902,21.35,False,Always On,0.0,1970.0,131066.59
2026-10-05,KNI-004,Knitwear,Gradient Boosting,56.8,41.233,72.367,12.143,False,Always On,0.0,1460.0,82928.3
2026-10-05,KNI-005,Knitwear,Gradient Boosting,66.177,25.27,107.084,31.909,False,Always On,0.0,1020.0,67500.64
2026-10-05,KNI-006,Knitwear,Gradient Boosting,56.36,38.44,74.28,13.978,False,Always On,0.0,1140.0,64250.07
2026-10-05,KNI-007,Knitwear,Gradient Boosting,71.407,54.163,88.652,13.451,False,Always On,0.0,1830.0,130675.66
2026-10-05,KNI-008,Knitwear,Gradient Boosting,58.799,24.595,93.002,26.68,False,Always On,0.0,1080.0,63502.85
2026-10-05,KNI-009,Knitwear,Gradient Boosting,61.457,37.874,85.039,18.395,False,Always On,0.0,1230.0,75592.0
2026-10-05,KNI-010,Knitwear,Gradient Boosting,57.352,38.773,75.931,14.492,False,Always On,0.0,960.0,55058.17
2026-10-05,OUT-001,Outerwear,Gradient Boosting,37.275,26.694,47.857,8.254,False,Always On,0.0,1840.0,68586.68
2026-10-05,OUT-002,Outerwear,Gradient Boosting,51.622,33.119,70.125,14.433,False,Always On,0.0,3290.0,169835.74
2026-10-05,OUT-003,Outerwear,Gradient Boosting,24.926,15.206,34.647,7.582,False,Always On,0.0,2210.0,55087.39
2026-10-05,OUT-004,Outerwear,Gradient Boosting,31.668,20.579,42.756,8.65,False,Always On,0.0,3410.0,107986.23
2026-10-05,OUT-005,Outerwear,Gradient Boosting,28.436,10.253,46.618,14.183,False,Always On,0.0,1970.0,56017.95
2026-10-05,OUT-006,Outerwear,Gradient Boosting,31.166,15.492,46.84,12.226,False,Always On,0.0,3630.0,113132.39
2026-10-05,OUT-007,Outerwear,Gradient Boosting,46.884,26.521,67.248,15.884,False,Always On,0.0,4530.0,212385.15
2026-10-05,OUT-008,Outerwear,Gradient Boosting,24.588,9.526,39.65,11.749,False,Always On,0.0,3030.0,74501.68
2026-10-05,OUT-009,Outerwear,Gradient Boosting,50.3,36.696,63.904,10.611,False,Always On,0.0,2920.0,146876.4
2026-10-05,OUT-010,Outerwear,Gradient Boosting,35.19,22.846,47.534,9.629,False,Always On,0.0,4130.0,145334.01
2026-10-05,TOP-001,Tops,Gradient Boosting,78.14,64.142,92.138,10.919,False,Always On,0.0,1170.0,91423.34
2026-10-05,TOP-002,Tops,Gradient Boosting,77.862,59.313,96.41,14.468,False,Always On,0.0,1580.0,123021.62
2026-10-05,TOP-003,Tops,Gradient Boosting,77.45,60.731,94.169,13.041,False,Always On,0.0,960.0,74351.66
2026-10-05,TOP-004,Tops,Gradient Boosting,79.311,59.064,99.558,15.793,False,Always On,0.0,1490.0,118173.62
2026-10-05,TOP-005,Tops,Gradient Boosting,85.081,61.44,108.721,18.441,False,Always On,0.0,1410.0,119963.59
2026-10-05,TOP-006,Tops,Gradient Boosting,95.776,78.959,112.592,13.117,False,Always On,0.0,1870.0,179100.5
2026-10-05,TOP-007,Tops,Gradient Boosting,101.058,78.051,124.064,17.946,False,Always On,0.0,690.0,69729.84
2026-10-05,TOP-008,Tops,Gradient Boosting,105.817,81.998,129.636,18.58,False,Always On,0.0,1770.0,187296.62
2026-10-05,TOP-009,Tops,Gradient Boosting,115.939,92.065,139.813,18.623,False,Always On,0.0,980.0,113620.01
2026-10-05,TOP-010,Tops,Gradient Boosting,101.101,79.508,122.695,16.844,False,Always On,0.0,710.0,71782.05
2026-10-12,ACC-001,Accessories,Gradient Boosting,83.355,46.093,120.616,29.065,False,Always On,0.0,960.0,80020.65
2026-10-12,ACC-002,Accessories,Seasonal Naive,48.0,13.002,82.998,27.299,False,Always On,0.0,770.0,36960.0
2026-10-12,ACC-003,Accessories,Gradient Boosting,80.724,61.169,100.28,15.254,False,Always On,0.0,1430.0,115435.97
2026-10-12,ACC-004,Accessories,Gradient Boosting,84.732,61.484,107.979,18.134,False,Always On,0.0,1020.0,86426.41
2026-10-12,ACC-005,Accessories,Gradient Boosting,72.973,50.438,95.509,17.578,False,Always On,0.0,840.0,61297.74
2026-10-12,ACC-006,Accessories,Gradient Boosting,117.894,74.381,161.406,33.941,False,Always On,0.0,540.0,63662.58
2026-10-12,ACC-007,Accessories,Gradient Boosting,80.131,56.599,103.662,18.355,False,Always On,0.0,1330.0,106573.82
2026-10-12,ACC-008,Accessories,Gradient Boosting,87.138,50.724,123.553,28.404,False,Always On,0.0,860.0,74939.08
2026-10-12,ACC-009,Accessories,Gradient Boosting,69.005,43.294,94.717,20.056,False,Always On,0.0,1200.0,82806.24
2026-10-12,ACC-010,Accessories,Gradient Boosting,73.693,42.163,105.222,24.594,False,Always On,0.0,1030.0,75903.54
2026-10-12,BOT-001,Bottoms,Gradient Boosting,69.377,54.138,84.616,11.887,False,Always On,0.0,1810.0,125572.34
2026-10-12,BOT-002,Bottoms,Gradient Boosting,69.9,41.322,98.478,22.292,False,Always On,0.0,1250.0,87374.58
2026-10-12,BOT-003,Bottoms,Gradient Boosting,68.077,49.607,86.547,14.407,False,Always On,0.0,1360.0,92585.1
2026-10-12,BOT-004,Bottoms,Gradient Boosting,68.138,53.449,82.827,11.458,False,Always On,0.0,2270.0,154674.13
2026-10-12,BOT-005,Bottoms,Seasonal Naive,51.0,24.052,77.948,21.02,False,Always On,0.0,1650.0,84150.0
2026-10-12,BOT-006,Bottoms,Gradient Boosting,75.063,50.077,100.048,19.489,False,Always On,0.0,1840.0,138115.14
2026-10-12,BOT-007,Bottoms,Gradient Boosting,62.563,39.486,85.64,18.001,False,Always On,0.0,1920.0,120121.6
2026-10-12,BOT-008,Bottoms,Gradient Boosting,63.891,46.015,81.767,13.944,False,Always On,0.0,1930.0,123310.15
2026-10-12,BOT-009,Bottoms,Seasonal Naive,39.0,21.787,56.213,13.427,False,Always On,0.0,2270.0,88530.0
2026-10-12,BOT-010,Bottoms,Gradient Boosting,63.598,47.78,79.416,12.338,False,Always On,0.0,1300.0,82677.26
2026-10-12,DRE-001,Dresses,Gradient Boosting,80.935,50.703,111.167,23.582,False,Always On,0.0,2810.0,227426.71
2026-10-12,DRE-002,Dresses,Seasonal Naive,69.0,51.637,86.363,13.544,False,Always On,0.0,3190.0,220110.0
2026-10-12,DRE-003,Dresses,Gradient Boosting,67.4,51.78,83.02,12.184,False,Always On,0.0,2470.0,166478.45
2026-10-12,DRE-004,Dresses,Gradient Boosting,77.961,52.316,103.605,20.004,False,Always On,0.0,3120.0,243236.86
2026-10-12,DRE-005,Dresses,Gradient Boosting,74.991,51.584,98.398,18.258,False,Always On,0.0,2080.0,155980.96
2026-10-12,DRE-006,Dresses,Gradient Boosting,87.721,59.562,115.88,21.965,False,Always On,0.0,3150.0,276321.93
2026-10-12,DRE-007,Dresses,Seasonal Naive,50.0,32.135,67.865,13.935,False,Always On,0.0,3150.0,157500.0
2026-10-12,DRE-008,Dresses,Gradient Boosting,73.138,57.378,88.899,12.293,False,Always On,0.0,2920.0,213563.78
2026-10-12,DRE-009,Dresses,Gradient Boosting,71.92,50.894,92.945,16.401,False,Always On,0.0,1880.0,135208.69
2026-10-12,DRE-010,Dresses,Gradient Boosting,77.487,56.032,98.942,16.736,False,Always On,0.0,3110.0,240984.7
2026-10-12,KNI-001,Knitwear,Gradient Boosting,68.858,40.946,96.771,21.773,False,Always On,0.0,1070.0,73678.42
2026-10-12,KNI-002,Knitwear,Gradient Boosting,59.668,40.808,78.529,14.712,False,Always On,0.0,2360.0,140817.47
2026-10-12,KNI-003,Knitwear,Gradient Boosting,71.961,44.59,99.331,21.35,False,Always On,0.0,1970.0,141762.31
2026-10-12,KNI-004,Knitwear,Gradient Boosting,61.202,45.635,76.769,12.143,False,Always On,0.0,1460.0,89354.73
2026-10-12,KNI-005,Knitwear,Gradient Boosting,64.324,23.417,105.231,31.909,False,Always On,0.0,1020.0,65610.94
2026-10-12,KNI-006,Knitwear,Gradient Boosting,55.473,37.553,73.393,13.978,False,Always On,0.0,1140.0,63239.03
2026-10-12,KNI-007,Knitwear,Gradient Boosting,70.773,53.529,88.017,13.451,False,Always On,0.0,1830.0,129514.15
2026-10-12,KNI-008,Knitwear,Gradient Boosting,62.153,27.949,96.356,26.68,False,Always On,0.0,1080.0,67124.97
2026-10-12,KNI-009,Knitwear,Gradient Boosting,59.147,35.564,82.729,18.395,False,Always On,0.0,1230.0,72750.51
2026-10-12,KNI-010,Knitwear,Gradient Boosting,59.872,41.293,78.451,14.492,False,Always On,0.0,960.0,57476.78
2026-10-12,OUT-001,Outerwear,Gradient Boosting,36.931,26.35,47.513,8.254,False,Always On,0.0,1840.0,67953.55
2026-10-12,OUT-002,Outerwear,Gradient Boosting,56.974,38.471,75.477,14.433,False,Always On,0.0,3290.0,187445.15
2026-10-12,OUT-003,Outerwear,Gradient Boosting,34.717,24.997,44.438,7.582,False,Always On,0.0,2210.0,76725.4
2026-10-12,OUT-004,Outerwear,Gradient Boosting,29.249,18.16,40.338,8.65,False,Always On,0.0,3410.0,99739.32
2026-10-12,OUT-005,Outerwear,Gradient Boosting,35.65,17.468,53.833,14.183,False,Always On,0.0,1970.0,70231.02
2026-10-12,OUT-006,Outerwear,Gradient Boosting,30.827,15.153,46.501,12.226,False,Always On,0.0,3630.0,111902.25
2026-10-12,OUT-007,Outerwear,Gradient Boosting,45.258,24.894,65.621,15.884,False,Always On,0.0,4530.0,205016.56
2026-10-12,OUT-008,Outerwear,Gradient Boosting,24.588,9.526,39.65,11.749,False,Always On,0.0,3030.0,74501.68
2026-10-12,OUT-009,Outerwear,Gradient Boosting,50.833,37.229,64.437,10.611,False,Always On,0.0,2920.0,148432.86
2026-10-12,OUT-010,Outerwear,Gradient Boosting,42.523,30.179,54.867,9.629,False,Always On,0.0,4130.0,175621.31
2026-10-12,TOP-001,Tops,Gradient Boosting,77.154,63.156,91.152,10.919,False,Always On,0.0,1170.0,90270.0
2026-10-12,TOP-002,Tops,Gradient Boosting,74.991,56.442,93.539,14.468,False,Always On,0.0,1580.0,118485.14
2026-10-12,TOP-003,Tops,Gradient Boosting,74.475,57.756,91.194,13.041,False,Always On,0.0,960.0,71495.75
2026-10-12,TOP-004,Tops,Gradient Boosting,83.75,63.503,103.997,15.793,False,Always On,0.0,1490.0,124787.73
2026-10-12,TOP-005,Tops,Gradient Boosting,87.159,63.518,110.8,18.441,False,Always On,0.0,1410.0,122893.88
2026-10-12,TOP-006,Tops,Gradient Boosting,107.903,91.086,124.72,13.117,False,Always On,0.0,1870.0,201778.48
2026-10-12,TOP-007,Tops,Gradient Boosting,110.178,87.172,133.185,17.946,False,Always On,0.0,690.0,76023.1
2026-10-12,TOP-008,Tops,Gradient Boosting,90.692,66.873,114.511,18.58,False,Always On,0.0,1770.0,160524.43
2026-10-12,TOP-009,Tops,Gradient Boosting,106.271,82.397,130.146,18.623,False,Always On,0.0,980.0,104146.06
2026-10-12,TOP-010,Tops,Gradient Boosting,94.71,73.117,116.304,16.844,False,Always On,0.0,710.0,67244.21
2026-10-19,ACC-001,Accessories,Gradient Boosting,87.03,49.769,124.292,29.065,False,Always On,0.0,960.0,83548.92
2026-10-19,ACC-002,Accessories,Seasonal Naive,47.0,12.002,81.998,27.299,False,Always On,0.0,770.0,36190.0
2026-10-19,ACC-003,Accessories,Gradient Boosting,83.797,64.241,103.353,15.254,False,Always On,0.0,1430.0,119829.7
2026-10-19,ACC-004,Accessories,Gradient Boosting,83.503,60.256,106.751,18.134,False,Always On,0.0,1020.0,85173.33
2026-10-19,ACC-005,Accessories,Gradient Boosting,75.959,53.423,98.494,17.578,False,Always On,0.0,840.0,63805.35
2026-10-19,ACC-006,Accessories,Gradient Boosting,111.597,68.084,155.109,33.941,False,Always On,0.0,540.0,60262.11
2026-10-19,ACC-007,Accessories,Gradient Boosting,77.88,54.348,101.411,18.355,False,Always On,0.0,1330.0,103580.1
2026-10-19,ACC-008,Accessories,Gradient Boosting,79.695,43.281,116.109,28.404,False,Always On,0.0,860.0,68537.57
2026-10-19,ACC-009,Accessories,Gradient Boosting,70.948,45.237,96.66,20.056,False,Always On,0.0,1200.0,85137.7
2026-10-19,ACC-010,Accessories,Gradient Boosting,72.67,41.141,104.2,24.594,False,Always On,0.0,1030.0,74850.6
2026-10-19,BOT-001,Bottoms,Gradient Boosting,68.043,52.804,83.282,11.887,False,Always On,0.0,1810.0,123157.58
2026-10-19,BOT-002,Bottoms,Gradient Boosting,68.655,40.076,97.233,22.292,False,Always On,0.0,1250.0,85818.24
2026-10-19,BOT-003,Bottoms,Gradient Boosting,68.052,49.582,86.522,14.407,False,Always On,0.0,1360.0,92550.93
2026-10-19,BOT-004,Bottoms,Gradient Boosting,62.769,48.08,77.458,11.458,False,Always On,0.0,2270.0,142484.92
2026-10-19,BOT-005,Bottoms,Seasonal Naive,79.0,52.052,105.948,21.02,False,Always On,0.0,1650.0,130350.0
2026-10-19,BOT-006,Bottoms,Gradient Boosting,70.877,45.892,95.862,19.489,False,Always On,0.0,1840.0,130414.05
2026-10-19,BOT-007,Bottoms,Gradient Boosting,60.196,37.12,83.273,18.001,False,Always On,0.0,1920.0,115577.06
2026-10-19,BOT-008,Bottoms,Gradient Boosting,61.935,44.059,79.811,13.944,False,Always On,0.0,1930.0,119533.92
2026-10-19,BOT-009,Bottoms,Seasonal Naive,44.0,26.787,61.213,13.427,False,Always On,0.0,2270.0,99880.0
2026-10-19,BOT-010,Bottoms,Gradient Boosting,61.183,45.365,77.0,12.338,False,Always On,0.0,1300.0,79537.48
2026-10-19,DRE-001,Dresses,Gradient Boosting,80.262,50.03,110.495,23.582,False,Always On,0.0,2810.0,225537.47
2026-10-19,DRE-002,Dresses,Seasonal Naive,72.0,54.637,89.363,13.544,False,Always On,0.0,3190.0,229680.0
2026-10-19,DRE-003,Dresses,Gradient Boosting,69.185,53.565,84.806,12.184,False,Always On,0.0,2470.0,170887.88
2026-10-19,DRE-004,Dresses,Gradient Boosting,89.722,64.077,115.367,20.004,False,Always On,0.0,3120.0,279932.61
2026-10-19,DRE-005,Dresses,Gradient Boosting,78.486,55.079,101.893,18.258,False,Always On,0.0,2080.0,163251.19
2026-10-19,DRE-006,Dresses,Gradient Boosting,87.016,58.857,115.175,21.965,False,Always On,0.0,3150.0,274100.58
2026-10-19,DRE-007,Dresses,Seasonal Naive,41.0,23.135,58.865,13.935,False,Always On,0.0,3150.0,129150.0
2026-10-19,DRE-008,Dresses,Gradient Boosting,70.838,55.078,86.598,12.293,False,Always On,0.0,2920.0,206846.51
2026-10-19,DRE-009,Dresses,Gradient Boosting,68.045,47.019,89.071,16.401,False,Always On,0.0,1880.0,127924.39
2026-10-19,DRE-010,Dresses,Gradient Boosting,74.236,52.781,95.692,16.736,False,Always On,0.0,3110.0,230875.34
2026-10-19,KNI-001,Knitwear,Gradient Boosting,83.315,55.403,111.228,21.773,False,Always On,0.0,1070.0,89147.34
2026-10-19,KNI-002,Knitwear,Gradient Boosting,67.076,48.215,85.936,14.712,False,Always On,0.0,2360.0,158298.22
2026-10-19,KNI-003,Knitwear,Gradient Boosting,69.219,41.848,96.589,21.35,False,Always On,0.0,1970.0,136360.9
2026-10-19,KNI-004,Knitwear,Gradient Boosting,59.677,44.109,75.244,12.143,False,Always On,0.0,1460.0,87127.83
2026-10-19,KNI-005,Knitwear,Gradient Boosting,64.332,23.425,105.239,31.909,False,Always On,0.0,1020.0,65618.3
2026-10-19,KNI-006,Knitwear,Gradient Boosting,52.969,35.049,70.889,13.978,False,Always On,0.0,1140.0,60384.51
2026-10-19,KNI-007,Knitwear,Gradient Boosting,72.109,54.864,89.353,13.451,False,Always On,0.0,1830.0,131958.8
2026-10-19,KNI-008,Knitwear,Gradient Boosting,66.021,31.818,100.225,26.68,False,Always On,0.0,1080.0,71302.79
2026-10-19,KNI-009,Knitwear,Gradient Boosting,60.22,36.637,83.802,18.395,False,Always On,0.0,1230.0,74070.31
2026-10-19,KNI-010,Knitwear,Gradient Boosting,58.491,39.912,77.07,14.492,False,Always On,0.0,960.0,56151.65
2026-10-19,OUT-001,Outerwear,Gradient Boosting,40.975,30.394,51.557,8.254,False,Always On,0.0,1840.0,75394.75
2026-10-19,OUT-002,Outerwear,Gradient Boosting,55.473,36.97,73.976,14.433,False,Always On,0.0,3290.0,182506.76
2026-10-19,OUT-003,Outerwear,Gradient Boosting,30.006,20.286,39.727,7.582,False,Always On,0.0,2210.0,66313.64
2026-10-19,OUT-004,Outerwear,Gradient Boosting,29.787,18.698,40.876,8.65,False,Always On,0.0,3410.0,101573.88
2026-10-19,OUT-005,Outerwear,Gradient Boosting,30.979,12.797,49.162,14.183,False,Always On,0.0,1970.0,61028.93
2026-10-19,OUT-006,Outerwear,Gradient Boosting,30.79,15.116,46.464,12.226,False,Always On,0.0,3630.0,111767.12
2026-10-19,OUT-007,Outerwear,Gradient Boosting,49.07,28.707,69.434,15.884,False,Always On,0.0,4530.0,222288.69
2026-10-19,OUT-008,Outerwear,Gradient Boosting,26.628,11.566,41.69,11.749,False,Always On,0.0,3030.0,80684.28
2026-10-19,OUT-009,Outerwear,Gradient Boosting,51.464,37.86,65.068,10.611,False,Always On,0.0,2920.0,150274.89
2026-10-19,OUT-010,Outerwear,Gradient Boosting,41.688,29.344,54.032,9.629,False,Always On,0.0,4130.0,172170.45
2026-10-19,TOP-001,Tops,Gradient Boosting,76.987,62.988,90.985,10.919,False,Always On,0.0,1170.0,90074.22
2026-10-19,TOP-002,Tops,Gradient Boosting,65.313,46.764,83.861,14.468,False,Always On,0.0,1580.0,103194.06
2026-10-19,TOP-003,Tops,Gradient Boosting,69.29,52.571,86.009,13.041,False,Always On,0.0,960.0,66518.35
2026-10-19,TOP-004,Tops,Gradient Boosting,74.803,54.556,95.049,15.793,False,Always On,0.0,1490.0,111455.98
2026-10-19,TOP-005,Tops,Gradient Boosting,85.528,61.887,109.169,18.441,False,Always On,0.0,1410.0,120594.75
2026-10-19,TOP-006,Tops,Gradient Boosting,101.093,84.276,117.909,13.117,False,Always On,0.0,1870.0,189042.99
2026-10-19,TOP-007,Tops,Gradient Boosting,111.169,88.163,134.176,17.946,False,Always On,0.0,690.0,76706.83
2026-10-19,TOP-008,Tops,Gradient Boosting,84.293,60.473,108.112,18.58,False,Always On,0.0,1770.0,149197.84
2026-10-19,TOP-009,Tops,Gradient Boosting,100.388,76.514,124.262,18.623,False,Always On,0.0,980.0,98379.9
2026-10-19,TOP-010,Tops,Gradient Boosting,90.001,68.407,111.594,16.844,False,Always On,0.0,710.0,63900.66
2026-10-26,ACC-001,Accessories,Gradient Boosting,88.563,51.301,125.824,29.065,False,Always On,0.0,960.0,85020.06
2026-10-26,ACC-002,Accessories,Seasonal Naive,58.0,23.002,92.998,27.299,False,Always On,0.0,770.0,44660.0
2026-10-26,ACC-003,Accessories,Gradient Boosting,84.033,64.477,103.589,15.254,False,Always On,0.0,1430.0,120167.17
2026-10-26,ACC-004,Accessories,Gradient Boosting,94.599,71.351,117.846,18.134,False,Always On,0.0,1020.0,96490.76
2026-10-26,ACC-005,Accessories,Gradient Boosting,74.167,51.632,96.702,17.578,False,Always On,0.0,840.0,62300.29
2026-10-26,ACC-006,Accessories,Gradient Boosting,108.37,64.857,151.882,33.941,False,Always On,0.0,540.0,58519.63
2026-10-26,ACC-007,Accessories,Gradient Boosting,81.886,58.354,105.417,18.355,False,Always On,0.0,1330.0,108907.75
2026-10-26,ACC-008,Accessories,Gradient Boosting,80.281,43.867,116.696,28.404,False,Always On,0.0,860.0,69042.08
2026-10-26,ACC-009,Accessories,Gradient Boosting,73.027,47.315,98.738,20.056,False,Always On,0.0,1200.0,87632.05
2026-10-26,ACC-010,Accessories,Gradient Boosting,75.021,43.492,106.55,24.594,False,Always On,0.0,1030.0,77271.64
2026-10-26,BOT-001,Bottoms,Gradient Boosting,69.23,53.991,84.469,11.887,False,Always On,0.0,1810.0,125306.55
2026-10-26,BOT-002,Bottoms,Gradient Boosting,68.575,39.997,97.153,22.292,False,Always On,0.0,1250.0,85718.61
2026-10-26,BOT-003,Bottoms,Gradient Boosting,70.702,52.232,89.172,14.407,False,Always On,0.0,1360.0,96154.33
2026-10-26,BOT-004,Bottoms,Gradient Boosting,66.302,51.613,80.991,11.458,False,Always On,0.0,2270.0,150504.91
2026-10-26,BOT-005,Bottoms,Seasonal Naive,55.0,28.052,81.948,21.02,False,Always On,0.0,1650.0,90750.0
2026-10-26,BOT-006,Bottoms,Gradient Boosting,75.668,50.682,100.653,19.489,False,Always On,0.0,1840.0,139228.36
2026-10-26,BOT-007,Bottoms,Gradient Boosting,62.392,39.315,85.469,18.001,False,Always On,0.0,1920.0,119793.31
2026-10-26,BOT-008,Bottoms,Gradient Boosting,61.706,43.83,79.582,13.944,False,Always On,0.0,1930.0,119093.32
2026-10-26,BOT-009,Bottoms,Seasonal Naive,46.0,28.787,63.213,13.427,False,Always On,0.0,2270.0,104420.0
2026-10-26,BOT-010,Bottoms,Gradient Boosting,60.017,44.199,75.834,12.338,False,Always On,0.0,1300.0,78021.77
2026-10-26,DRE-001,Dresses,Gradient Boosting,80.744,50.511,110.976,23.582,False,Always On,0.0,2810.0,226889.42
2026-10-26,DRE-002,Dresses,Seasonal Naive,52.99,35.627,70.353,13.544,False,Always On,0.0,3190.0,169038.1
2026-10-26,DRE-003,Dresses,Gradient Boosting,69.959,54.338,85.579,12.184,False,Always On,0.0,2470.0,172798.05
2026-10-26,DRE-004,Dresses,Gradient Boosting,73.7,48.055,99.345,20.004,False,Always On,0.0,3120.0,229944.05
2026-10-26,DRE-005,Dresses,Gradient Boosting,69.379,45.972,92.786,18.258,False,Always On,0.0,2080.0,144307.95
2026-10-26,DRE-006,Dresses,Gradient Boosting,78.341,50.182,106.501,21.965,False,Always On,0.0,3150.0,246775.66
2026-10-26,DRE-007,Dresses,Seasonal Naive,37.0,19.135,54.865,13.935,False,Always On,0.0,3150.0,116550.0
2026-10-26,DRE-008,Dresses,Gradient Boosting,71.004,55.243,86.764,12.293,False,Always On,0.0,2920.0,207330.59
2026-10-26,DRE-009,Dresses,Gradient Boosting,68.571,47.545,89.597,16.401,False,Always On,0.0,1880.0,128913.74
2026-10-26,DRE-010,Dresses,Gradient Boosting,72.685,51.23,94.141,16.736,False,Always On,0.0,3110.0,226051.27
2026-10-26,KNI-001,Knitwear,Gradient Boosting,81.805,53.892,109.717,21.773,False,Always On,0.0,1070.0,87531.09
2026-10-26,KNI-002,Knitwear,Gradient Boosting,64.788,45.928,83.648,14.712,False,Always On,0.0,2360.0,152900.04
2026-10-26,KNI-003,Knitwear,Gradient Boosting,88.922,61.552,116.292,21.35,False,Always On,0.0,1970.0,175176.34
2026-10-26,KNI-004,Knitwear,Gradient Boosting,62.419,46.852,77.986,12.143,False,Always On,0.0,1460.0,91131.75
2026-10-26,KNI-005,Knitwear,Gradient Boosting,63.104,22.197,104.011,31.909,False,Always On,0.0,1020.0,64365.91
2026-10-26,KNI-006,Knitwear,Gradient Boosting,53.893,35.973,71.813,13.978,False,Always On,0.0,1140.0,61438.11
2026-10-26,KNI-007,Knitwear,Gradient Boosting,72.178,54.934,89.422,13.451,False,Always On,0.0,1830.0,132085.5
2026-10-26,KNI-008,Knitwear,Gradient Boosting,63.241,29.037,97.444,26.68,False,Always On,0.0,1080.0,68300.15
2026-10-26,KNI-009,Knitwear,Gradient Boosting,64.086,40.503,87.668,18.395,False,Always On,0.0,1230.0,78825.28
2026-10-26,KNI-010,Knitwear,Gradient Boosting,58.395,39.816,76.974,14.492,False,Always On,0.0,960.0,56059.38
2026-10-26,OUT-001,Outerwear,Gradient Boosting,46.875,36.293,57.457,8.254,False,Always On,0.0,1840.0,86250.38
2026-10-26,OUT-002,Outerwear,Gradient Boosting,56.321,37.818,74.824,14.433,False,Always On,0.0,3290.0,185296.63
2026-10-26,OUT-003,Outerwear,Gradient Boosting,34.424,24.703,44.144,7.582,False,Always On,0.0,2210.0,76076.41
2026-10-26,OUT-004,Outerwear,Gradient Boosting,33.513,22.424,44.601,8.65,False,Always On,0.0,3410.0,114278.58
2026-10-26,OUT-005,Outerwear,Gradient Boosting,37.124,18.941,55.306,14.183,False,Always On,0.0,1970.0,73133.4
2026-10-26,OUT-006,Outerwear,Gradient Boosting,29.342,13.668,45.016,12.226,False,Always On,0.0,3630.0,106511.03
2026-10-26,OUT-007,Outerwear,Gradient Boosting,50.669,30.306,71.033,15.884,False,Always On,0.0,4530.0,229532.02
2026-10-26,OUT-008,Outerwear,Gradient Boosting,35.008,19.946,50.07,11.749,False,Always On,0.0,3030.0,106075.69
2026-10-26,OUT-009,Outerwear,Gradient Boosting,49.264,35.66,62.868,10.611,False,Always On,0.0,2920.0,143850.25
2026-10-26,OUT-010,Outerwear,Gradient Boosting,47.877,35.534,60.221,9.629,False,Always On,0.0,4130.0,197733.73
2026-10-26,TOP-001,Tops,Gradient Boosting,73.395,59.397,87.393,10.919,False,Always On,0.0,1170.0,85872.07
2026-10-26,TOP-002,Tops,Gradient Boosting,72.153,53.605,90.702,14.468,False,Always On,0.0,1580.0,114002.27
2026-10-26,TOP-003,Tops,Gradient Boosting,71.853,55.134,88.572,13.041,False,Always On,0.0,960.0,68979.29
2026-10-26,TOP-004,Tops,Gradient Boosting,78.189,57.943,98.436,15.793,False,Always On,0.0,1490.0,116502.31
2026-10-26,TOP-005,Tops,Gradient Boosting,79.331,55.69,102.972,18.441,False,Always On,0.0,1410.0,111856.54
2026-10-26,TOP-006,Tops,Gradient Boosting,97.933,81.116,114.75,13.117,False,Always On,0.0,1870.0,183134.55
2026-10-26,TOP-007,Tops,Gradient Boosting,89.495,66.489,112.502,17.946,False,Always On,0.0,690.0,61751.81
2026-10-26,TOP-008,Tops,Gradient Boosting,85.286,61.467,109.105,18.58,False,Always On,0.0,1770.0,150955.71
2026-10-26,TOP-009,Tops,Gradient Boosting,102.634,78.76,126.508,18.623,False,Always On,0.0,980.0,100581.16
2026-10-26,TOP-010,Tops,Gradient Boosting,91.056,69.462,112.649,16.844,False,Always On,0.0,710.0,64649.71
2026-11-02,ACC-001,Accessories,Gradient Boosting,142.925,105.663,180.186,29.065,True,Singles Week,0.18,787.2,112510.48
2026-11-02,ACC-002,Accessories,Seasonal Naive,147.0,112.002,181.998,27.299,True,Singles Week,0.18,631.4,92815.8
2026-11-02,ACC-003,Accessories,Gradient Boosting,147.19,127.634,166.746,15.254,True,Singles Week,0.18,1172.6,172594.59
2026-11-02,ACC-004,Accessories,Gradient Boosting,179.979,156.731,203.226,18.134,True,Singles Week,0.18,836.4,150534.23
2026-11-02,ACC-005,Accessories,Gradient Boosting,132.753,110.217,155.288,17.578,True,Singles Week,0.18,688.8,91440.19
2026-11-02,ACC-006,Accessories,Gradient Boosting,176.521,133.008,220.033,33.941,True,Singles Week,0.18,442.8,78163.47
2026-11-02,ACC-007,Accessories,Gradient Boosting,131.513,107.982,155.044,18.355,True,Singles Week,0.18,1090.6,143428.13
2026-11-02,ACC-008,Accessories,Gradient Boosting,165.895,129.481,202.31,28.404,True,Singles Week,0.18,705.2,116989.47
2026-11-02,ACC-009,Accessories,Gradient Boosting,129.911,104.2,155.622,20.056,True,Singles Week,0.18,984.0,127832.42
2026-11-02,ACC-010,Accessories,Gradient Boosting,129.593,98.063,161.122,24.594,True,Singles Week,0.18,844.6,109454.07
2026-11-02,BOT-001,Bottoms,Gradient Boosting,107.505,92.266,122.744,11.887,True,Singles Week,0.18,1484.2,159558.94
2026-11-02,BOT-002,Bottoms,Gradient Boosting,116.103,87.525,144.681,22.292,True,Singles Week,0.18,1025.0,119005.52
2026-11-02,BOT-003,Bottoms,Gradient Boosting,89.181,70.711,107.651,14.407,True,Singles Week,0.18,1115.2,99454.78
2026-11-02,BOT-004,Bottoms,Gradient Boosting,93.555,78.866,108.244,11.458,True,Singles Week,0.18,1861.4,174142.72
2026-11-02,BOT-005,Bottoms,Seasonal Naive,108.0,81.052,134.948,21.02,True,Singles Week,0.18,1353.0,146124.0
2026-11-02,BOT-006,Bottoms,Gradient Boosting,110.584,85.599,135.57,19.489,True,Singles Week,0.18,1508.8,166849.68
2026-11-02,BOT-007,Bottoms,Gradient Boosting,86.311,63.234,109.388,18.001,True,Singles Week,0.18,1574.4,135888.61
2026-11-02,BOT-008,Bottoms,Gradient Boosting,85.077,67.201,102.953,13.944,True,Singles Week,0.18,1582.6,134643.59
2026-11-02,BOT-009,Bottoms,Seasonal Naive,72.0,54.787,89.213,13.427,True,Singles Week,0.18,1861.4,134020.8
2026-11-02,BOT-010,Bottoms,Gradient Boosting,70.946,55.128,86.764,12.338,True,Singles Week,0.18,1066.0,75628.53
2026-11-02,DRE-001,Dresses,Gradient Boosting,95.69,65.458,125.922,23.582,True,Singles Week,0.18,2304.2,220488.38
2026-11-02,DRE-002,Dresses,Seasonal Naive,97.0,79.637,114.363,13.544,True,Singles Week,0.18,2615.8,253732.6
2026-11-02,DRE-003,Dresses,Gradient Boosting,91.559,75.939,107.179,12.184,True,Singles Week,0.18,2025.4,185443.98
2026-11-02,DRE-004,Dresses,Gradient Boosting,98.99,73.345,124.634,20.004,True,Singles Week,0.18,2558.4,253254.88
2026-11-02,DRE-005,Dresses,Gradient Boosting,99.764,76.357,123.17,18.258,True,Singles Week,0.18,1705.6,170156.82
2026-11-02,DRE-006,Dresses,Gradient Boosting,98.952,70.793,127.111,21.965,True,Singles Week,0.18,2583.0,255593.67
2026-11-02,DRE-007,Dresses,Seasonal Naive,61.0,43.135,78.865,13.935,True,Singles Week,0.18,2583.0,157563.0
2026-11-02,DRE-008,Dresses,Gradient Boosting,91.865,76.104,107.625,12.293,True,Singles Week,0.18,2394.4,219960.51
2026-11-02,DRE-009,Dresses,Gradient Boosting,91.287,70.261,112.313,16.401,True,Singles Week,0.18,1541.6,140728.17
2026-11-02,DRE-010,Dresses,Gradient Boosting,92.707,71.252,114.162,16.736,True,Singles Week,0.18,2550.2,236421.31
2026-11-02,KNI-001,Knitwear,Gradient Boosting,110.765,82.852,138.677,21.773,True,Singles Week,0.18,877.4,97184.79
2026-11-02,KNI-002,Knitwear,Gradient Boosting,88.552,69.692,107.413,14.712,True,Singles Week,0.18,1935.2,171366.75
2026-11-02,KNI-003,Knitwear,Gradient Boosting,109.444,82.074,136.815,21.35,True,Singles Week,0.18,1615.4,176796.35
2026-11-02,KNI-004,Knitwear,Gradient Boosting,96.586,81.019,112.153,12.143,True,Singles Week,0.18,1197.2,115632.93
2026-11-02,KNI-005,Knitwear,Gradient Boosting,107.729,66.822,148.636,31.909,True,Singles Week,0.18,836.4,90104.63
2026-11-02,KNI-006,Knitwear,Gradient Boosting,77.667,59.747,95.587,13.978,True,Singles Week,0.18,934.8,72602.85
2026-11-02,KNI-007,Knitwear,Gradient Boosting,108.525,91.281,125.769,13.451,True,Singles Week,0.18,1500.6,162852.8
2026-11-02,KNI-008,Knitwear,Gradient Boosting,82.964,48.76,117.167,26.68,True,Singles Week,0.18,885.6,73472.49
2026-11-02,KNI-009,Knitwear,Gradient Boosting,101.101,77.519,124.684,18.395,True,Singles Week,0.18,1008.6,101970.85
2026-11-02,KNI-010,Knitwear,Gradient Boosting,81.619,63.04,100.198,14.492,True,Singles Week,0.18,787.2,64250.8
2026-11-02,OUT-001,Outerwear,Gradient Boosting,55.781,45.199,66.362,8.254,True,Singles Week,0.18,1508.8,84161.9
2026-11-02,OUT-002,Outerwear,Gradient Boosting,73.99,55.487,92.493,14.433,True,Singles Week,0.18,2697.8,199609.8
2026-11-02,OUT-003,Outerwear,Gradient Boosting,43.502,33.782,53.223,7.582,True,Singles Week,0.18,1812.2,78834.82
2026-11-02,OUT-004,Outerwear,Gradient Boosting,41.132,30.043,52.221,8.65,True,Singles Week,0.18,2796.2,115013.62
2026-11-02,OUT-005,Outerwear,Gradient Boosting,45.814,27.631,63.996,14.183,True,Singles Week,0.18,1615.4,74007.72
2026-11-02,OUT-006,Outerwear,Gradient Boosting,39.472,23.798,55.146,12.226,True,Singles Week,0.18,2976.6,117492.66
2026-11-02,OUT-007,Outerwear,Gradient Boosting,74.976,54.613,95.34,15.884,True,Singles Week,0.18,3714.6,278507.54
2026-11-02,OUT-008,Outerwear,Gradient Boosting,43.441,28.379,58.503,11.749,True,Singles Week,0.18,2484.6,107933.44
2026-11-02,OUT-009,Outerwear,Gradient Boosting,59.946,46.342,73.55,10.611,True,Singles Week,0.18,2394.4,143535.49
2026-11-02,OUT-010,Outerwear,Gradient Boosting,51.594,39.25,63.938,9.629,True,Singles Week,0.18,3386.6,174729.08
2026-11-02,TOP-001,Tops,Gradient Boosting,97.928,83.93,111.926,10.919,True,Singles Week,0.18,959.4,93952.41
2026-11-02,TOP-002,Tops,Gradient Boosting,103.024,84.476,121.573,14.468,True,Singles Week,0.18,1295.6,133478.36
2026-11-02,TOP-003,Tops,Gradient Boosting,105.208,88.489,121.927,13.041,True,Singles Week,0.18,787.2,82819.98
2026-11-02,TOP-004,Tops,Gradient Boosting,103.656,83.409,123.903,15.793,True,Singles Week,0.18,1221.8,126646.94
2026-11-02,TOP-005,Tops,Gradient Boosting,96.282,72.641,119.923,18.441,True,Singles Week,0.18,1156.2,111321.24
2026-11-02,TOP-006,Tops,Gradient Boosting,100.468,83.652,117.285,13.117,True,Singles Week,0.18,1533.4,154058.12
2026-11-02,TOP-007,Tops,Gradient Boosting,112.749,89.742,135.756,17.946,True,Singles Week,0.18,565.8,63793.3
2026-11-02,TOP-008,Tops,Gradient Boosting,91.155,67.335,114.974,18.58,True,Singles Week,0.18,1451.4,132301.7
2026-11-02,TOP-009,Tops,Gradient Boosting,116.425,92.551,140.3,18.623,True,Singles Week,0.18,803.6,93559.51
2026-11-02,TOP-010,Tops,Gradient Boosting,111.741,90.147,133.334,16.844,True,Singles Week,0.18,582.2,65055.58
2026-11-09,ACC-001,Accessories,Gradient Boosting,104.115,66.854,141.377,29.065,False,Always On,0.0,960.0,99950.56
2026-11-09,ACC-002,Accessories,Seasonal Naive,85.0,50.002,119.998,27.299,False,Always On,0.0,770.0,65450.0
2026-11-09,ACC-003,Accessories,Gradient Boosting,99.977,80.421,119.533,15.254,False,Always On,0.0,1430.0,142966.82
2026-11-09,ACC-004,Accessories,Gradient Boosting,99.096,75.849,122.344,18.134,False,Always On,0.0,1020.0,101078.34
2026-11-09,ACC-005,Accessories,Gradient Boosting,96.765,74.229,119.3,17.578,False,Always On,0.0,840.0,81282.48
2026-11-09,ACC-006,Accessories,Gradient Boosting,119.148,75.635,162.66,33.941,False,Always On,0.0,540.0,64339.85
2026-11-09,ACC-007,Accessories,Gradient Boosting,104.835,81.303,128.366,18.355,False,Always On,0.0,1330.0,139430.0
2026-11-09,ACC-008,Accessories,Gradient Boosting,113.303,76.888,149.717,28.404,False,Always On,0.0,860.0,97440.21
2026-11-09,ACC-009,Accessories,Gradient Boosting,84.797,59.086,110.509,20.056,False,Always On,0.0,1200.0,101756.96
2026-11-09,ACC-010,Accessories,Gradient Boosting,88.679,57.15,120.208,24.594,False,Always On,0.0,1030.0,91339.3
2026-11-09,BOT-001,Bottoms,Gradient Boosting,66.942,51.703,82.181,11.887,False,Always On,0.0,1810.0,121165.02
2026-11-09,BOT-002,Bottoms,Gradient Boosting,72.19,43.611,100.768,22.292,False,Always On,0.0,1250.0,90236.99
2026-11-09,BOT-003,Bottoms,Gradient Boosting,70.071,51.601,88.541,14.407,False,Always On,0.0,1360.0,95297.0
2026-11-09,BOT-004,Bottoms,Gradient Boosting,60.994,46.304,75.683,11.458,False,Always On,0.0,2270.0,138455.26
2026-11-09,BOT-005,Bottoms,Seasonal Naive,56.0,29.052,82.948,21.02,False,Always On,0.0,1650.0,92400.0
2026-11-09,BOT-006,Bottoms,Gradient Boosting,78.519,53.534,103.504,19.489,False,Always On,0.0,1840.0,144475.07
2026-11-09,BOT-007,Bottoms,Gradient Boosting,66.432,43.355,89.509,18.001,False,Always On,0.0,1920.0,127549.84
2026-11-09,BOT-008,Bottoms,Gradient Boosting,61.733,43.857,79.609,13.944,False,Always On,0.0,1930.0,119145.02
2026-11-09,BOT-009,Bottoms,Seasonal Naive,43.0,25.787,60.213,13.427,False,Always On,0.0,2270.0,97610.0
2026-11-09,BOT-010,Bottoms,Gradient Boosting,59.572,43.754,75.39,12.338,False,Always On,0.0,1300.0,77443.72
2026-11-09,DRE-001,Dresses,Gradient Boosting,72.169,41.937,102.401,23.582,False,Always On,0.0,2810.0,202795.99
2026-11-09,DRE-002,Dresses,Seasonal Naive,52.0,34.637,69.363,13.544,False,Always On,0.0,3190.0,165880.0
2026-11-09,DRE-003,Dresses,Gradient Boosting,64.303,48.683,79.923,12.184,False,Always On,0.0,2470.0,158828.42
2026-11-09,DRE-004,Dresses,Gradient Boosting,81.677,56.033,107.322,20.004,False,Always On,0.0,3120.0,254833.08
2026-11-09,DRE-005,Dresses,Gradient Boosting,68.464,45.058,91.871,18.258,False,Always On,0.0,2080.0,142405.8
2026-11-09,DRE-006,Dresses,Gradient Boosting,76.662,48.503,104.821,21.965,False,Always On,0.0,3150.0,241485.16
2026-11-09,DRE-007,Dresses,Seasonal Naive,35.0,17.135,52.865,13.935,False,Always On,0.0,3150.0,110250.0
2026-11-09,DRE-008,Dresses,Gradient Boosting,65.253,49.493,81.013,12.293,False,Always On,0.0,2920.0,190539.37
2026-11-09,DRE-009,Dresses,Gradient Boosting,65.512,44.486,86.537,16.401,False,Always On,0.0,1880.0,123161.91
2026-11-09,DRE-010,Dresses,Gradient Boosting,72.402,50.946,93.857,16.736,False,Always On,0.0,3110.0,225168.83
2026-11-09,KNI-001,Knitwear,Gradient Boosting,77.039,49.127,104.952,21.773,False,Always On,0.0,1070.0,82432.17
2026-11-09,KNI-002,Knitwear,Gradient Boosting,64.632,45.772,83.492,14.712,False,Always On,0.0,2360.0,152531.74
2026-11-09,KNI-003,Knitwear,Gradient Boosting,78.742,51.372,106.113,21.35,False,Always On,0.0,1970.0,155122.17
2026-11-09,KNI-004,Knitwear,Gradient Boosting,70.236,54.669,85.803,12.143,False,Always On,0.0,1460.0,102544.11
2026-11-09,KNI-005,Knitwear,Gradient Boosting,75.323,34.416,116.23,31.909,False,Always On,0.0,1020.0,76829.27
2026-11-09,KNI-006,Knitwear,Gradient Boosting,59.767,41.847,77.687,13.978,False,Always On,0.0,1140.0,68134.06
2026-11-09,KNI-007,Knitwear,Gradient Boosting,77.05,59.806,94.294,13.451,False,Always On,0.0,1830.0,141001.47
2026-11-09,KNI-008,Knitwear,Gradient Boosting,73.559,39.355,107.762,26.68,False,Always On,0.0,1080.0,79443.31
2026-11-09,KNI-009,Knitwear,Gradient Boosting,68.747,45.164,92.329,18.395,False,Always On,0.0,1230.0,84558.68
2026-11-09,KNI-010,Knitwear,Gradient Boosting,58.406,39.827,76.985,14.492,False,Always On,0.0,960.0,56069.66
2026-11-09,OUT-001,Outerwear,Gradient Boosting,45.618,35.036,56.199,8.254,False,Always On,0.0,1840.0,83936.52
2026-11-09,OUT-002,Outerwear,Gradient Boosting,57.761,39.258,76.264,14.433,False,Always On,0.0,3290.0,190033.1
2026-11-09,OUT-003,Outerwear,Gradient Boosting,40.229,30.509,49.95,7.582,False,Always On,0.0,2210.0,88906.87
2026-11-09,OUT-004,Outerwear,Gradient Boosting,34.829,23.74,45.917,8.65,False,Always On,0.0,3410.0,118765.43
2026-11-09,OUT-005,Outerwear,Gradient Boosting,33.702,15.519,51.884,14.183,False,Always On,0.0,1970.0,66392.77
2026-11-09,OUT-006,Outerwear,Gradient Boosting,37.548,21.874,53.222,12.226,False,Always On,0.0,3630.0,136299.67
2026-11-09,OUT-007,Outerwear,Gradient Boosting,58.101,37.737,78.464,15.884,False,Always On,0.0,4530.0,263195.35
2026-11-09,OUT-008,Outerwear,Gradient Boosting,33.354,18.292,48.416,11.749,False,Always On,0.0,3030.0,101062.51
2026-11-09,OUT-009,Outerwear,Gradient Boosting,48.274,34.67,61.878,10.611,False,Always On,0.0,2920.0,140959.98
2026-11-09,OUT-010,Outerwear,Gradient Boosting,49.08,36.737,61.424,9.629,False,Always On,0.0,4130.0,202701.97
2026-11-09,TOP-001,Tops,Gradient Boosting,74.358,60.36,88.356,10.919,False,Always On,0.0,1170.0,86998.46
2026-11-09,TOP-002,Tops,Gradient Boosting,63.437,44.889,81.985,14.468,False,Always On,0.0,1580.0,100230.5
2026-11-09,TOP-003,Tops,Gradient Boosting,68.229,51.51,84.948,13.041,False,Always On,0.0,960.0,65500.02
2026-11-09,TOP-004,Tops,Gradient Boosting,75.985,55.738,96.231,15.793,False,Always On,0.0,1490.0,113216.91
2026-11-09,TOP-005,Tops,Gradient Boosting,75.595,51.954,99.235,18.441,False,Always On,0.0,1410.0,106588.51
2026-11-09,TOP-006,Tops,Gradient Boosting,85.625,68.809,102.442,13.117,False,Always On,0.0,1870.0,160119.47
2026-11-09,TOP-007,Tops,Gradient Boosting,81.479,58.473,104.486,17.946,False,Always On,0.0,690.0,56220.71
2026-11-09,TOP-008,Tops,Gradient Boosting,75.321,51.502,99.14,18.58,False,Always On,0.0,1770.0,133317.52
2026-11-09,TOP-009,Tops,Gradient Boosting,97.266,73.392,121.14,18.623,False,Always On,0.0,980.0,95320.8
2026-11-09,TOP-010,Tops,Gradient Boosting,81.54,59.947,103.133,16.844,False,Always On,0.0,710.0,57893.41
2026-11-16,ACC-001,Accessories,Gradient Boosting,202.853,165.592,240.115,29.065,True,Black Friday,0.28,691.2,140212.15
2026-11-16,ACC-002,Accessories,Seasonal Naive,199.0,164.002,233.998,27.299,True,Black Friday,0.28,554.4,110325.6
2026-11-16,ACC-003,Accessories,Gradient Boosting,200.813,181.257,220.369,15.254,True,Black Friday,0.28,1029.6,206756.99
2026-11-16,ACC-004,Accessories,Gradient Boosting,204.67,181.422,227.917,18.134,True,Black Friday,0.28,734.4,150309.43
2026-11-16,ACC-005,Accessories,Gradient Boosting,202.523,179.987,225.058,17.578,True,Black Friday,0.28,604.8,122485.61
2026-11-16,ACC-006,Accessories,Gradient Boosting,199.507,155.995,243.02,33.941,True,Black Friday,0.28,388.8,77568.43
2026-11-16,ACC-007,Accessories,Gradient Boosting,192.114,168.583,215.646,18.355,True,Black Friday,0.28,957.6,183968.84
2026-11-16,ACC-008,Accessories,Gradient Boosting,181.903,145.489,218.317,28.404,True,Black Friday,0.28,619.2,112634.48
2026-11-16,ACC-009,Accessories,Gradient Boosting,188.514,162.803,214.226,20.056,True,Black Friday,0.28,864.0,162876.14
2026-11-16,ACC-010,Accessories,Gradient Boosting,182.829,151.299,214.358,24.594,True,Black Friday,0.28,741.6,135585.65
2026-11-16,BOT-001,Bottoms,Gradient Boosting,142.695,127.456,157.934,11.887,True,Black Friday,0.28,1303.2,185959.51
2026-11-16,BOT-002,Bottoms,Gradient Boosting,155.266,126.688,183.844,22.292,True,Black Friday,0.28,900.0,139739.64
2026-11-16,BOT-003,Bottoms,Gradient Boosting,147.82,129.35,166.29,14.407,True,Black Friday,0.28,979.2,144745.19
2026-11-16,BOT-004,Bottoms,Gradient Boosting,116.313,101.624,131.002,11.458,True,Black Friday,0.28,1634.4,190102.43
2026-11-16,BOT-005,Bottoms,Seasonal Naive,143.0,116.052,169.948,21.02,True,Black Friday,0.28,1188.0,169884.0
2026-11-16,BOT-006,Bottoms,Gradient Boosting,143.635,118.65,168.62,19.489,True,Black Friday,0.28,1324.8,190287.28
2026-11-16,BOT-007,Bottoms,Gradient Boosting,119.352,96.276,142.429,18.001,True,Black Friday,0.28,1382.4,164992.82
2026-11-16,BOT-008,Bottoms,Gradient Boosting,117.173,99.297,135.049,13.944,True,Black Friday,0.28,1389.6,162823.69
2026-11-16,BOT-009,Bottoms,Seasonal Naive,82.0,64.787,99.213,13.427,True,Black Friday,0.28,1634.4,134020.8
2026-11-16,BOT-010,Bottoms,Gradient Boosting,104.787,88.969,120.605,12.338,True,Black Friday,0.28,936.0,98080.75
2026-11-16,DRE-001,Dresses,Gradient Boosting,124.603,94.371,154.836,23.582,True,Black Friday,0.28,2023.2,252097.77
2026-11-16,DRE-002,Dresses,Seasonal Naive,97.0,79.637,114.363,13.544,True,Black Friday,0.28,2296.8,222789.6
2026-11-16,DRE-003,Dresses,Gradient Boosting,111.957,96.336,127.577,12.184,True,Black Friday,0.28,1778.4,199103.67
2026-11-16,DRE-004,Dresses,Gradient Boosting,120.001,94.356,145.646,20.004,True,Black Friday,0.28,2246.4,269569.83
2026-11-16,DRE-005,Dresses,Gradient Boosting,123.392,99.985,146.798,18.258,True,Black Friday,0.28,1497.6,184791.44
2026-11-16,DRE-006,Dresses,Gradient Boosting,119.884,91.725,148.043,21.965,True,Black Friday,0.28,2268.0,271897.86
2026-11-16,DRE-007,Dresses,Seasonal Naive,97.0,79.135,114.865,13.935,True,Black Friday,0.28,2268.0,219996.0
2026-11-16,DRE-008,Dresses,Gradient Boosting,124.813,109.053,140.573,12.293,True,Black Friday,0.28,2102.4,262406.52
2026-11-16,DRE-009,Dresses,Gradient Boosting,115.312,94.286,136.338,16.401,True,Black Friday,0.28,1353.6,156086.05
2026-11-16,DRE-010,Dresses,Gradient Boosting,117.701,96.246,139.157,16.736,True,Black Friday,0.28,2239.2,263556.84
2026-11-16,KNI-001,Knitwear,Gradient Boosting,159.739,131.827,187.652,21.773,True,Black Friday,0.28,770.4,123063.21
2026-11-16,KNI-002,Knitwear,Gradient Boosting,139.652,120.792,158.512,14.712,True,Black Friday,0.28,1699.2,237297.04
2026-11-16,KNI-003,Knitwear,Gradient Boosting,145.26,117.889,172.63,21.35,True,Black Friday,0.28,1418.4,206036.63
2026-11-16,KNI-004,Knitwear,Gradient Boosting,154.611,139.044,170.178,12.143,True,Black Friday,0.28,1051.2,162526.94
2026-11-16,KNI-005,Knitwear,Gradient Boosting,133.375,92.468,174.282,31.909,True,Black Friday,0.28,734.4,97950.86
2026-11-16,KNI-006,Knitwear,Gradient Boosting,105.728,87.808,123.648,13.978,True,Black Friday,0.28,820.8,86781.23
2026-11-16,KNI-007,Knitwear,Gradient Boosting,159.659,142.415,176.903,13.451,True,Black Friday,0.28,1317.6,210366.43
2026-11-16,KNI-008,Knitwear,Gradient Boosting,157.823,123.62,192.026,26.68,True,Black Friday,0.28,777.6,122723.18
2026-11-16,KNI-009,Knitwear,Gradient Boosting,134.055,110.473,157.638,18.395,True,Black Friday,0.28,885.6,118719.23
2026-11-16,KNI-010,Knitwear,Gradient Boosting,123.297,104.718,141.876,14.492,True,Black Friday,0.28,691.2,85223.22
2026-11-16,OUT-001,Outerwear,Gradient Boosting,86.978,76.396,97.559,8.254,True,Black Friday,0.28,1324.8,115228.08
2026-11-16,OUT-002,Outerwear,Gradient Boosting,102.705,84.202,121.208,14.433,True,Black Friday,0.28,2368.8,243288.01
2026-11-16,OUT-003,Outerwear,Gradient Boosting,61.985,52.265,71.706,7.582,True,Black Friday,0.28,1591.2,98630.86
2026-11-16,OUT-004,Outerwear,Gradient Boosting,58.272,47.183,69.361,8.65,True,Black Friday,0.28,2455.2,143069.53
2026-11-16,OUT-005,Outerwear,Gradient Boosting,70.544,52.362,88.727,14.183,True,Black Friday,0.28,1418.4,100060.25
2026-11-16,OUT-006,Outerwear,Gradient Boosting,51.224,35.551,66.898,12.226,True,Black Friday,0.28,2613.6,133880.13
2026-11-16,OUT-007,Outerwear,Gradient Boosting,93.078,72.715,113.442,15.884,True,Black Friday,0.28,3261.6,303583.28
2026-11-16,OUT-008,Outerwear,Gradient Boosting,57.3,42.238,72.362,11.749,True,Black Friday,0.28,2181.6,125004.68
2026-11-16,OUT-009,Outerwear,Gradient Boosting,86.729,73.125,100.333,10.611,True,Black Friday,0.28,2102.4,182339.16
2026-11-16,OUT-010,Outerwear,Gradient Boosting,72.395,60.051,84.738,9.629,True,Black Friday,0.28,2973.6,215272.53
2026-11-16,TOP-001,Tops,Gradient Boosting,115.059,101.061,129.057,10.919,True,Black Friday,0.28,842.4,96925.91
2026-11-16,TOP-002,Tops,Gradient Boosting,110.598,92.049,129.146,14.468,True,Black Friday,0.28,1137.6,125816.01
2026-11-16,TOP-003,Tops,Gradient Boosting,113.93,97.211,130.649,13.041,True,Black Friday,0.28,691.2,78748.25
2026-11-16,TOP-004,Tops,Gradient Boosting,114.881,94.634,135.128,15.793,True,Black Friday,0.28,1072.8,123244.13
2026-11-16,TOP-005,Tops,Gradient Boosting,122.091,98.45,145.731,18.441,True,Black Friday,0.28,1015.2,123946.42
2026-11-16,TOP-006,Tops,Gradient Boosting,130.175,113.358,146.991,13.117,True,Black Friday,0.28,1346.4,175267.06
2026-11-16,TOP-007,Tops,Gradient Boosting,137.612,114.605,160.619,17.946,True,Black Friday,0.28,496.8,68365.76
2026-11-16,TOP-008,Tops,Gradient Boosting,118.93,95.111,142.75,18.58,True,Black Friday,0.28,1274.4,151565.0
2026-11-16,TOP-009,Tops,Gradient Boosting,160.324,136.45,184.198,18.623,True,Black Friday,0.28,705.6,113124.39
2026-11-16,TOP-010,Tops,Gradient Boosting,156.56,134.967,178.154,16.844,True,Black Friday,0.28,511.2,80033.5
2026-11-23,ACC-001,Accessories,Gradient Boosting,218.304,181.043,255.566,29.065,True,Black Friday,0.28,691.2,150892.06
2026-11-23,ACC-002,Accessories,Seasonal Naive,176.0,141.002,210.998,27.299,True,Black Friday,0.28,554.4,97574.4
2026-11-23,ACC-003,Accessories,Gradient Boosting,220.474,200.919,240.03,15.254,True,Black Friday,0.28,1029.6,227000.41
2026-11-23,ACC-004,Accessories,Gradient Boosting,220.946,197.698,244.193,18.134,True,Black Friday,0.28,734.4,162262.64
2026-11-23,ACC-005,Accessories,Gradient Boosting,210.441,187.905,232.976,17.578,True,Black Friday,0.28,604.8,127274.67
2026-11-23,ACC-006,Accessories,Gradient Boosting,216.644,173.132,260.157,33.941,True,Black Friday,0.28,388.8,84231.26
2026-11-23,ACC-007,Accessories,Gradient Boosting,206.331,182.8,229.862,18.355,True,Black Friday,0.28,957.6,197582.46
2026-11-23,ACC-008,Accessories,Gradient Boosting,195.937,159.523,232.351,28.404,True,Black Friday,0.28,619.2,121324.15
2026-11-23,ACC-009,Accessories,Gradient Boosting,190.455,164.744,216.167,20.056,True,Black Friday,0.28,864.0,164553.31
2026-11-23,ACC-010,Accessories,Gradient Boosting,185.003,153.474,216.532,24.594,True,Black Friday,0.28,741.6,137198.26
2026-11-23,BOT-001,Bottoms,Gradient Boosting,133.575,118.336,148.814,11.887,True,Black Friday,0.28,1303.2,174075.19
2026-11-23,BOT-002,Bottoms,Gradient Boosting,124.47,95.892,153.048,22.292,True,Black Friday,0.28,900.0,112023.28
2026-11-23,BOT-003,Bottoms,Gradient Boosting,115.792,97.322,134.262,14.407,True,Black Friday,0.28,979.2,113383.62
2026-11-23,BOT-004,Bottoms,Gradient Boosting,115.19,100.501,129.879,11.458,True,Black Friday,0.28,1634.4,188267.13
2026-11-23,BOT-005,Bottoms,Seasonal Naive,176.0,149.052,202.948,21.02,True,Black Friday,0.28,1188.0,209088.0
2026-11-23,BOT-006,Bottoms,Gradient Boosting,131.427,106.441,156.412,19.489,True,Black Friday,0.28,1324.8,174114.0
2026-11-23,BOT-007,Bottoms,Gradient Boosting,142.228,119.151,165.305,18.001,True,Black Friday,0.28,1382.4,196616.31
2026-11-23,BOT-008,Bottoms,Gradient Boosting,111.37,93.494,129.246,13.944,True,Black Friday,0.28,1389.6,154759.98
2026-11-23,BOT-009,Bottoms,Seasonal Naive,108.0,90.787,125.213,13.427,True,Black Friday,0.28,1634.4,176515.2
2026-11-23,BOT-010,Bottoms,Gradient Boosting,116.92,101.102,132.738,12.338,True,Black Friday,0.28,936.0,109437.16
2026-11-23,DRE-001,Dresses,Gradient Boosting,138.887,108.654,169.119,23.582,True,Black Friday,0.28,2023.2,280995.25
2026-11-23,DRE-002,Dresses,Seasonal Naive,152.0,134.637,169.363,13.544,True,Black Friday,0.28,2296.8,349113.6
2026-11-23,DRE-003,Dresses,Gradient Boosting,103.429,87.809,119.05,12.184,True,Black Friday,0.28,1778.4,183938.86
2026-11-23,DRE-004,Dresses,Gradient Boosting,124.143,98.498,149.787,20.004,True,Black Friday,0.28,2246.4,278874.12
2026-11-23,DRE-005,Dresses,Gradient Boosting,132.957,109.551,156.364,18.258,True,Black Friday,0.28,1497.6,199117.06
2026-11-23,DRE-006,Dresses,Gradient Boosting,135.14,106.981,163.299,21.965,True,Black Friday,0.28,2268.0,306498.14
2026-11-23,DRE-007,Dresses,Seasonal Naive,64.0,46.135,81.865,13.935,True,Black Friday,0.28,2268.0,145152.0
2026-11-23,DRE-008,Dresses,Gradient Boosting,103.888,88.128,119.648,12.293,True,Black Friday,0.28,2102.4,218414.29
2026-11-23,DRE-009,Dresses,Gradient Boosting,108.057,87.032,129.083,16.401,True,Black Friday,0.28,1353.6,146266.32
2026-11-23,DRE-010,Dresses,Gradient Boosting,113.865,92.41,135.32,16.736,True,Black Friday,0.28,2239.2,254966.48
2026-11-23,KNI-001,Knitwear,Gradient Boosting,143.4,115.487,171.312,21.773,True,Black Friday,0.28,770.4,110474.99
2026-11-23,KNI-002,Knitwear,Gradient Boosting,126.386,107.526,145.246,14.712,True,Black Friday,0.28,1699.2,214755.46
2026-11-23,KNI-003,Knitwear,Gradient Boosting,144.029,116.658,171.399,21.35,True,Black Friday,0.28,1418.4,204290.04
2026-11-23,KNI-004,Knitwear,Gradient Boosting,139.749,124.182,155.316,12.143,True,Black Friday,0.28,1051.2,146904.04
2026-11-23,KNI-005,Knitwear,Gradient Boosting,141.237,100.33,182.144,31.909,True,Black Friday,0.28,734.4,103724.18
2026-11-23,KNI-006,Knitwear,Gradient Boosting,118.221,100.301,136.141,13.978,True,Black Friday,0.28,820.8,97036.03
2026-11-23,KNI-007,Knitwear,Gradient Boosting,141.891,124.647,159.135,13.451,True,Black Friday,0.28,1317.6,186955.94
2026-11-23,KNI-008,Knitwear,Gradient Boosting,139.746,105.543,173.95,26.68,True,Black Friday,0.28,777.6,108666.7
2026-11-23,KNI-009,Knitwear,Gradient Boosting,143.023,119.441,166.605,18.395,True,Black Friday,0.28,885.6,126661.15
2026-11-23,KNI-010,Knitwear,Gradient Boosting,119.58,101.001,138.159,14.492,True,Black Friday,0.28,691.2,82653.4
2026-11-23,OUT-001,Outerwear,Gradient Boosting,77.19,66.608,87.771,8.254,True,Black Friday,0.28,1324.8,102260.69
2026-11-23,OUT-002,Outerwear,Gradient Boosting,113.57,95.068,132.073,14.433,True,Black Friday,0.28,2368.8,269025.62
2026-11-23,OUT-003,Outerwear,Gradient Boosting,79.875,70.155,89.595,7.582,True,Black Friday,0.28,1591.2,127097.25
2026-11-23,OUT-004,Outerwear,Gradient Boosting,73.562,62.473,84.651,8.65,True,Black Friday,0.28,2455.2,180609.65
2026-11-23,OUT-005,Outerwear,Gradient Boosting,78.458,60.276,96.641,14.183,True,Black Friday,0.28,1418.4,111284.87
2026-11-23,OUT-006,Outerwear,Gradient Boosting,59.018,43.344,74.692,12.226,True,Black Friday,0.28,2613.6,154249.26
2026-11-23,OUT-007,Outerwear,Gradient Boosting,94.01,73.647,114.374,15.884,True,Black Friday,0.28,3261.6,306623.7
2026-11-23,OUT-008,Outerwear,Gradient Boosting,63.974,48.912,79.036,11.749,True,Black Friday,0.28,2181.6,139565.35
2026-11-23,OUT-009,Outerwear,Gradient Boosting,81.05,67.446,94.654,10.611,True,Black Friday,0.28,2102.4,170398.94
2026-11-23,OUT-010,Outerwear,Gradient Boosting,82.337,69.994,94.681,9.629,True,Black Friday,0.28,2973.6,244838.41
2026-11-23,TOP-001,Tops,Gradient Boosting,109.604,95.606,123.602,10.919,True,Black Friday,0.28,842.4,92330.76
2026-11-23,TOP-002,Tops,Gradient Boosting,107.275,88.727,125.823,14.468,True,Black Friday,0.28,1137.6,122035.96
2026-11-23,TOP-003,Tops,Gradient Boosting,108.712,91.993,125.431,13.041,True,Black Friday,0.28,691.2,75141.74
2026-11-23,TOP-004,Tops,Gradient Boosting,109.565,89.318,129.811,15.793,True,Black Friday,0.28,1072.8,117540.84
2026-11-23,TOP-005,Tops,Gradient Boosting,113.663,90.023,137.304,18.441,True,Black Friday,0.28,1015.2,115391.09
2026-11-23,TOP-006,Tops,Gradient Boosting,131.22,114.404,148.037,13.117,True,Black Friday,0.28,1346.4,176674.97
2026-11-23,TOP-007,Tops,Gradient Boosting,123.136,100.129,146.143,17.946,True,Black Friday,0.28,496.8,61174.05
2026-11-23,TOP-008,Tops,Gradient Boosting,133.943,110.124,157.762,18.58,True,Black Friday,0.28,1274.4,170697.32
2026-11-23,TOP-009,Tops,Gradient Boosting,151.926,128.052,175.8,18.623,True,Black Friday,0.28,705.6,107198.97
2026-11-23,TOP-010,Tops,Gradient Boosting,129.499,107.906,151.093,16.844,True,Black Friday,0.28,511.2,66199.92
2026-11-30,ACC-001,Accessories,Gradient Boosting,125.72,88.459,162.982,29.065,False,Always On,0.0,960.0,120691.55
2026-11-30,ACC-002,Accessories,Seasonal Naive,90.0,55.002,124.998,27.299,False,Always On,0.0,770.0,69300.0
2026-11-30,ACC-003,Accessories,Gradient Boosting,122.866,103.31,142.421,15.254,False,Always On,0.0,1430.0,175697.79
2026-11-30,ACC-004,Accessories,Gradient Boosting,129.628,106.38,152.875,18.134,False,Always On,0.0,1020.0,132220.3
2026-11-30,ACC-005,Accessories,Gradient Boosting,108.47,85.934,131.005,17.578,False,Always On,0.0,840.0,91114.64
2026-11-30,ACC-006,Accessories,Gradient Boosting,179.801,136.289,223.314,33.941,False,Always On,0.0,540.0,97092.66
2026-11-30,ACC-007,Accessories,Gradient Boosting,112.611,89.08,136.142,18.355,False,Always On,0.0,1330.0,149772.49
2026-11-30,ACC-008,Accessories,Gradient Boosting,130.653,94.239,167.067,28.404,False,Always On,0.0,860.0,112361.51
2026-11-30,ACC-009,Accessories,Gradient Boosting,109.964,84.253,135.676,20.056,False,Always On,0.0,1200.0,131957.1
2026-11-30,ACC-010,Accessories,Gradient Boosting,114.309,82.78,145.839,24.594,False,Always On,0.0,1030.0,117738.42
2026-11-30,BOT-001,Bottoms,Gradient Boosting,92.039,76.8,107.278,11.887,False,Always On,0.0,1810.0,166590.93
2026-11-30,BOT-002,Bottoms,Gradient Boosting,92.568,63.99,121.146,22.292,False,Always On,0.0,1250.0,115709.76
2026-11-30,BOT-003,Bottoms,Gradient Boosting,81.996,63.526,100.466,14.407,False,Always On,0.0,1360.0,111514.19
2026-11-30,BOT-004,Bottoms,Gradient Boosting,68.118,53.429,82.807,11.458,False,Always On,0.0,2270.0,154628.23
2026-11-30,BOT-005,Bottoms,Seasonal Naive,76.0,49.052,102.948,21.02,False,Always On,0.0,1650.0,125400.0
2026-11-30,BOT-006,Bottoms,Gradient Boosting,92.825,67.839,117.81,19.489,False,Always On,0.0,1840.0,170797.35
2026-11-30,BOT-007,Bottoms,Gradient Boosting,78.878,55.801,101.955,18.001,False,Always On,0.0,1920.0,151445.64
2026-11-30,BOT-008,Bottoms,Gradient Boosting,72.748,54.872,90.624,13.944,False,Always On,0.0,1930.0,140402.97
2026-11-30,BOT-009,Bottoms,Seasonal Naive,39.0,21.787,56.213,13.427,False,Always On,0.0,2270.0,88530.0
2026-11-30,BOT-010,Bottoms,Gradient Boosting,69.279,53.462,85.097,12.338,False,Always On,0.0,1300.0,90063.26
2026-11-30,DRE-001,Dresses,Gradient Boosting,75.527,45.295,105.759,23.582,False,Always On,0.0,2810.0,212230.76
2026-11-30,DRE-002,Dresses,Seasonal Naive,63.0,45.637,80.363,13.544,False,Always On,0.0,3190.0,200970.0
2026-11-30,DRE-003,Dresses,Gradient Boosting,70.469,54.849,86.09,12.184,False,Always On,0.0,2470.0,174059.54
2026-11-30,DRE-004,Dresses,Gradient Boosting,89.091,63.446,114.735,20.004,False,Always On,0.0,3120.0,277963.19
2026-11-30,DRE-005,Dresses,Gradient Boosting,80.614,57.207,104.02,18.258,False,Always On,0.0,2080.0,167676.22
2026-11-30,DRE-006,Dresses,Gradient Boosting,75.834,47.675,103.994,21.965,False,Always On,0.0,3150.0,238878.61
2026-11-30,DRE-007,Dresses,Seasonal Naive,48.0,30.135,65.865,13.935,False,Always On,0.0,3150.0,151200.0
2026-11-30,DRE-008,Dresses,Gradient Boosting,73.246,57.486,89.007,12.293,False,Always On,0.0,2920.0,213879.61
2026-11-30,DRE-009,Dresses,Gradient Boosting,74.573,53.547,95.598,16.401,False,Always On,0.0,1880.0,140196.57
2026-11-30,DRE-010,Dresses,Gradient Boosting,71.953,50.497,93.408,16.736,False,Always On,0.0,3110.0,223772.34
2026-11-30,KNI-001,Knitwear,Gradient Boosting,98.187,70.275,126.1,21.773,False,Always On,0.0,1070.0,105060.24
2026-11-30,KNI-002,Knitwear,Gradient Boosting,81.414,62.554,100.275,14.712,False,Always On,0.0,2360.0,192137.85
2026-11-30,KNI-003,Knitwear,Gradient Boosting,92.865,65.495,120.236,21.35,False,Always On,0.0,1970.0,182944.5
2026-11-30,KNI-004,Knitwear,Gradient Boosting,95.534,79.967,111.101,12.143,False,Always On,0.0,1460.0,139479.43
2026-11-30,KNI-005,Knitwear,Gradient Boosting,101.597,60.69,142.504,31.909,False,Always On,0.0,1020.0,103628.53
2026-11-30,KNI-006,Knitwear,Gradient Boosting,70.863,52.943,88.783,13.978,False,Always On,0.0,1140.0,80784.06
2026-11-30,KNI-007,Knitwear,Gradient Boosting,98.844,81.6,116.088,13.451,False,Always On,0.0,1830.0,180884.63
2026-11-30,KNI-008,Knitwear,Gradient Boosting,89.671,55.468,123.875,26.68,False,Always On,0.0,1080.0,96845.17
2026-11-30,KNI-009,Knitwear,Gradient Boosting,83.992,60.41,107.574,18.395,False,Always On,0.0,1230.0,103310.22
2026-11-30,KNI-010,Knitwear,Gradient Boosting,75.897,57.318,94.476,14.492,False,Always On,0.0,960.0,72861.33
2026-11-30,OUT-001,Outerwear,Gradient Boosting,47.203,36.621,57.785,8.254,False,Always On,0.0,1840.0,86853.4
2026-11-30,OUT-002,Outerwear,Gradient Boosting,72.319,53.816,90.821,14.433,False,Always On,0.0,3290.0,237928.03
2026-11-30,OUT-003,Outerwear,Gradient Boosting,47.646,37.925,57.366,7.582,False,Always On,0.0,2210.0,105297.2
2026-11-30,OUT-004,Outerwear,Gradient Boosting,42.458,31.37,53.547,8.65,False,Always On,0.0,3410.0,144783.02
2026-11-30,OUT-005,Outerwear,Gradient Boosting,50.484,32.302,68.667,14.183,False,Always On,0.0,1970.0,99453.77
2026-11-30,OUT-006,Outerwear,Gradient Boosting,39.075,23.402,54.749,12.226,False,Always On,0.0,3630.0,141843.85
2026-11-30,OUT-007,Outerwear,Gradient Boosting,62.8,42.436,83.163,15.884,False,Always On,0.0,4530.0,284481.83
2026-11-30,OUT-008,Outerwear,Gradient Boosting,41.944,26.882,57.006,11.749,False,Always On,0.0,3030.0,127090.11
2026-11-30,OUT-009,Outerwear,Gradient Boosting,51.701,38.097,65.304,10.611,False,Always On,0.0,2920.0,150965.47
2026-11-30,OUT-010,Outerwear,Gradient Boosting,44.018,31.674,56.362,9.629,False,Always On,0.0,4130.0,181795.68
2026-11-30,TOP-001,Tops,Gradient Boosting,74.46,60.462,88.458,10.919,False,Always On,0.0,1170.0,87118.09
2026-11-30,TOP-002,Tops,Gradient Boosting,70.848,52.299,89.396,14.468,False,Always On,0.0,1580.0,111939.45
2026-11-30,TOP-003,Tops,Gradient Boosting,73.575,56.856,90.294,13.041,False,Always On,0.0,960.0,70631.73
2026-11-30,TOP-004,Tops,Gradient Boosting,72.871,52.624,93.118,15.793,False,Always On,0.0,1490.0,108578.04
2026-11-30,TOP-005,Tops,Gradient Boosting,67.258,43.617,90.899,18.441,False,Always On,0.0,1410.0,94833.91
2026-11-30,TOP-006,Tops,Gradient Boosting,103.094,86.277,119.91,13.117,False,Always On,0.0,1870.0,192785.14
2026-11-30,TOP-007,Tops,Gradient Boosting,84.65,61.643,107.657,17.946,False,Always On,0.0,690.0,58408.57
2026-11-30,TOP-008,Tops,Gradient Boosting,79.064,55.245,102.883,18.58,False,Always On,0.0,1770.0,139942.74
2026-11-30,TOP-009,Tops,Gradient Boosting,109.526,85.652,133.4,18.623,False,Always On,0.0,980.0,107335.51
2026-11-30,TOP-010,Tops,Gradient Boosting,88.97,67.376,110.563,16.844,False,Always On,0.0,710.0,63168.58
2026-12-07,ACC-001,Accessories,Gradient Boosting,132.08,94.819,169.341,29.065,True,Holiday Gifting,0.15,816.0,107777.31
2026-12-07,ACC-002,Accessories,Seasonal Naive,123.0,88.002,157.998,27.299,True,Holiday Gifting,0.15,654.5,80503.5
2026-12-07,ACC-003,Accessories,Gradient Boosting,139.157,119.601,158.713,15.254,True,Holiday Gifting,0.15,1215.5,169145.04
2026-12-07,ACC-004,Accessories,Gradient Boosting,144.739,121.491,167.986,18.134,True,Holiday Gifting,0.15,867.0,125488.42
2026-12-07,ACC-005,Accessories,Gradient Boosting,135.791,113.255,158.326,17.578,True,Holiday Gifting,0.15,714.0,96954.54
2026-12-07,ACC-006,Accessories,Gradient Boosting,170.201,126.689,213.714,33.941,True,Holiday Gifting,0.15,459.0,78122.32
2026-12-07,ACC-007,Accessories,Gradient Boosting,129.368,105.837,152.9,18.355,True,Holiday Gifting,0.15,1130.5,146250.88
2026-12-07,ACC-008,Accessories,Gradient Boosting,162.616,126.202,199.03,28.404,True,Holiday Gifting,0.15,731.0,118872.24
2026-12-07,ACC-009,Accessories,Gradient Boosting,131.581,105.869,157.292,20.056,True,Holiday Gifting,0.15,1020.0,134212.22
2026-12-07,ACC-010,Accessories,Gradient Boosting,121.632,90.103,153.162,24.594,True,Holiday Gifting,0.15,875.5,106489.17
2026-12-07,BOT-001,Bottoms,Gradient Boosting,91.817,76.578,107.056,11.887,True,Holiday Gifting,0.15,1538.5,141261.1
2026-12-07,BOT-002,Bottoms,Gradient Boosting,104.073,75.495,132.651,22.292,True,Holiday Gifting,0.15,1062.5,110577.94
2026-12-07,BOT-003,Bottoms,Gradient Boosting,102.611,84.141,121.081,14.407,True,Holiday Gifting,0.15,1156.0,118618.33
2026-12-07,BOT-004,Bottoms,Gradient Boosting,72.241,57.552,86.931,11.458,True,Holiday Gifting,0.15,1929.5,139389.87
2026-12-07,BOT-005,Bottoms,Seasonal Naive,76.0,49.052,102.948,21.02,True,Holiday Gifting,0.15,1402.5,106590.0
2026-12-07,BOT-006,Bottoms,Gradient Boosting,108.058,83.073,133.044,19.489,True,Holiday Gifting,0.15,1564.0,169003.27
2026-12-07,BOT-007,Bottoms,Gradient Boosting,83.312,60.235,106.389,18.001,True,Holiday Gifting,0.15,1632.0,135964.7
2026-12-07,BOT-008,Bottoms,Gradient Boosting,81.103,63.227,98.979,13.944,True,Holiday Gifting,0.15,1640.5,133048.82
2026-12-07,BOT-009,Bottoms,Seasonal Naive,77.01,59.797,94.223,13.427,True,Holiday Gifting,0.15,1929.5,148590.79
2026-12-07,BOT-010,Bottoms,Gradient Boosting,72.041,56.223,87.859,12.338,True,Holiday Gifting,0.15,1105.0,79605.16
2026-12-07,DRE-001,Dresses,Gradient Boosting,102.057,71.825,132.289,23.582,True,Holiday Gifting,0.15,2388.5,243762.26
2026-12-07,DRE-002,Dresses,Seasonal Naive,58.0,40.637,75.363,13.544,True,Holiday Gifting,0.15,2711.5,157267.0
2026-12-07,DRE-003,Dresses,Gradient Boosting,80.676,65.055,96.296,12.184,True,Holiday Gifting,0.15,2099.5,169378.62
2026-12-07,DRE-004,Dresses,Gradient Boosting,101.464,75.819,127.109,20.004,True,Holiday Gifting,0.15,2652.0,269082.46
2026-12-07,DRE-005,Dresses,Gradient Boosting,84.407,61.0,107.813,18.258,True,Holiday Gifting,0.15,1768.0,149231.04
2026-12-07,DRE-006,Dresses,Gradient Boosting,94.393,66.234,122.552,21.965,True,Holiday Gifting,0.15,2677.5,252737.18
2026-12-07,DRE-007,Dresses,Seasonal Naive,50.0,32.135,67.865,13.935,True,Holiday Gifting,0.15,2677.5,133875.0
2026-12-07,DRE-008,Dresses,Gradient Boosting,80.69,64.929,96.45,12.293,True,Holiday Gifting,0.15,2482.0,200271.48
2026-12-07,DRE-009,Dresses,Gradient Boosting,80.109,59.083,101.134,16.401,True,Holiday Gifting,0.15,1598.0,128013.64
2026-12-07,DRE-010,Dresses,Gradient Boosting,83.57,62.115,105.025,16.736,True,Holiday Gifting,0.15,2643.5,220916.81
2026-12-07,KNI-001,Knitwear,Gradient Boosting,146.56,118.648,174.473,21.773,True,Holiday Gifting,0.15,909.5,133296.65
2026-12-07,KNI-002,Knitwear,Gradient Boosting,89.756,70.895,108.616,14.712,True,Holiday Gifting,0.15,2006.0,180049.73
2026-12-07,KNI-003,Knitwear,Gradient Boosting,135.635,108.265,163.005,21.35,True,Holiday Gifting,0.15,1674.5,227120.88
2026-12-07,KNI-004,Knitwear,Gradient Boosting,108.15,92.583,123.718,12.143,True,Holiday Gifting,0.15,1241.0,134214.7
2026-12-07,KNI-005,Knitwear,Gradient Boosting,108.008,67.101,148.915,31.909,True,Holiday Gifting,0.15,867.0,93642.57
2026-12-07,KNI-006,Knitwear,Gradient Boosting,79.82,61.9,97.74,13.978,True,Holiday Gifting,0.15,969.0,77345.9
2026-12-07,KNI-007,Knitwear,Gradient Boosting,129.151,111.906,146.395,13.451,True,Holiday Gifting,0.15,1555.5,200893.7
2026-12-07,KNI-008,Knitwear,Gradient Boosting,107.186,72.983,141.389,26.68,True,Holiday Gifting,0.15,918.0,98396.77
2026-12-07,KNI-009,Knitwear,Gradient Boosting,90.984,67.402,114.566,18.395,True,Holiday Gifting,0.15,1045.5,95123.79
2026-12-07,KNI-010,Knitwear,Gradient Boosting,90.663,72.084,109.242,14.492,True,Holiday Gifting,0.15,816.0,73980.92
2026-12-07,OUT-001,Outerwear,Gradient Boosting,53.014,42.432,63.595,8.254,True,Holiday Gifting,0.15,1564.0,82913.46
2026-12-07,OUT-002,Outerwear,Gradient Boosting,79.682,61.179,98.184,14.433,True,Holiday Gifting,0.15,2796.5,222829.43
2026-12-07,OUT-003,Outerwear,Gradient Boosting,53.59,43.87,63.31,7.582,True,Holiday Gifting,0.15,1878.5,100668.92
2026-12-07,OUT-004,Outerwear,Gradient Boosting,43.974,32.886,55.063,8.65,True,Holiday Gifting,0.15,2898.5,127460.03
2026-12-07,OUT-005,Outerwear,Gradient Boosting,53.868,35.686,72.051,14.183,True,Holiday Gifting,0.15,1674.5,90202.33
2026-12-07,OUT-006,Outerwear,Gradient Boosting,45.857,30.183,61.531,12.226,True,Holiday Gifting,0.15,3085.5,141491.49
2026-12-07,OUT-007,Outerwear,Gradient Boosting,65.739,45.376,86.103,15.884,True,Holiday Gifting,0.15,3850.5,253129.9
2026-12-07,OUT-008,Outerwear,Gradient Boosting,46.016,30.954,61.078,11.749,True,Holiday Gifting,0.15,2575.5,118513.71
2026-12-07,OUT-009,Outerwear,Gradient Boosting,63.499,49.896,77.103,10.611,True,Holiday Gifting,0.15,2482.0,157605.65
2026-12-07,OUT-010,Outerwear,Gradient Boosting,50.665,38.321,63.009,9.629,True,Holiday Gifting,0.15,3510.5,177858.69
2026-12-07,TOP-001,Tops,Gradient Boosting,81.344,67.346,95.342,10.919,True,Holiday Gifting,0.15,994.5,80896.27
2026-12-07,TOP-002,Tops,Gradient Boosting,76.6,58.052,95.148,14.468,True,Holiday Gifting,0.15,1343.0,102873.83
2026-12-07,TOP-003,Tops,Gradient Boosting,78.481,61.762,95.2,13.041,True,Holiday Gifting,0.15,816.0,64040.24
2026-12-07,TOP-004,Tops,Gradient Boosting,83.659,63.412,103.906,15.793,True,Holiday Gifting,0.15,1266.5,105954.42
2026-12-07,TOP-005,Tops,Gradient Boosting,91.076,67.435,114.717,18.441,True,Holiday Gifting,0.15,1198.5,109154.36
2026-12-07,TOP-006,Tops,Gradient Boosting,116.135,99.318,132.951,13.117,True,Holiday Gifting,0.15,1589.5,184596.26
2026-12-07,TOP-007,Tops,Gradient Boosting,106.587,83.58,129.593,17.946,True,Holiday Gifting,0.15,586.5,62513.09
2026-12-07,TOP-008,Tops,Gradient Boosting,90.272,66.453,114.091,18.58,True,Holiday Gifting,0.15,1504.5,135814.12
2026-12-07,TOP-009,Tops,Gradient Boosting,116.231,92.357,140.105,18.623,True,Holiday Gifting,0.15,833.0,96820.36
2026-12-07,TOP-010,Tops,Gradient Boosting,113.074,91.48,134.667,16.844,True,Holiday Gifting,0.15,603.5,68240.13
2026-12-14,ACC-001,Accessories,Gradient Boosting,147.052,109.791,184.314,29.065,True,Holiday Gifting,0.15,816.0,119994.72
2026-12-14,ACC-002,Accessories,Seasonal Naive,163.0,128.002,197.998,27.299,True,Holiday Gifting,0.15,654.5,106683.5
2026-12-14,ACC-003,Accessories,Gradient Boosting,148.039,128.483,167.595,15.254,True,Holiday Gifting,0.15,1215.5,179941.72
2026-12-14,ACC-004,Accessories,Gradient Boosting,163.672,140.425,186.92,18.134,True,Holiday Gifting,0.15,867.0,141903.85
2026-12-14,ACC-005,Accessories,Gradient Boosting,149.212,126.677,171.748,17.578,True,Holiday Gifting,0.15,714.0,106537.68
2026-12-14,ACC-006,Accessories,Gradient Boosting,167.684,124.171,211.196,33.941,True,Holiday Gifting,0.15,459.0,76966.94
2026-12-14,ACC-007,Accessories,Gradient Boosting,163.154,139.623,186.685,18.355,True,Holiday Gifting,0.15,1130.5,184445.62
2026-12-14,ACC-008,Accessories,Gradient Boosting,167.457,131.043,203.871,28.404,True,Holiday Gifting,0.15,731.0,122411.02
2026-12-14,ACC-009,Accessories,Gradient Boosting,137.472,111.76,163.183,20.056,True,Holiday Gifting,0.15,1020.0,140221.4
2026-12-14,ACC-010,Accessories,Gradient Boosting,125.924,94.394,157.453,24.594,True,Holiday Gifting,0.15,875.5,110246.22
2026-12-14,BOT-001,Bottoms,Gradient Boosting,105.631,90.392,120.87,11.887,True,Holiday Gifting,0.15,1538.5,162513.96
2026-12-14,BOT-002,Bottoms,Gradient Boosting,104.047,75.469,132.625,22.292,True,Holiday Gifting,0.15,1062.5,110549.95
2026-12-14,BOT-003,Bottoms,Gradient Boosting,103.33,84.861,121.8,14.407,True,Holiday Gifting,0.15,1156.0,119450.0
2026-12-14,BOT-004,Bottoms,Gradient Boosting,83.383,68.694,98.072,11.458,True,Holiday Gifting,0.15,1929.5,160887.6
2026-12-14,BOT-005,Bottoms,Seasonal Naive,98.0,71.052,124.948,21.02,True,Holiday Gifting,0.15,1402.5,137445.0
2026-12-14,BOT-006,Bottoms,Gradient Boosting,103.178,78.192,128.163,19.489,True,Holiday Gifting,0.15,1564.0,161369.61
2026-12-14,BOT-007,Bottoms,Gradient Boosting,101.419,78.342,124.496,18.001,True,Holiday Gifting,0.15,1632.0,165515.87
2026-12-14,BOT-008,Bottoms,Gradient Boosting,87.694,69.818,105.57,13.944,True,Holiday Gifting,0.15,1640.5,143861.93
2026-12-14,BOT-009,Bottoms,Seasonal Naive,52.0,34.787,69.213,13.427,True,Holiday Gifting,0.15,1929.5,100334.0
2026-12-14,BOT-010,Bottoms,Gradient Boosting,81.96,66.142,97.777,12.338,True,Holiday Gifting,0.15,1105.0,90565.26
2026-12-14,DRE-001,Dresses,Gradient Boosting,81.994,51.762,112.226,23.582,True,Holiday Gifting,0.15,2388.5,195842.7
2026-12-14,DRE-002,Dresses,Seasonal Naive,79.0,61.637,96.363,13.544,True,Holiday Gifting,0.15,2711.5,214208.5
2026-12-14,DRE-003,Dresses,Gradient Boosting,83.441,67.821,99.061,12.184,True,Holiday Gifting,0.15,2099.5,175184.54
2026-12-14,DRE-004,Dresses,Gradient Boosting,98.951,73.306,124.595,20.004,True,Holiday Gifting,0.15,2652.0,262417.37
2026-12-14,DRE-005,Dresses,Gradient Boosting,96.361,72.955,119.768,18.258,True,Holiday Gifting,0.15,1768.0,170366.93
2026-12-14,DRE-006,Dresses,Gradient Boosting,88.611,60.452,116.77,21.965,True,Holiday Gifting,0.15,2677.5,237255.3
2026-12-14,DRE-007,Dresses,Seasonal Naive,38.0,20.135,55.865,13.935,True,Holiday Gifting,0.15,2677.5,101745.0
2026-12-14,DRE-008,Dresses,Gradient Boosting,89.803,74.043,105.563,12.293,True,Holiday Gifting,0.15,2482.0,222890.67
2026-12-14,DRE-009,Dresses,Gradient Boosting,92.644,71.619,113.67,16.401,True,Holiday Gifting,0.15,1598.0,148045.75
2026-12-14,DRE-010,Dresses,Gradient Boosting,85.161,63.706,106.616,16.736,True,Holiday Gifting,0.15,2643.5,225123.42
2026-12-14,KNI-001,Knitwear,Gradient Boosting,118.111,90.199,146.024,21.773,True,Holiday Gifting,0.15,909.5,107422.37
2026-12-14,KNI-002,Knitwear,Gradient Boosting,101.903,83.043,120.763,14.712,True,Holiday Gifting,0.15,2006.0,204417.1
2026-12-14,KNI-003,Knitwear,Gradient Boosting,129.63,102.259,157.0,21.35,True,Holiday Gifting,0.15,1674.5,217065.14
2026-12-14,KNI-004,Knitwear,Gradient Boosting,101.561,85.994,117.128,12.143,True,Holiday Gifting,0.15,1241.0,126037.15
2026-12-14,KNI-005,Knitwear,Gradient Boosting,110.601,69.694,151.508,31.909,True,Holiday Gifting,0.15,867.0,95890.73
2026-12-14,KNI-006,Knitwear,Gradient Boosting,84.021,66.101,101.941,13.978,True,Holiday Gifting,0.15,969.0,81416.72
2026-12-14,KNI-007,Knitwear,Gradient Boosting,120.954,103.71,138.198,13.451,True,Holiday Gifting,0.15,1555.5,188144.21
2026-12-14,KNI-008,Knitwear,Gradient Boosting,106.802,72.599,141.006,26.68,True,Holiday Gifting,0.15,918.0,98044.29
2026-12-14,KNI-009,Knitwear,Gradient Boosting,107.936,84.354,131.519,18.395,True,Holiday Gifting,0.15,1045.5,112847.34
2026-12-14,KNI-010,Knitwear,Gradient Boosting,99.931,81.352,118.51,14.492,True,Holiday Gifting,0.15,816.0,81543.63
2026-12-14,OUT-001,Outerwear,Gradient Boosting,55.578,44.996,66.16,8.254,True,Holiday Gifting,0.15,1564.0,86924.07
2026-12-14,OUT-002,Outerwear,Gradient Boosting,83.924,65.421,102.426,14.433,True,Holiday Gifting,0.15,2796.5,234692.69
2026-12-14,OUT-003,Outerwear,Gradient Boosting,50.463,40.742,60.183,7.582,True,Holiday Gifting,0.15,1878.5,94793.93
2026-12-14,OUT-004,Outerwear,Gradient Boosting,44.956,33.867,56.045,8.65,True,Holiday Gifting,0.15,2898.5,130304.45
2026-12-14,OUT-005,Outerwear,Gradient Boosting,54.903,36.721,73.086,14.183,True,Holiday Gifting,0.15,1674.5,91935.42
2026-12-14,OUT-006,Outerwear,Gradient Boosting,51.445,35.771,67.119,12.226,True,Holiday Gifting,0.15,3085.5,158732.68
2026-12-14,OUT-007,Outerwear,Gradient Boosting,55.375,35.011,75.738,15.884,True,Holiday Gifting,0.15,3850.5,213220.83
2026-12-14,OUT-008,Outerwear,Gradient Boosting,44.194,29.132,59.256,11.749,True,Holiday Gifting,0.15,2575.5,113821.9
2026-12-14,OUT-009,Outerwear,Gradient Boosting,63.634,50.03,77.238,10.611,True,Holiday Gifting,0.15,2482.0,157939.83
2026-12-14,OUT-010,Outerwear,Gradient Boosting,53.115,40.771,65.459,9.629,True,Holiday Gifting,0.15,3510.5,186459.26
2026-12-14,TOP-001,Tops,Gradient Boosting,90.564,76.566,104.562,10.919,True,Holiday Gifting,0.15,994.5,90065.86
2026-12-14,TOP-002,Tops,Gradient Boosting,76.63,58.081,95.178,14.468,True,Holiday Gifting,0.15,1343.0,102913.56
2026-12-14,TOP-003,Tops,Gradient Boosting,84.147,67.428,100.866,13.041,True,Holiday Gifting,0.15,816.0,68663.86
2026-12-14,TOP-004,Tops,Gradient Boosting,86.543,66.296,106.79,15.793,True,Holiday Gifting,0.15,1266.5,109606.86
2026-12-14,TOP-005,Tops,Gradient Boosting,89.502,65.861,113.142,18.441,True,Holiday Gifting,0.15,1198.5,107267.75
2026-12-14,TOP-006,Tops,Gradient Boosting,100.369,83.552,117.186,13.117,True,Holiday Gifting,0.15,1589.5,159536.36
2026-12-14,TOP-007,Tops,Gradient Boosting,101.187,78.18,124.194,17.946,True,Holiday Gifting,0.15,586.5,59346.07
2026-12-14,TOP-008,Tops,Gradient Boosting,82.118,58.299,105.937,18.58,True,Holiday Gifting,0.15,1504.5,123547.01
2026-12-14,TOP-009,Tops,Gradient Boosting,105.954,82.08,129.828,18.623,True,Holiday Gifting,0.15,833.0,88259.97
2026-12-14,TOP-010,Tops,Gradient Boosting,104.572,82.978,126.165,16.844,True,Holiday Gifting,0.15,603.5,63109.06
2026-12-21,ACC-001,Accessories,Gradient Boosting,152.344,115.083,189.606,29.065,True,Holiday Gifting,0.15,816.0,124312.78
2026-12-21,ACC-002,Accessories,Seasonal Naive,94.0,59.002,128.998,27.299,True,Holiday Gifting,0.15,654.5,61523.0
2026-12-21,ACC-003,Accessories,Gradient Boosting,134.705,115.149,154.261,15.254,True,Holiday Gifting,0.15,1215.5,163733.88
2026-12-21,ACC-004,Accessories,Gradient Boosting,126.305,103.058,149.553,18.134,True,Holiday Gifting,0.15,867.0,109506.57
2026-12-21,ACC-005,Accessories,Gradient Boosting,136.891,114.355,159.426,17.578,True,Holiday Gifting,0.15,714.0,97740.04
2026-12-21,ACC-006,Accessories,Gradient Boosting,161.815,118.302,205.327,33.941,True,Holiday Gifting,0.15,459.0,74272.87
2026-12-21,ACC-007,Accessories,Gradient Boosting,137.458,113.927,160.99,18.355,True,Holiday Gifting,0.15,1130.5,155396.65
2026-12-21,ACC-008,Accessories,Gradient Boosting,128.692,92.277,165.106,28.404,True,Holiday Gifting,0.15,731.0,94073.62
2026-12-21,ACC-009,Accessories,Gradient Boosting,139.663,113.952,165.374,20.056,True,Holiday Gifting,0.15,1020.0,142456.25
2026-12-21,ACC-010,Accessories,Gradient Boosting,152.545,121.015,184.074,24.594,True,Holiday Gifting,0.15,875.5,133552.8
2026-12-21,BOT-001,Bottoms,Gradient Boosting,89.245,74.006,104.484,11.887,True,Holiday Gifting,0.15,1538.5,137304.16
2026-12-21,BOT-002,Bottoms,Gradient Boosting,93.191,64.613,121.769,22.292,True,Holiday Gifting,0.15,1062.5,99015.55
2026-12-21,BOT-003,Bottoms,Gradient Boosting,95.901,77.432,114.371,14.407,True,Holiday Gifting,0.15,1156.0,110862.02
2026-12-21,BOT-004,Bottoms,Gradient Boosting,80.473,65.784,95.162,11.458,True,Holiday Gifting,0.15,1929.5,155272.28
2026-12-21,BOT-005,Bottoms,Seasonal Naive,96.0,69.052,122.948,21.02,True,Holiday Gifting,0.15,1402.5,134640.0
2026-12-21,BOT-006,Bottoms,Gradient Boosting,108.399,83.413,133.384,19.489,True,Holiday Gifting,0.15,1564.0,169535.32
2026-12-21,BOT-007,Bottoms,Gradient Boosting,97.579,74.502,120.656,18.001,True,Holiday Gifting,0.15,1632.0,159248.33
2026-12-21,BOT-008,Bottoms,Gradient Boosting,78.195,60.319,96.071,13.944,True,Holiday Gifting,0.15,1640.5,128279.26
2026-12-21,BOT-009,Bottoms,Seasonal Naive,54.0,36.787,71.213,13.427,True,Holiday Gifting,0.15,1929.5,104193.0
2026-12-21,BOT-010,Bottoms,Gradient Boosting,79.116,63.299,94.934,12.338,True,Holiday Gifting,0.15,1105.0,87423.69
2026-12-21,DRE-001,Dresses,Gradient Boosting,96.673,66.441,126.905,23.582,True,Holiday Gifting,0.15,2388.5,230903.19
2026-12-21,DRE-002,Dresses,Seasonal Naive,55.0,37.637,72.363,13.544,True,Holiday Gifting,0.15,2711.5,149132.5
2026-12-21,DRE-003,Dresses,Gradient Boosting,75.02,59.4,90.64,12.184,True,Holiday Gifting,0.15,2099.5,157504.68
2026-12-21,DRE-004,Dresses,Gradient Boosting,94.53,68.886,120.175,20.004,True,Holiday Gifting,0.15,2652.0,250694.36
2026-12-21,DRE-005,Dresses,Gradient Boosting,88.01,64.603,111.417,18.258,True,Holiday Gifting,0.15,1768.0,155601.36
2026-12-21,DRE-006,Dresses,Gradient Boosting,99.768,71.609,127.927,21.965,True,Holiday Gifting,0.15,2677.5,267129.35
2026-12-21,DRE-007,Dresses,Seasonal Naive,35.0,17.135,52.865,13.935,True,Holiday Gifting,0.15,2677.5,93712.5
2026-12-21,DRE-008,Dresses,Gradient Boosting,72.478,56.718,88.238,12.293,True,Holiday Gifting,0.15,2482.0,179890.27
2026-12-21,DRE-009,Dresses,Gradient Boosting,73.838,52.812,94.864,16.401,True,Holiday Gifting,0.15,1598.0,117992.84
2026-12-21,DRE-010,Dresses,Gradient Boosting,78.486,57.03,99.941,16.736,True,Holiday Gifting,0.15,2643.5,207476.81
2026-12-21,KNI-001,Knitwear,Gradient Boosting,113.165,85.252,141.077,21.773,True,Holiday Gifting,0.15,909.5,102923.15
2026-12-21,KNI-002,Knitwear,Gradient Boosting,97.839,78.979,116.699,14.712,True,Holiday Gifting,0.15,2006.0,196265.28
2026-12-21,KNI-003,Knitwear,Gradient Boosting,118.742,91.372,146.112,21.35,True,Holiday Gifting,0.15,1674.5,198833.38
2026-12-21,KNI-004,Knitwear,Gradient Boosting,108.08,92.513,123.647,12.143,True,Holiday Gifting,0.15,1241.0,134127.16
2026-12-21,KNI-005,Knitwear,Gradient Boosting,106.031,65.124,146.938,31.909,True,Holiday Gifting,0.15,867.0,91928.99
2026-12-21,KNI-006,Knitwear,Gradient Boosting,75.435,57.515,93.355,13.978,True,Holiday Gifting,0.15,969.0,73096.57
2026-12-21,KNI-007,Knitwear,Gradient Boosting,108.733,91.488,125.977,13.451,True,Holiday Gifting,0.15,1555.5,169133.6
2026-12-21,KNI-008,Knitwear,Gradient Boosting,112.894,78.69,147.097,26.68,True,Holiday Gifting,0.15,918.0,103636.6
2026-12-21,KNI-009,Knitwear,Gradient Boosting,103.364,79.781,126.946,18.395,True,Holiday Gifting,0.15,1045.5,108066.65
2026-12-21,KNI-010,Knitwear,Gradient Boosting,90.499,71.92,109.078,14.492,True,Holiday Gifting,0.15,816.0,73847.51
2026-12-21,OUT-001,Outerwear,Gradient Boosting,54.142,43.561,64.724,8.254,True,Holiday Gifting,0.15,1564.0,84678.51
2026-12-21,OUT-002,Outerwear,Gradient Boosting,84.275,65.772,102.778,14.433,True,Holiday Gifting,0.15,2796.5,235675.2
2026-12-21,OUT-003,Outerwear,Gradient Boosting,48.906,39.185,58.626,7.582,True,Holiday Gifting,0.15,1878.5,91869.55
2026-12-21,OUT-004,Outerwear,Gradient Boosting,43.731,32.642,54.82,8.65,True,Holiday Gifting,0.15,2898.5,126753.95
2026-12-21,OUT-005,Outerwear,Gradient Boosting,52.968,34.785,71.15,14.183,True,Holiday Gifting,0.15,1674.5,88694.82
2026-12-21,OUT-006,Outerwear,Gradient Boosting,52.514,36.84,68.188,12.226,True,Holiday Gifting,0.15,3085.5,162030.88
2026-12-21,OUT-007,Outerwear,Gradient Boosting,74.168,53.805,94.532,15.884,True,Holiday Gifting,0.15,3850.5,285585.13
2026-12-21,OUT-008,Outerwear,Gradient Boosting,45.883,30.821,60.945,11.749,True,Holiday Gifting,0.15,2575.5,118171.52
2026-12-21,OUT-009,Outerwear,Gradient Boosting,59.662,46.058,73.266,10.611,True,Holiday Gifting,0.15,2482.0,148080.79
2026-12-21,OUT-010,Outerwear,Gradient Boosting,51.461,39.117,63.805,9.629,True,Holiday Gifting,0.15,3510.5,180654.05
2026-12-21,TOP-001,Tops,Gradient Boosting,85.865,71.867,99.863,10.919,True,Holiday Gifting,0.15,994.5,85392.89
2026-12-21,TOP-002,Tops,Gradient Boosting,75.609,57.06,94.157,14.468,True,Holiday Gifting,0.15,1343.0,101542.62
2026-12-21,TOP-003,Tops,Gradient Boosting,72.232,55.513,88.951,13.041,True,Holiday Gifting,0.15,816.0,58941.33
2026-12-21,TOP-004,Tops,Gradient Boosting,76.212,55.966,96.459,15.793,True,Holiday Gifting,0.15,1266.5,96523.01
2026-12-21,TOP-005,Tops,Gradient Boosting,73.952,50.311,97.593,18.441,True,Holiday Gifting,0.15,1198.5,88631.46
2026-12-21,TOP-006,Tops,Gradient Boosting,102.168,85.351,118.984,13.117,True,Holiday Gifting,0.15,1589.5,162395.63
2026-12-21,TOP-007,Tops,Gradient Boosting,92.631,69.624,115.638,17.946,True,Holiday Gifting,0.15,586.5,54328.1
2026-12-21,TOP-008,Tops,Gradient Boosting,86.296,62.477,110.115,18.58,True,Holiday Gifting,0.15,1504.5,129832.53
2026-12-21,TOP-009,Tops,Gradient Boosting,104.214,80.34,128.088,18.623,True,Holiday Gifting,0.15,833.0,86810.07
2026-12-21,TOP-010,Tops,Gradient Boosting,96.922,75.329,118.516,16.844,True,Holiday Gifting,0.15,603.5,58492.64
2026-12-28,ACC-001,Accessories,Gradient Boosting,131.051,93.79,168.313,29.065,True,Holiday Gifting,0.15,816.0,106937.94
2026-12-28,ACC-002,Accessories,Seasonal Naive,94.0,59.002,128.998,27.299,True,Holiday Gifting,0.15,654.5,61523.0
2026-12-28,ACC-003,Accessories,Gradient Boosting,116.385,96.829,135.94,15.254,True,Holiday Gifting,0.15,1215.5,141465.41
2026-12-28,ACC-004,Accessories,Gradient Boosting,122.074,98.827,145.322,18.134,True,Holiday Gifting,0.15,867.0,105838.57
2026-12-28,ACC-005,Accessories,Gradient Boosting,126.678,104.143,149.214,17.578,True,Holiday Gifting,0.15,714.0,90448.44
2026-12-28,ACC-006,Accessories,Gradient Boosting,167.837,124.325,211.35,33.941,True,Holiday Gifting,0.15,459.0,77037.39
2026-12-28,ACC-007,Accessories,Gradient Boosting,138.812,115.281,162.343,18.355,True,Holiday Gifting,0.15,1130.5,156926.86
2026-12-28,ACC-008,Accessories,Gradient Boosting,162.633,126.218,199.047,28.404,True,Holiday Gifting,0.15,731.0,118884.42
2026-12-28,ACC-009,Accessories,Gradient Boosting,138.449,112.738,164.161,20.056,True,Holiday Gifting,0.15,1020.0,141218.1
2026-12-28,ACC-010,Accessories,Gradient Boosting,129.629,98.099,161.158,24.594,True,Holiday Gifting,0.15,875.5,113489.98
2026-12-28,BOT-001,Bottoms,Gradient Boosting,91.114,75.875,106.353,11.887,True,Holiday Gifting,0.15,1538.5,140179.05
2026-12-28,BOT-002,Bottoms,Gradient Boosting,110.523,81.945,139.101,22.292,True,Holiday Gifting,0.15,1062.5,117430.38
2026-12-28,BOT-003,Bottoms,Gradient Boosting,99.101,80.631,117.571,14.407,True,Holiday Gifting,0.15,1156.0,114561.01
2026-12-28,BOT-004,Bottoms,Gradient Boosting,75.066,60.377,89.755,11.458,True,Holiday Gifting,0.15,1929.5,144839.98
2026-12-28,BOT-005,Bottoms,Seasonal Naive,58.0,31.052,84.948,21.02,True,Holiday Gifting,0.15,1402.5,81345.0
2026-12-28,BOT-006,Bottoms,Gradient Boosting,97.05,72.064,122.035,19.489,True,Holiday Gifting,0.15,1564.0,151785.46
2026-12-28,BOT-007,Bottoms,Gradient Boosting,89.949,66.872,113.026,18.001,True,Holiday Gifting,0.15,1632.0,146796.36
2026-12-28,BOT-008,Bottoms,Gradient Boosting,71.849,53.973,89.725,13.944,True,Holiday Gifting,0.15,1640.5,117867.59
2026-12-28,BOT-009,Bottoms,Seasonal Naive,45.0,27.787,62.213,13.427,True,Holiday Gifting,0.15,1929.5,86827.5
2026-12-28,BOT-010,Bottoms,Gradient Boosting,62.763,46.946,78.581,12.338,True,Holiday Gifting,0.15,1105.0,69353.58
2026-12-28,DRE-001,Dresses,Gradient Boosting,80.229,49.997,110.461,23.582,True,Holiday Gifting,0.15,2388.5,191626.14
2026-12-28,DRE-002,Dresses,Seasonal Naive,41.0,23.637,58.363,13.544,True,Holiday Gifting,0.15,2711.5,111171.5
2026-12-28,DRE-003,Dresses,Gradient Boosting,66.655,51.034,82.275,12.184,True,Holiday Gifting,0.15,2099.5,139941.15
2026-12-28,DRE-004,Dresses,Gradient Boosting,88.307,62.662,113.952,20.004,True,Holiday Gifting,0.15,2652.0,234190.72
2026-12-28,DRE-005,Dresses,Gradient Boosting,84.92,61.513,108.327,18.258,True,Holiday Gifting,0.15,1768.0,150138.87
2026-12-28,DRE-006,Dresses,Gradient Boosting,80.812,52.653,108.971,21.965,True,Holiday Gifting,0.15,2677.5,216374.75
2026-12-28,DRE-007,Dresses,Seasonal Naive,36.0,18.135,53.865,13.935,True,Holiday Gifting,0.15,2677.5,96390.0
2026-12-28,DRE-008,Dresses,Gradient Boosting,67.727,51.966,83.487,12.293,True,Holiday Gifting,0.15,2482.0,168097.48
2026-12-28,DRE-009,Dresses,Gradient Boosting,67.819,46.793,88.845,16.401,True,Holiday Gifting,0.15,1598.0,108375.01
2026-12-28,DRE-010,Dresses,Gradient Boosting,74.49,53.034,95.945,16.736,True,Holiday Gifting,0.15,2643.5,196913.05
2026-12-28,KNI-001,Knitwear,Gradient Boosting,111.557,83.645,139.47,21.773,True,Holiday Gifting,0.15,909.5,101461.36
2026-12-28,KNI-002,Knitwear,Gradient Boosting,98.081,79.221,116.942,14.712,True,Holiday Gifting,0.15,2006.0,196751.02
2026-12-28,KNI-003,Knitwear,Gradient Boosting,120.734,93.364,148.105,21.35,True,Holiday Gifting,0.15,1674.5,202169.82
2026-12-28,KNI-004,Knitwear,Gradient Boosting,96.23,80.663,111.797,12.143,True,Holiday Gifting,0.15,1241.0,119421.12
2026-12-28,KNI-005,Knitwear,Gradient Boosting,94.404,53.497,135.311,31.909,True,Holiday Gifting,0.15,867.0,81848.49
2026-12-28,KNI-006,Knitwear,Gradient Boosting,78.692,60.772,96.613,13.978,True,Holiday Gifting,0.15,969.0,76253.01
2026-12-28,KNI-007,Knitwear,Gradient Boosting,117.842,100.598,135.087,13.451,True,Holiday Gifting,0.15,1555.5,183303.9
2026-12-28,KNI-008,Knitwear,Gradient Boosting,96.046,61.843,130.249,26.68,True,Holiday Gifting,0.15,918.0,88170.24
2026-12-28,KNI-009,Knitwear,Gradient Boosting,102.762,79.18,126.345,18.395,True,Holiday Gifting,0.15,1045.5,107438.15
2026-12-28,KNI-010,Knitwear,Gradient Boosting,89.497,70.918,108.076,14.492,True,Holiday Gifting,0.15,816.0,73029.46
2026-12-28,OUT-001,Outerwear,Gradient Boosting,46.751,36.169,57.333,8.254,True,Holiday Gifting,0.15,1564.0,73118.31
2026-12-28,OUT-002,Outerwear,Gradient Boosting,80.216,61.713,98.718,14.433,True,Holiday Gifting,0.15,2796.5,224323.34
2026-12-28,OUT-003,Outerwear,Gradient Boosting,46.721,37.0,56.441,7.582,True,Holiday Gifting,0.15,1878.5,87764.92
2026-12-28,OUT-004,Outerwear,Gradient Boosting,41.788,30.699,52.877,8.65,True,Holiday Gifting,0.15,2898.5,121122.12
2026-12-28,OUT-005,Outerwear,Gradient Boosting,51.802,33.619,69.984,14.183,True,Holiday Gifting,0.15,1674.5,86742.14
2026-12-28,OUT-006,Outerwear,Gradient Boosting,42.875,27.201,58.549,12.226,True,Holiday Gifting,0.15,3085.5,132291.78
2026-12-28,OUT-007,Outerwear,Gradient Boosting,67.367,47.004,87.731,15.884,True,Holiday Gifting,0.15,3850.5,259397.5
2026-12-28,OUT-008,Outerwear,Gradient Boosting,43.493,28.431,58.555,11.749,True,Holiday Gifting,0.15,2575.5,112016.13
2026-12-28,OUT-009,Outerwear,Gradient Boosting,64.366,50.762,77.97,10.611,True,Holiday Gifting,0.15,2482.0,159756.54
2026-12-28,OUT-010,Outerwear,Gradient Boosting,49.921,37.577,62.265,9.629,True,Holiday Gifting,0.15,3510.5,175246.94
2026-12-28,TOP-001,Tops,Gradient Boosting,80.106,66.108,94.104,10.919,True,Holiday Gifting,0.15,994.5,79665.66
2026-12-28,TOP-002,Tops,Gradient Boosting,73.08,54.532,91.629,14.468,True,Holiday Gifting,0.15,1343.0,98146.9
2026-12-28,TOP-003,Tops,Gradient Boosting,74.372,57.653,91.091,13.041,True,Holiday Gifting,0.15,816.0,60687.84
2026-12-28,TOP-004,Tops,Gradient Boosting,77.584,57.338,97.831,15.793,True,Holiday Gifting,0.15,1266.5,98260.71
2026-12-28,TOP-005,Tops,Gradient Boosting,67.442,43.801,91.083,18.441,True,Holiday Gifting,0.15,1198.5,80829.24
2026-12-28,TOP-006,Tops,Gradient Boosting,92.375,75.558,109.192,13.117,True,Holiday Gifting,0.15,1589.5,146830.24
2026-12-28,TOP-007,Tops,Gradient Boosting,87.01,64.003,110.017,17.946,True,Holiday Gifting,0.15,586.5,51031.29
2026-12-28,TOP-008,Tops,Gradient Boosting,73.689,49.87,97.508,18.58,True,Holiday Gifting,0.15,1504.5,110864.73
2026-12-28,TOP-009,Tops,Gradient Boosting,101.332,77.458,125.207,18.623,True,Holiday Gifting,0.15,833.0,84409.97
2026-12-28,TOP-010,Tops,Gradient Boosting,88.412,66.819,110.005,16.844,True,Holiday Gifting,0.15,603.5,53356.63
